OTU;E10A;E10B;E10C;E10D;E11A;E11B;E11C;E11D;E12A;E12B;E12C;E12D;E13A;E13B;E13C;E13D;E14A;E14B;E14C;E14D;E15A;E15B;E15C;E15D;E16A;E16B;E16C;E16D;W09A;W09B;W09C;W09D;W10A;W10B;W10C;W10D;W11A;W11B;W11C;W11D;W12A;W12B;W12C;W12D;W13A;W13B;W13C;W13D;W14A;W14B;W14C;W14D;W15A;W15B;W15C;W15D
OTU0001;0;0;0;0;0;2.666666667;0;0.333333333;0;0;0;0;0;0.333333333;0;0;0;0;0;0;0;3.333333333;0;0;0;0;0;0;0;0;0;1;0;0;3;0;0;2;0;0;0;0;0;0;0;0;0;0;0;0;0;0;0;0;0;0
OTU0002;2;6;4.333333333;2.666666667;13;0;1;5.666666667;6.666666667;1;1;4.666666667;19.66666667;0.666666667;22.66666667;1;6.333333333;0;2;2.333333333;2;3.333333333;0.666666667;0.666666667;4.333333333;0;0;0.666666667;6.666666667;3;0;0.666666667;4.333333333;0;0.333333333;1.333333333;8;1.666666667;1;4;6.666666667;1.333333333;0.666666667;4;7.666666667;1;1.666666667;0.666666667;17;0;3.333333333;1.333333334;1;3.666666667;3;0.333333333
OTU0003;8.333333333;17.33333333;19.33333334;15.66666667;10.33333333;0;10.33333333;14.66666666;31;4.666666666;10.66666667;10.66666667;12.66666667;7;14;15.33333333;19.33333334;10.33333333;29.66666666;17;32.66666667;17.66666667;24.66666667;17.66666667;32.33333334;19;22.66666667;35.66666667;2;22;11;8;6.666666667;9.666666667;5;5.666666667;6;8;6.999999999;5.666666667;15.66666667;13;1.333333333;9.333333333;10.66666666;7.666666666;9;7.666666666;17.66666666;8;9;23;7.333333333;20.66666667;9.333333333;13
OTU0004;0.666666667;0.333333333;0.666666667;0;0.333333333;0;0;0;0;0;0;0;1.333333333;0;0;0;0;0.333333333;5.666666667;2.666666667;3.666666666;1.666666667;6.333333333;1;0;5.333333333;7.666666667;0;0;0;0.666666667;0;0;9;0;0;0.666666667;0;0.666666667;0;1.333333333;1.666666666;0;0;0;0;0;0;0;2.333333333;4.666666667;13;0.333333333;9;0;0
OTU0005;0;0;0;0;0;6;0;0;0;17.33333333;0;0;0;2.666666667;0;0;0;0;0;0;0;0;0;0;0;0;0;0;0;0;0;0.333333333;0;44;0;0;0;11.66666667;0;0;0;4.666666667;0;0;0;0;0;0.333333333;0;0.666666667;0;0;0;0;0;0
OTU0006;0;0;0;0;0;0;0;0;0;0;0;0;0;0;0;0;0;0;1.666666667;0;0;1;0;0.666666667;0;2.666666667;0;0;0;0;0;0;0;0;0;0;0;0;0;0;0;0;0;0;0;0;0;0;0;6.666666667;2;2;0;0.666666667;0;0
OTU0007;0.666666667;1;0;0.666666667;0;70;0.666666667;0.666666667;0;98.66666667;1;0;0;17.66666667;0.666666667;0;0;3.333333333;3;1.666666667;0;0;0;0;0;8;0;0;0;3;0;0;0;114.3333333;0;3.333333333;1.666666667;11.33333333;0.333333333;3.333333333;1.666666667;83.33333333;8.333333333;15.66666667;0;14;0;10.33333333;0;110.6666667;3.666666667;17.33333333;0;6;0.333333333;4.666666667
OTU0008;3;10.33333333;19;15.33333333;0;0;0;0.666666667;2.333333333;0;2.333333333;1.333333333;0;0;0;4.666666667;0.666666667;0;0;0;0;0;0;0;0;0;0;8.333333333;0.333333333;0;12;0;0;0;0;0;0;0;0;0;4.333333333;0;0;0;14.33333333;0;0;0;0;0;0;0;0.333333333;0;1.333333333;0
OTU0009;0;2.666666667;4;0;0;0;0;0;0;0;0;0;0;0;0;0;0;0;0;0;0;0;0;0;0;0;0;0;0;0;0;0;0;0;0;0;0;0;0;0;0;0;0;0;0;0;0;0;1;0;0;0;0;0;0;0
OTU0010;23.33333333;137.3333333;78;128;33.33333333;4;21.33333333;56.33333333;81.33333333;102.6666667;29.33333333;38.33333333;28.66666667;9.333333333;10.66666667;19;17.66666667;18.66666667;14;18;18;29.66666667;7;32.33333333;38.66666667;4.333333333;20.66666667;13.33333333;21;149.5;6;6;49;6.333333333;17.33333333;17;19;14;11.33333333;23;13.33333333;4.666666667;9.666666667;16.66666667;0;7;4;7.666666667;7;0;6;12;6.666666667;13;23.33333333;9.333333333
OTU0011;18.33333333;0;0;4.333333333;2.333333333;0;13.33333333;0;2.666666667;25.33333334;2.666666667;2.666666667;0;0;2.333333333;0.333333333;2.333333333;0;3.666666667;0;0.666666667;0;0;0.666666667;3.666666666;0;0;3.333333333;9.333333333;1.5;0;0;0;0;0;0.666666667;1.666666667;0;0;0;0;0;0;0;0;0;0;0;0;0;0;1;0;0;0;0
OTU0012;120;221;125;184.3333333;78;8.666666667;168.6666667;300.3333333;393.3333333;37.33333333;158.6666667;169;155.3333333;18.33333333;81.66666667;115;99;41.66666667;46;67;105;37.66666667;43;87.66666667;166.6666666;54.33333333;81.66666667;99.66666667;211.6666667;133;95.33333334;101;276;36;53;36.66666667;170.3333334;68.33333333;214.6666667;77;95.66666667;32;21.33333333;106.3333333;37.66666667;0;8;19.66666667;182;25.33333333;32;106.6666667;26.66666667;34;89.33333333;34
OTU0013;0;4;1;0;0;6.333333333;0;2.666666667;0;7.666666667;3;0;0;0;0;0;0;8;0;0;0;0;0;0;0;0;0;0;0;0;0;1.666666667;0;0;0;0;0;2.666666667;0;0;5;0;0;0;0;0;0;0;1.666666667;0;0;0;0;0;0;0
OTU0014;0;0;0;0.666666667;1.333333333;0;46.33333333;0;15.33333333;0;4.666666667;0;0;0;0;0;0;0;0;0;1.333333333;0;0;4;1.666666667;0;3;4;2.666666667;0;0;0;0;0;0;0;0;0;0;0;0;0;0;0;0;0;0;0;0;0;0;0;0;0;0;0
OTU0015;23.33333333;77.33333333;30.66666667;189.3333333;25;4.666666667;43;42.33333333;87.33333333;15.33333333;29.66666667;34;45;0;4.666666667;21.66666667;16.33333333;2;6.333333333;1;21.66666667;5.666666667;2.333333333;5;11.33333333;0;6.333333333;25.66666667;12;161.5;42.66666667;11.33333333;58;0;12;4;25.33333333;5.666666667;51;2;46.66666667;0;2.333333333;0;2.666666667;0;2.666666667;3.666666667;19.66666667;1.666666667;4.333333333;4.666666667;7.333333333;2.333333333;17.33333333;2
OTU0016;1;4.666666667;2.333333333;0;0;0;8.333333333;0;8;32.33333333;2.333333333;0;0;0;0;0;0.333333333;0;0;1.666666667;0;0;0;4.333333333;0;3;0;0;0;2;0;0;0;0;0;0;0;0;8.333333333;0;0.666666667;0;0;0;0;0;0;0;6;0;0;7.333333333;0;0;0;0
OTU0017;129.6666667;734.6666667;458.9999999;589.6666667;137.3333333;34;370.6666667;355.3333334;591.6666667;361.6666666;285;253;192.6666667;11;98.66666667;231.6666666;77.33333334;51;146;86.99999999;272.3333333;113.3333333;65.66666667;307.3333334;158;97.66666666;231;220;102;452.5;185.3333333;172.6666667;287.3333334;45.33333334;60;148.3333333;180.6666667;88.33333333;244.6666667;246.3333333;178.6666667;74.66666666;30.66666666;274.3333334;52.33333333;30.66666667;55.66666666;83;160.3333333;48.33333333;172.3333333;248.6666667;77.66666666;52;199.3333333;99.33333334
OTU0018;0;0;0;0;0;0;0;0;0;28.33333333;0;0;0;0;0;0;0;0;0;0;0;0;0;0;0;0;0;0;0;0;4.666666667;0;0;0;0;0;0;3;0;0.333333333;0;3;0;0;0;0;0;0;0;0;0;0;0;0;0;0
OTU0019;25.66666667;374.3333333;245.6666666;454;27.66666667;44.33333333;171;129;53;317.6666667;132.3333333;93.66666668;48;63;96;81;14.66666667;88;55;48;12;11.66666667;45;36.33333333;76;82.66666666;73.33333333;24.66666666;23;359;336.3333334;303.6666666;173;112;138.6666667;115.3333333;37.66666667;276.6666667;133;346.6666667;26.33333334;254;77.66666667;242.3333333;55.66666667;32.66666667;62;89.33333334;25.66666667;69.33333333;29.66666667;114.3333334;13;18;149.6666666;84.33333333
OTU0020;1.333333333;2.333333333;5.333333333;3.333333333;2;0;8;0.333333333;9;0;5;4;0.666666667;0;0;0;0;0;0;0;0;2.333333333;0;1.666666667;0;0;0;3.666666667;8;2;0;0;0;0;0;0;0;0;3;0;1;0;0;0;0;0;0;0;0;0;0;0;0;0;0;0
OTU0021;1.666666667;0;0;0;0;0;0;0;0;0;0;0.666666667;0;3.666666667;0;0;0;1.666666667;8;14.33333333;0;6.333333333;0;4.666666667;0;5.333333333;1;0;0;0;0;0;0;0;1.333333333;2;2.666666667;0;0;0;0;16.33333333;0;0.333333333;0;14.33333333;0.666666667;1.333333333;0;13;9;0;1;0;2;0
OTU0022;1.666666667;0;3.333333333;0;0;0;0;0;0;0;7;0;0;0;0;0;1.333333333;0;0;1;6.333333333;0;0;0;5;0;0;11;0;0;0;0;0;0;0;0;0;0;0.666666667;0;0;0;0;0;0;0;0;0;0;0;0;0.666666667;0;0;0;0
OTU0023;0;0;0.333333333;0;0;0;0;0;0;0;0;0;0;0;0;0;0;0;0;0;0;0;0;0;0;0;0;0;0;0;0;0;0;0;0;0;0;0;0;0;0;0;0;0;0;0;0;0;0;0;0;0;0;0;0;0
OTU0024;6;9.666666667;1.333333333;29;3;0;1.666666667;5.666666667;18;0;0;0;1.666666667;0;0;0.333333333;0.333333333;0;0;0;0;0;0;0;0;2.333333333;0;0;0.666666667;36.5;1;0;4.666666667;1.666666667;0;0;0;0;0;0.333333333;2;0;0;0;0;0;0;0;0;0;0;0;0;0;0;0
OTU0025;49.33333333;135;84.66666666;85.33333333;20.66666666;18.66666667;35.33333333;29;71.33333334;33.66666667;43.33333333;32.33333334;59.33333333;1.333333333;3.333333333;14.66666667;30;9.333333333;17.33333333;19.33333333;94.33333333;13.33333333;4.333333333;20;49.33333333;16;24;14.33333333;25.33333333;102.5;34.66666666;51.33333333;43;9.666666667;5.333333334;14;31.66666667;25;18.33333333;13.66666667;18.33333333;25;7;11;13;10.66666667;5.333333333;10.33333333;86.33333333;31;39.33333334;24;18.66666667;18.66666666;20.66666667;16.66666667
OTU0026;0;1.333333333;6;0;2.333333333;0;28;7;0;50.33333333;19.66666667;34.33333333;0;9.666666667;46.66666667;3.333333333;0;48.66666667;78.33333333;17.33333333;0;0;23.33333333;22;0;17.33333333;11;7.333333333;0;32.5;21;89;0;15;14.33333333;19;0.666666667;68.33333333;27.33333333;7;0;30.66666667;7;18.66666667;0;12;2.666666667;16;1.666666667;14.66666667;17.66666667;17.66666667;0;8;1.666666667;34
OTU0027;0.666666667;0;13.66666667;0;0;56.33333334;7;0;7.333333333;0;3.666666667;0;0.666666667;0;8;2.666666667;0;2;0;0;0;0;0;0;1.666666667;0;0;0;0;0;0;1.666666667;17;34;18.66666667;0;0;10.66666667;2.333333333;3;0;21.66666667;1.666666667;15.33333333;0;0;25;6.333333333;0;6.666666667;0;3.666666667;0;0;0;0.333333333
OTU0028;0;0;0;0;0;0;0;0;0;0;0;0;0;0;0;0;0;0.333333333;0;0;0;0;0;0;0;0;0;0;0;6;0;0;0;0;0;0;0;0;0;0;0;0;0;0;0;0;0;0;0;0;0;0;0;0;0;0
OTU0029;12.66666667;10;67.66666667;5.666666667;37;439.6666667;98;92.33333333;27.66666667;229.6666666;60.33333333;41.33333333;37.33333333;96.66666667;131.3333333;95.66666666;28;76;39;13.33333333;24.33333333;57.33333333;36;24;29;43.33333333;32;47.66666666;47.33333333;4.5;169;254;37.66666666;315;151;68;15;282;96.33333333;101;31.66666667;90.66666666;72.66666667;35;27.66666666;19.66666667;88;54.33333334;14.66666667;27.33333333;13;7;29.33333333;40;35.66666667;43.33333333
OTU0030;0.666666667;0;0;0;1.333333333;0;0;0;0;0;0;0;0.333333333;0;0;0;0;0;6.666666667;0;2.666666667;0;0;0;0;0;0;2;0.666666667;0;0;0;0;0;0;0;0;0;0;0;0;0;0;0;0;0;0;0;0;0;0;0;0;0;0;0
OTU0031;0;0;1.666666667;0;0.666666667;20.66666667;0;0.666666667;0;7.666666667;2.666666667;0;1.333333333;38.33333333;2.666666667;0;0;13.33333333;13.66666667;5.666666667;0;6.333333333;4;1.333333333;1.333333333;3;4.333333334;2.666666667;0;0;0;1;0;28.33333333;5;0;0;1.666666666;0;4;1.333333333;56.33333333;38.66666667;0;0;16.33333333;3.333333333;14;0;49;2.666666667;2.666666667;3;0;0.333333333;1.333333333
OTU0032;110.3333333;80.66666667;376.3333333;174;162;49.66666667;226.6666667;200.3333333;71;42.66666667;116.3333333;138;100.6666667;87.66666667;244.3333333;187;72.66666667;136.3333333;136;68.33333333;173.6666667;122.6666667;75.66666667;75;76.33333333;62.33333333;152;101.6666667;189.3333333;260;535.3333333;332;275.6666667;48;584.6666667;218.6666667;67.33333333;272.3333333;325.6666667;347;82;48.66666667;132;112;133.6666667;56.33333333;249;125;118;18.66666667;78;40.33333333;129.6666667;76;196.6666667;102
OTU0033;6.666666667;0;0;0;0;0;0;0;0;0;0;13;0;0;0;0;4;0;6;16.66666667;10.33333333;3;5.666666667;12;0;27.33333333;1.666666667;7;0;1;0;0.666666667;0;1;0.666666667;0;0;0;0;0;0;0;0;0;0.333333333;1;0;0;0;0;0.333333333;2.333333333;0;16.66666667;0;0
OTU0034;509.3333333;478.6666666;1248;447.3333334;1297.333333;175.3333333;1273.666667;1125;594.6666667;731.3333334;926.3333334;1392.333333;893.6666668;759.6666667;970.3333334;1007.666667;745.6666667;543;836;603;779.6666666;590.3333334;578.6666666;658.6666667;655.3333334;766.3333334;1078.666667;790.3333333;873.3333334;513.5;1202;1191;615.9999999;725.6666667;972.3333334;822.6666666;464.3333334;1039;905;810;633.6666667;659.9999999;690.6666667;825;1065.666667;611;905.6666666;964.9999999;653.9999999;357;573;462.6666667;634.6666666;1167;765.3333334;940.6666667
OTU0035;44.33333333;2;1;5.666666667;55;7;0;2.666666666;0.666666667;3;4;78.66666666;0;20.33333333;10.66666667;5.666666667;39;2.666666667;40;95.66666667;52;34.33333333;16.33333334;30.66666667;51;98.33333333;18;20.66666667;7.666666667;1.5;1;5.333333333;0.333333333;6.333333333;11.33333333;21;82.66666666;0;2.333333333;9;8.666666666;20.66666666;36;11;32.66666667;52.33333334;31.66666667;44.66666667;23.66666667;59;44.66666666;28.33333334;17;36;23;35.66666666
OTU0036;40.33333333;2.666666667;38.66666667;20;32;117.6666667;14;47;35.66666667;1.333333333;52.33333333;34.33333333;14.33333333;53;63.66666666;79.66666667;56.66666667;34;34.33333333;36.33333333;23.66666667;37.66666667;11.33333333;36.33333333;40.33333333;10.66666667;31;33.66666666;29;0;82.66666667;22.33333333;39.66666667;31;83.66666666;50.66666666;82.66666666;2.666666667;28.33333333;80.33333333;31.66666666;45.00000001;57.33333333;7.333333333;88;18.33333333;67.66666667;39;21;16.33333333;49.66666667;15.33333334;20;11.33333333;32.66666667;1
OTU0037;336.6666667;273.6666667;416.6666667;485.3333333;278.3333333;53;314.6666667;479.3333333;554.6666667;99;598.6666666;337;336.3333333;136.6666667;216.3333333;246.3333333;312;119.6666667;191.3333333;176;219;150.6666667;114;275.3333333;375;78.33333333;237;344.6666667;155.3333333;158;273.3333333;160;418.6666667;66.66666667;164.3333334;183.3333333;270;64.33333333;375;251.3333333;304;123.3333333;141;130.3333333;206.6666667;80;147;174.6666667;352;82.33333333;152.6666667;112;169.6666667;152;314;126.3333333
OTU0038;817.3333333;336.3333333;564.3333333;298.3333333;459.6666667;57.66666667;665.3333333;544.3333333;419;139.3333333;384;595.3333333;399.6666667;251;567.6666667;522;418.6666667;271.6666667;425.3333333;351.3333333;423.6666667;418;293.6666667;380.6666667;242.3333333;684.6666667;521.6666667;349;681.6666667;599;349.6666667;350;689.3333333;98.33333333;520.3333333;427;540.6666667;147;374.6666667;412.3333333;372;111.6666667;274;321.3333333;599.6666667;688.6666667;616;529.3333333;334;312;546.6666667;201.6666667;421.6666667;826.6666667;320.6666667;407.3333333
OTU0039;17.33333333;9.666666667;5.333333333;0.666666667;7;200;23.66666667;14.66666667;0;88.33333333;18.33333333;27.33333334;21.66666667;128.6666667;35.66666667;30;18.33333333;26;52;59.66666667;47.66666667;48.33333333;50.33333334;57.66666667;33;31.33333333;71;47.66666666;6;1;13.33333333;16;0;126.6666667;19.66666667;33.33333333;24.33333334;1.666666667;4.666666667;26.66666666;5.333333333;79;49;6.666666667;22.66666666;11.66666667;10.66666667;24;5.666666667;132;89.33333334;70;26.33333333;21.33333333;40.33333333;50
OTU0040;823.3333333;934.3333334;871.6666667;618.6666666;764.3333333;494.3333334;1229;737.3333333;1001.666667;616.3333333;1259.666667;833.0000001;657.6666667;500;856.0000001;616.6666667;983.6666667;699;892.6666666;858.6666667;1782.666667;982.3333333;1658.666667;1223;1124.666667;1327;1723;1326;661.9999999;1500.5;780.3333334;589.3333333;544.3333334;798.9999999;1013.333333;703.9999999;1251.666667;378.6666667;832;702.3333333;677.9999999;786.3333333;444.3333333;689.6666666;859.3333334;659.9999999;574.6666666;613.3333334;780.3333334;1083.333333;1278;992.6666666;744;699.6666667;673.6666666;791.6666667
OTU0041;0;0;0;0;0;24.33333333;0;0;0;0;0;0;0;3.333333333;0;0;0;0;0;0;0;1;0;0;0;0;0;0;0;0;0;0;0;2.333333333;0;0;0;0;0;0;0;2.666666667;0;0;0;3;0;1.666666667;0;2.666666667;0;0;0;0;0;0
OTU0042;0;0;0;0;0;3.333333333;0;0;0;3.666666667;0;0;0;0;0;0;0;0;0;0;0;0;0;0;0;0;0;0;0;0;0;0;0;3;0;0;0;0;0;0;0;0;0;0;0;0;0;0;0;0;0;0;0;0;0;0
OTU0043;0;0;0;0;0;0;0;0;0;0;0;0;0;0;0;0;0;0;0;2;0;0;0;0.666666667;0;0;0;0;0;0;0;0;0;0;0;0;0;0;0;0;0;0;0;0;0;0;0;0;0;0;0;0;0;0;0;0
OTU0044;0;0;0;0;0;0;0;0;0;0;0;0;0;0;0;0;0;0;0;0;0;0.333333333;0;0;0;0;0;0;0;0;0;0;0;0.666666667;0;0;0;0;0;0;0;0.666666667;0;0;0;0;0;0;0;2;0.333333333;0;0;0;0;0
OTU0045;13.33333333;0;1.666666667;0;21.33333333;10.66666666;5.333333333;5.333333333;0;2.333333333;6.333333333;11.33333333;8.666666667;2.666666667;30;12;17.33333334;6;6.666666666;5.333333334;32.66666666;19;42.33333334;6;3.333333333;6;20.66666666;16.33333333;22;0;46;0.666666667;2.333333333;10;0;16.66666667;9.333333334;0;10.33333333;0;17.33333333;6;4.666666667;6;45.33333334;16;8.333333333;8;26;11;25.66666666;11.33333333;50.33333334;22.33333333;5.666666667;6.666666667
OTU0046;112;365.3333333;515.3333333;220;187;51.66666667;412;176.3333333;169.3333333;112.3333333;338;185.6666667;138.6666667;100;198;232.3333333;106.3333333;117;125;60.66666667;201;100.6666667;271;101.3333333;137.6666667;28.33333333;133;143;195;269.5;272;203.6666667;287;54;240.6666667;164.6666667;158.3333333;117;442.6666667;239.3333333;194;120.3333333;103;19;214.3333333;32.33333333;140.6666667;78.33333333;144.6666667;39.33333333;72.66666667;93.33333333;136.6666667;55.33333333;115.6666667;39.33333333
OTU0047;1213;2036.666667;1543.666667;1483.333333;1370.666667;1541.333333;1843.666667;1712;1504.666667;2671.333333;2236;1577.333333;1896.666667;1374;1645.666667;1313;1277;1144.666667;1485.333333;1154.666667;1764.333333;1379.333333;1275.333333;1338.333333;1417.333333;1778.333333;1621.333333;1711;1298.333333;1860;1539;1985;1818;1827.333333;1718;1626.333333;1529.666667;1345.666667;1989.333333;2464.666667;1753;1798;1517.333333;2197.666667;1521.666667;1168.333333;2443.333333;1624.666667;1601.333333;2288.666667;1572.666667;2178.333333;1172;1330.333333;1519.666667;1631.333333
OTU0048;13;40.33333334;9;21;96.33333333;11.33333333;17.33333333;27;0.666666667;34.66666666;7.666666667;58;50.66666666;106.6666667;108.6666667;20;50.33333333;82.66666666;42.33333333;22.33333333;17.33333333;15.33333334;12.33333333;37.66666666;53;47;27.33333333;17.66666667;83;10.5;115;65.66666667;46.33333334;48.33333333;156.3333333;89.66666667;52.33333333;11.33333334;38;42.33333333;113.3333333;61.33333333;74.66666667;7.666666667;156;20.66666666;82.66666667;41;20.33333333;48.33333333;20;18.33333333;43;26.66666667;56.66666666;30.33333333
OTU0049;0;0;0;4.666666667;0;0.666666667;2;0.333333333;0;8.666666667;0;0;0;0;0;3.666666667;4;2;0.666666667;1.666666667;0;2;3.333333333;0;2.333333333;0.666666667;0;4.333333333;0.666666667;2.5;0.666666667;3.666666667;0;5.333333333;0;2.333333333;0;19.66666667;2.333333333;2.666666667;1.333333333;4.333333333;3;5;2.333333333;0;5;0;1;0;0;1.333333333;0;0;3.666666666;1
OTU0050;22.33333333;1;1.666666667;3.333333333;26;0;3;2;0.666666667;0;1.666666667;9.333333333;0;7.666666667;12;3;20;5;6.333333333;10.66666667;6.333333333;12.66666667;11.33333333;19;14.33333333;30.66666667;14.33333333;4.333333333;9;0;6.666666667;2.666666667;0;1.333333333;8.333333333;9;6.666666667;0.666666667;2.666666667;1;5.333333333;1;9.333333333;1.666666667;15;25.33333333;26;6.666666667;4.333333333;52.33333333;13.33333333;20.66666667;9.666666667;78.33333333;3;18.33333333
OTU0051;1.333333333;0;8;0;0.666666667;2;2;4;0;0;0.333333333;4;2.333333333;1.333333333;4.666666667;1;0;2.666666667;0;0;0;0;0;3;0;2.333333333;0.333333333;0;0;3;9.666666667;31.33333334;4.666666667;4.666666667;6;0.333333333;0.666666667;25.33333333;3;1.666666667;0;9;5.333333333;1;2.333333333;0.666666667;6.333333333;1;0;2.333333333;0;0;0;3.666666666;0;1
OTU0052;4;0;4;0;2;1;6;9.666666667;7.333333333;1;16.33333333;4.666666667;6;2.333333333;4.333333333;7;7.666666667;1;6.333333333;3.666666666;31.66666667;0;24.33333333;0.333333333;7;6;4;30.66666667;4;0;0.333333333;2.666666667;1.333333333;3.666666667;5.666666667;9.666666667;2.333333333;0;4.333333333;11.66666667;6.333333333;3.666666667;3.666666667;4.666666667;8.333333333;0;3.333333333;1.333333333;16.66666667;0;0;0;28.66666667;5.666666666;8.333333334;7.666666667
OTU0053;22.66666667;0;12.33333333;0;14.33333333;0.666666667;46.33333333;6.666666667;3.666666667;0;105.3333333;9.333333333;9.333333333;2.333333333;11.33333333;5.333333333;7.666666667;5.333333333;5;0;20.33333333;4;7;2.333333333;10.66666667;0;3;16.66666667;6.666666667;0;10;2;22;0;2;14;2;0;51.33333333;4.333333333;39.33333333;0;8;5.666666667;12.33333333;0.666666667;5;3;26.66666667;0;0;0;10.66666667;0;11.33333333;4.666666667
OTU0054;0;0;2.666666667;0;0;0;0;0;0;0;0;2;0;1.333333333;0;0;1.333333333;2.333333333;0;0;0;0;0;0.666666667;2.333333333;0.333333333;0;0;3;0;1;0;0;0;1.666666667;1;0;0;0;0;0;0.666666667;1.333333333;0;2;2;1.333333333;1;0;0;0;0;0;1.333333333;1.333333333;2.333333333
OTU0055;286.6666667;41;540;230.3333333;351.6666666;26;508.3333333;360.3333333;203;24.66666667;415;418;275;121.6666667;393;490.6666666;227.6666667;138.3333333;249.6666667;143;454.3333333;282.6666667;123.3333333;194;196;186;322.3333333;206.6666667;354.6666666;7;436.3333333;154.6666667;147;20;495.3333333;333.6666667;406.6666666;24.33333333;311.3333334;527.3333333;260.6666667;48;183.6666667;291;411.6666667;213.3333334;312.3333333;338.3333334;282.6666667;251.6666667;237.6666667;121;163.6666667;145;199.6666666;146.3333333
OTU0056;0;0;0;0;0;0;6.666666667;4.333333333;3;0;0;0.333333333;0;0;2;0;0.666666667;0.333333333;0;0;0;0;4.333333333;0;0;0;0;0;0;0;1.666666667;0;0;0;0;0;0;0;0;0;7;0;0;0;2.666666667;0;0;0;0;0;0;0;3.333333333;0;0;0
OTU0057;23;3.333333333;5.666666667;0;56.33333333;3.666666667;1.333333333;32.66666667;17;0;10.66666667;27.66666666;42.66666667;9.666666666;27.66666667;78.66666667;16.66666667;13;22.33333334;20.66666667;48.33333333;53.33333334;21.66666667;30.33333333;66.33333333;126;28.66666667;16;8.666666667;0;19.66666667;6.666666667;2.666666667;5.666666666;8.333333333;33;2.666666667;0;9;11.66666667;33.33333333;2.666666667;23;22;56;70.33333334;13.66666667;47;33.66666667;122;51;73.33333333;44.66666667;18;53.33333333;53
OTU0058;666;604.3333333;1511.333333;435.6666667;210;38.33333334;610.3333334;1300.666667;885.6666667;183;528.6666667;483.6666666;524;97.33333333;345.3333334;983.0000001;807;111;169.6666667;86;363.6666666;169.6666667;111.6666667;95.33333333;345.3333333;74.33333333;127;174;422;595;925;340.3333334;1472.666666;35.33333334;209.3333334;106.6666667;234.3333333;173;445.6666667;187;627;43.33333334;61.33333333;77;285.3333334;45.00000001;189;81;1565.333333;37.66666666;75.66666667;28.66666667;147.3333333;82.33333333;205.6666667;109.3333333
OTU0059;363.6666667;106.6666667;547.3333333;369.6666666;356.3333333;146.3333333;351.3333334;279.3333334;198.6666667;187.6666667;162;425;134.6666667;188.6666667;243;124.6666667;359;80.66666666;254.6666667;284.3333333;355.6666667;204.6666666;124.6666667;293.6666667;185.3333333;532;231.6666667;183.6666667;259.3333334;76;243;297.6666667;237.3333333;179.3333333;197.3333333;153.3333333;442.3333334;103;155.6666667;283.3333334;139;224.3333334;257.6666667;198;307.6666667;535.3333334;338.6666666;351.6666666;382.3333333;492;332.6666667;265.3333333;123;282.6666667;138.6666667;101.3333333
OTU0060;1;0;0;0;2.333333333;10.33333333;0;0;0;3.333333333;0;4;0;4.333333333;0.333333333;0;0;0;4.333333333;2.333333333;0;5.333333333;1;0;0;7.666666666;0;2;0;0;0;0;0;15.66666667;0.333333333;2;4;0;0;0;0;11.66666667;2;0;0;3;0.666666667;4.666666666;1.333333333;8.333333333;6.333333333;5;3.666666667;0;0;0
OTU0061;0;0;0;0;0;0;0;0;0;0;0;0;0;0;0;0;0;0;0;0;0;1.666666667;0;0;0;0;0;0;0;0;0;0;0;0;0;0;0;0;0;0;0;0;0;0;0;0;0;0;0;0;0;0.333333333;0;0;0;0
OTU0062;0;0;0;0;0;2.666666667;0;0;0;0;0;0;0;1.666666667;0;0;0;0;0;0;0;0;0;0;0;0;0;0;0;0;0;0;0;0;0;0;0;0;0;0;0;0;0;0;0;0;0;0;0;0;2;0;0;0;0;0
OTU0063;0;0;0;0;0;1;0;0;0;0;0;0;0;1.666666667;0;0;1;1;0.666666667;1.666666667;0;0;0;0.333333333;0;0.333333333;0;0;0;0;0;0;0;1.666666667;0;0;1;0;0;0;0;2;0.666666667;0.333333333;1;2;0;0;0;1.666666667;0.333333333;0.666666667;0;0.333333333;0;0
OTU0064;0;0;0;0;0;0;0;0;0;0;0;0;0;0;0;0;0;1;0;0;1.333333333;4;0;0.333333333;1;0;1.333333333;0;0;0;0;0;0;0;0;0;0;0;0;0;0;0;0.666666667;0;0.666666667;0;0;0.333333333;0;0;0;0;0;0.333333333;0;0
OTU0065;0.333333333;0;0;0;0;0;0;0;0;0;0;0;0;0.666666667;0;0;0;0;0;0.666666667;0;0;0;0;0;0;0;0;0;0;0;0;0;0;0;0;0.333333333;0;0;1;0;4;0;0;0;0;0;0;0;0;1.333333333;0;0;3.666666666;0.333333333;0
OTU0066;2;0;0;0;0;0;0;0;0;0;0;1.333333333;0;0.666666667;0;0;1.333333333;0;0;0.666666667;0;1;0;0.666666667;0;11.66666667;0;0;0;0;0;0;0;1.666666667;0;0;2;0;0;0;0;0;3.666666667;0;0;0.666666667;3;5;0;7.666666667;0.333333333;0;0;0;0;0
OTU0067;0;2;2.666666667;0;1;3;13.33333333;1.333333333;0.666666667;0;0;1.666666667;0;4;0.666666667;0;0;0;0;0;0;0;0;0;0;0;0;0;1.333333333;0;2.666666667;1;2;0;5.666666667;2.666666667;0;0;4.666666667;1.333333333;5.666666667;0.333333333;1.666666667;0;8.333333333;0;0;0;0;0;0;0;0;0;0;0
OTU0068;0;0;0;0;0;2.333333333;0;0;0;0;0;0;0;0;0;0;0;0;0;0;0;0;0;0;0;0;0;0;0;0;0;0;0;0;0;0;0;0;0;0;0;0;0;0;0;0;0;0;0;0;0;0;0;0;0;0
OTU0069;27.33333333;0.666666667;2;0;19.66666667;0;0.666666667;0.666666667;0;0;0;1.333333333;3.333333334;0;10;0;14.33333333;2.333333334;6.333333333;6.666666667;15.66666667;1;8.666666667;4;20.33333333;1.666666667;12;5.333333333;3.333333333;0;7;2.333333333;3.333333333;1;8.666666667;3.333333333;4.333333333;0;1.666666667;4.666666667;6;1;1.666666667;2.666666667;17.66666667;2;13.66666667;5;3;2.666666667;3.666666667;3.666666667;6.333333333;5.666666667;0;3.666666667
OTU0070;7.666666667;0.333333333;0;0;4.999999999;4.333333333;1.333333333;0.666666667;0.666666667;0;0;4;0;15.33333333;0.666666667;0.666666667;4.333333333;0.666666666;9;7.333333334;6;6.666666667;3.666666666;17;0;30.66666666;0.666666667;11.66666667;0;0;0.666666667;1;0;3;0.666666667;8.666666667;1.666666667;0;0.333333333;8.333333334;0;0;9.666666667;1;3;16;5.666666666;16.66666667;2.333333333;2.333333333;6.666666667;1.666666667;19.66666667;43.33333333;3.666666667;29
OTU0071;0;0;0;0;0;0.333333333;0;0;0;0;0;0;0;0.666666667;0;0;0;0;0;0;0;0;0;0;0;0;0;0;0;0;0;0;0;0;0;0;0;0;0;0;0;0;0;0;0;0;0;0;0;0;0;0;0;0;0;0
OTU0072;0;0;0;0;0;41;0.333333333;0;0;0;0;0;0;0;0;0;0;0;0;0;0;0;0;0;0;0;0;0;0;0;0;0;0;2.666666667;0;0;0;0;0;0;0;0;0;0;0;0;0;0;0;0;0;0;0;0;0;0
OTU0073;1.333333333;0;0;0;2.333333333;118;0;1.333333333;1.333333333;46.66666667;0;0;0;14;0;0;0;3.333333333;0;0;0;0;0;0;0;13;0;0;0;0.5;0.333333333;4.666666667;0;40.66666667;23.66666667;0;0;1.333333333;0;0;0;11;1.333333333;0;0;4.333333333;7.666666667;0.666666667;0;9.666666667;0;0;1.333333333;2.333333333;0.333333333;4
OTU0074;0;0;0.333333333;0;0;36;0.666666667;1;0;74;1.666666667;0;0;13;7.333333333;1.333333333;0;21.66666667;2.666666667;3.666666667;0;0;0.666666667;1;0;4.666666667;0;0;0;0;1.333333333;14;0;33;10;7.666666667;0.333333333;127.6666667;1;14;0.333333333;31.33333333;13.33333333;8;0;2;7;14;0;45;1.333333333;2;0.333333333;5;1;0
OTU0075;5;0;0;0;0;0;0;0;0;0;0;0;0;1.666666667;1;0.333333333;0;0;0;0;0;0;1.666666667;0;0;3.666666667;0;0;0;0;0;0;0;0;0;0;0;0;0;0;0;0;4.333333333;0;0;1;0;0;0;0;1.666666667;0;0;2.666666667;0;2
OTU0076;0;0.666666667;0;0;0;67;2;2.666666667;0;15.33333333;1.666666667;2.666666667;0;3.333333333;4.666666667;0;0;0.666666667;1;1;0;2.333333333;1;0;3;5.333333333;0.333333333;0;0;0;12;11.33333333;8;52.66666667;8.666666667;6.333333333;0;7.666666667;1.666666667;6;1.666666667;16;9.333333333;6.666666667;0.333333333;0.333333333;8.666666667;10.33333333;0;14;0.666666667;0;0;0.666666667;1.666666667;6.666666667
OTU0077;0;0;0.333333333;0;23.33333333;0;0.666666667;0;1;0;0;10.66666667;0;10;2;0;0.666666667;4;4.666666667;9;1.666666667;9.666666667;0;1;29.66666667;19.66666667;2;0.666666667;0;0;0;2.333333333;1;15.66666667;7.666666667;1;1;0;0;5.333333333;0;22.66666667;18.66666667;4.666666667;0.333333333;16.66666667;6.333333333;2.333333333;0.333333333;19;4.333333333;0.333333333;0;2;0.333333333;12
OTU0078;6;0;0;0;0;6.666666667;0;0;0;0;0.666666667;4.666666667;1;5.666666667;2.333333333;0.333333333;4.333333333;0.333333333;5;9.333333333;2;3.333333333;7.333333333;7.666666667;1.666666667;9.333333333;3.666666667;0;0.666666667;1;0.333333333;5.666666667;1;7.333333333;6.666666667;2;1.666666667;0.333333333;1;2;0;1.666666667;2.333333333;2;4.333333334;10.33333333;5;3.333333333;3.666666667;8.333333334;4.666666667;1.666666667;4.333333333;19.33333333;1;4.333333333
OTU0079;0;0;0;0;0;6;0;0;0;3.333333333;0;0;0;0;0;0;0;0;0;0;0;0;0;0;0;0;0;0;0;0;0;0;0;0.333333333;0;0;0;0;0;0;0;0;0;0;0;0;0;0;0;0;0;0;0;0;0;0
OTU0080;0;0;0;0;0;2.666666667;0;0;0;0;0;0;0;0.666666667;0;0;0;0;0;0;0;0;0;0;0;0;0;0;0;0;0;0;0;3;0;0;0;0;0;0;0;0;0;0;0;0;0;0;0;0;0;0;0;0;0;0
OTU0081;0;0;0;0;0;5;0;0;0;0;0;0;0;0;0;0;0;0;0;0;0;0;0;0;0;0;0;0;0;0;0;0;0;0;0;0;0;0;0;0;0;0;0;0;0;0;0;0;0;0;0;0;0;0;0;0
OTU0082;3.666666666;4.333333333;5;3.333333333;13.66666667;11;1.333333333;4;5.666666667;1.666666667;7.666666666;5.666666667;2;19;7.666666667;1.333333333;8.666666667;12;10.66666667;3.333333333;11.66666667;7.333333333;0.666666667;6.333333333;8.666666666;7.333333333;12;9.333333333;4.333333333;3.5;4.666666667;1;6;4;15.66666666;18.33333333;9;1;10.33333333;16;6;7.333333333;25.66666666;2;22;13.66666667;35.33333333;12.33333333;3;5.666666667;13.66666667;0;6;12.33333333;11.33333333;5
OTU0083;0;0;0;0;0;0;0;0;0;0;0;0;0;0;0;0;0;0;0;0;0;0;0;0;0;0;0;0;0;0.5;0;0;0;0;0;0;0.333333333;0;0;0;0;0;0;0.333333333;0;0.666666667;0;0;0;0;0;1.333333333;0;0;0;0
OTU0084;24;1;4.666666667;2;4.666666667;4.333333333;2.333333333;1;2.333333333;1;7.333333333;11;7.666666667;3;2.666666667;5.666666667;14;12.66666667;23.66666667;28.33333333;29.66666667;41.33333333;24.66666666;20.33333333;18;48;123.3333333;5;13;0;2.333333333;5;3.666666667;3.666666666;11.33333333;59.33333333;27.66666667;0;10.66666667;32.66666667;6.333333333;9;61.66666667;99.66666667;11;79.33333333;72.33333333;52.33333333;9;53;104.3333333;33.66666667;22;88;41.33333333;34.66666667
OTU0085;0.333333333;0;0;0;0;0;0;0;0;0;0;0;0;0;0;0;0;0;0;0;0;0;0;0;0;0;0;0;0;0;0;0;0;0;0;0;0;0;0;0;0;0;0;0;0;0;0;0;0;0;0;0;0;0;0;0
OTU0086;0;0;0;0;0;0;0;0;0;0;0;0;0;0;0;0;0;0;0;0;0;0;0;0;0;0;0;0;0.333333333;0;0;0;0;0;1.666666667;0;0;0;0;0.333333333;0;0;2;0;0;0;0.333333333;0;0;0;0;0;0;0;0;0
OTU0087;0;0;0;0;0;15;0;0.666666667;0;0.666666667;0;0;0;0;0;0;0;0;0;1;0;0;0;0;0;0;0;0;0;0;0;0;0;0.666666667;0;1.666666667;0;0;0;0;0;0;3;0;0;1.666666667;0.666666667;2;0;0;0;0;0;0;0;0
OTU0088;0;0;0;0;0;5.333333333;0;0;0;0;0;1;0;0;0;0;0;0;0;0;0;0;0;0;0;0;0;0;0;0;0;0;0;0;0;0;0;0;0;0;0;0;0;0;0.666666667;0;0;0;0;0;0;0;0;0;0;0
OTU0089;0;0;0;0;0;0;0;0;0;0;0;0;0;0.666666667;0;0;0;1;0.666666667;0;1;1;1.666666667;1;2;0;0.333333333;2.333333333;0;0;0;0;0;0;1;0.666666667;0;0;2;0;0;0;1.333333333;1;0;0.666666667;1;0.666666666;0;0;2;0;2.333333334;0.333333333;1;0
OTU0090;0;0;0;0;0;0;0;0;0;0;0;0;0;0;0;0;0;0;0;0;0;0;0;0.666666667;0.666666667;0;0;0;0;0;0;0;0;0;0;0;0;0;0;0;0;0;0;0;0;0;0;0;0;0;0;0;0;0;0;0
OTU0091;28.33333334;0;1;6.333333333;25.33333333;13.33333333;5.333333333;5;5.333333333;3;7.333333333;17.66666666;3;18.33333333;20;3;27.66666666;8.333333333;20.66666666;24;10.66666667;17.66666667;10;33;20;26.33333333;17;15.33333333;6.333333333;0;3;5;4.666666667;15.33333333;3.666666667;9.666666667;21;0.666666667;8.333333333;7.666666667;11;15.33333334;19.33333333;11.33333333;2.333333333;25.33333334;23;21;9;15.33333333;30;14.66666667;4.666666667;52.33333333;14.66666666;19.33333333
OTU0092;0;7;8;11;0.333333333;0;5.333333333;1.333333333;5.666666667;0;0.666666667;0;0;0;0;0;1.666666667;0;0;0;0;0;0;0;0;0;0;0;5.666666667;0;0;0;0;0;0;0;0;0;0;0;0;0;0;0;0;0;0;0;0;0;0;0;0;0;0;0
OTU0093;96.33333333;177.3333333;125;146.3333333;70;0;186.3333333;103.3333333;204.6666667;24.66666667;85;127;52;1;97.66666667;57.33333333;121;18.33333333;45;7;38.33333333;5;24;9;21.33333333;1.666666667;24.66666667;48;159;210.5;113.6666667;27;133.3333333;2.666666667;100.3333333;40.66666667;79.66666667;10.66666667;95;54;97;0.333333333;14;5.333333333;57.66666667;7.333333333;27.33333333;19.66666667;31.66666667;0;20.33333333;17;39.33333333;7;31.66666667;10.33333333
OTU0094;17.33333333;0;0;0;1.666666667;0;0;0;0;0;0;11.66666667;0;1;0;1.333333333;18.66666667;5.333333333;17;37.66666667;6;12.66666667;6;8.333333333;8.333333333;26.66666667;10.33333333;2.666666667;1;0;0;0.666666667;0;21.66666667;17.33333333;10.66666667;12.33333333;0;0;9.666666667;0.333333333;16.33333333;16.66666667;0.666666667;8.333333333;23;18.33333333;24.66666667;0;83;35.33333333;32.33333333;9.333333333;16.66666667;1.666666667;13
OTU0095;125;8.333333333;45.66666667;22.33333333;118.3333333;17.33333333;55;43.66666667;22.66666667;93;80.33333333;100;91.33333333;66;102.6666667;68.33333333;110;104.6666667;122.6666666;79;85.33333333;114;75.66666667;73;67.66666667;122.3333333;188.6666667;91.66666666;95.33333333;24;79;33.33333333;34.33333333;33.33333334;133;121;120.3333333;27;60;102.6666667;71.66666667;63.66666667;180.6666667;96.33333333;99;179.6666667;203.6666666;208.3333333;91;144.6666667;172.3333334;155.3333333;162.3333334;135.3333333;140.6666667;209.3333334
OTU0096;2;0;0;0;0;13.66666667;0;0;0;0;0;1.333333333;0;8.333333333;0;0;0;5.666666667;8.333333333;14;0;14.66666666;2.666666667;6.333333333;1.333333333;5.666666667;0;1;0;0;0;0;0;9;0;4.666666667;0;0;0;2;0;45;15.33333333;0;0;5.666666667;0;7.666666666;0;48.66666667;6.333333333;0;3.666666667;20.66666667;4;4
OTU0097;10.33333333;18.33333333;18;33.33333333;8.666666667;0;28.66666667;19.66666667;22.33333333;0.666666667;21.33333333;26.33333333;5;0;12;4.333333333;7;2.333333333;0.666666667;0;3.333333333;0;7.333333333;0;2;0;7.666666666;3.666666667;38;63.5;92;43.33333334;28;0;22.66666667;6.666666667;5.666666667;7;29.66666667;2;22.33333333;0;0;0;19.33333333;0;4;1.666666667;3.666666667;0;0;0;0;0;9;0.333333333
OTU0098;0;0;0;0;0;0;0;0;0;0;0;5.333333333;0;0;3.333333333;0;0;2;0;0.666666667;0;0;0.666666667;0;3.666666667;0.666666667;0;1;0;0;8.333333333;2;0;0;0;0;0;0;0;0;1.666666667;0;0;0;0;0;0;0;0;0;0;0;0;1;0;0
OTU0099;0;0;0;0;1;0;11;0;0;0;0;0;2;0;0;0;0;0;0;0;1.333333333;0;5;4;0;0;0;2.666666667;1;3;4.666666667;0;0;0;1.666666667;1.666666667;0;0.333333333;0;0;0;0;0;0;0;0;0;0;0;0;0;0;0;0;0;3.333333333
OTU0100;26;6.666666667;2.333333333;1.333333333;26;79.33333333;7;9;2.666666667;37;4.666666667;10.66666667;17;70.33333333;35.66666667;13.66666667;33.33333333;49.66666667;73.33333333;79.33333333;27;65.33333333;28.66666667;24.33333333;40.66666667;57.33333333;25.33333333;13.66666667;5;0;3;3.333333333;2.333333333;104.6666667;19;56.33333333;10.33333333;2;6.666666667;17.33333333;20.33333333;91;38.66666667;20.33333333;28;45;22;19.66666667;10;91.33333333;43.33333333;42.33333333;71.66666667;92.33333333;34.66666667;118
OTU0101;0;0;0;0;0;0;0;0;0;0;0;0;0;1.666666667;0;0;0;0;0;0;0;0;0;0;0;0;0;0;0;0;0;0;0;3.333333333;0;0;0;0;0;0;0;0;0;0;0;0;0;0;0;0;0;0;0;0;0;0
OTU0102;2.333333333;0.333333333;0;0;0;3.333333333;0;0;0.666666667;5.666666667;1.333333333;0;0;2.333333333;0;0;0;2;0;0;0;0;0;0;0;0;0;0;0;0;2;0;0;3.666666666;0;0;0;0;2.666666667;0;0.666666667;2.666666667;0;0;0.666666667;0;0;0;0;0;0;0;0;0;0;0
OTU0103;304.6666667;100.3333333;174;89;204;211;182;98.66666667;111.3333333;95;120;219.3333333;153;280;203.6666666;113.3333333;286.6666667;252.6666667;201.6666667;307;92.33333333;225.3333333;151.6666667;291;244.3333334;342;114.6666667;241;209.3333333;95;231.6666667;65.00000001;105;356;279;267;221.3333333;25.66666666;231.3333333;261.6666667;259.3333333;368.3333334;466;106;176.3333333;435.3333333;292.3333333;344;163;565.6666667;234.3333333;248.6666666;187.3333333;295.6666666;123.3333333;228
OTU0104;0;0;0;0;0.333333333;0;0;0;0;0;0;0.666666667;0;0.666666667;0;0;1.333333333;0;0;0;0;2;0;0;0;0;0;0;0;0;0;0;0;0;0.333333333;0;0;0;0.333333333;0;1.333333333;0;4.666666667;0;1;0;0;3.333333333;2;0;0;0.333333333;2.333333333;0;3;0.333333333
OTU0105;0;0;0;0;0;0;0;0;0;0;0;0;0;0;0;0;0;0;0;0;0;0;0;0;0;0;0;0;0;0;0;0;0;0;0;0;0;0;0;0;0;0;0;0;0;0;0;0;0;0;0.333333333;2;0;0;0;0
OTU0106;2.333333333;0;0;0;1.666666667;0;0;0;0;0;0;2.333333333;0;1;0;0;2.333333333;0;1;1.666666667;0;0;1;0;0;0;3.333333333;0;0;0;0;0;0;0.666666667;0;0;0;0;0;0;0;3.333333333;0;0;0.666666667;0;0.333333333;0;0;3;1.333333333;1.666666667;0;1.666666667;2;0
OTU0107;0;0.666666667;0;0;0;111.3333333;0;0.666666667;0;16.33333333;0;0;0;9;0;0;0;7.333333333;0;0.666666667;0;8;0;0;0;0;0;0;0;0;0;0;0;49.33333333;0;0;0;0;0.333333333;0;0.666666667;16;7.666666667;0;0;0;0;0;0;27;3.333333333;18.33333333;0;0;0;0
OTU0108;0;0;0;0;0;71.66666667;0;0;0;0;0;0;0;0;0;0;0;0;0;0;0;0.666666667;0;0;0;0;0;0;0;0;0;0;0;21.33333333;0;0;0;0;0;0;0;9.333333333;0;0;0;0;0;0;0;6.666666667;0;2;0;0;0;0
OTU0109;0;1;0;0;0;30.33333333;0;0;0;0;0;0;0;0;0;0;0;0;0;0;0;0;0;0;0;0;0;0;0;0;0;0;0;1;0;0;0;0;0;0;0;1;0;0;0;0;0;0;0.333333333;15;0;0;0;0;0;0
OTU0110;0;0;0;0;0;3;0;0;0;0;0;0;0;0;0;0;0;0;0;2.333333333;0;0;0;0;0;0;0;0;0;0;0;0;0;3.333333333;0;0;0;0;0;0;0;0;0;0;0;0;0;0;0;0;0;0;0;0;0;0
OTU0111;5.666666667;0;0;0;0;2;0;0;0.333333333;0;0;0;0;5;0;0;0;0.333333333;1.333333333;22.66666667;0;1.666666667;1;8;0;4;0;0;0;0;0;0;0;17;0;0;2.666666667;0;0;3.333333333;0;2;0;0;0;3.666666667;3.666666667;0;0;50.66666667;10;19.33333333;0;4;0;0
OTU0112;0;0;0;0;0;7.666666667;0;0;0;0;0;0;0;0;0;0;0;0;0;0;0;0;0;0;0;0;0;0;0;0;0;0;0;0;0;0;0;0;0;0;0;0;0;0;0;0;0;0;0;0;0;0;0;0;0;0
OTU0113;0;0;0;0;0;4.333333333;0;0;0;0;0;0;0;0.333333333;0;0;0;0;0;0;0;0;0;0;0;0;0;0;0;0;0;0;0;0.666666667;0;0;0;0;0;0;0;2;0;0;0;0;0;0;0;2;0;0;0;0;0;0
OTU0114;0;0;0;0;0;3.666666667;0;0;0;0;0;0;0;1.666666666;0;0;0;0;0;0;0;0;0;0;0;0;0;0;0;0;0;0;0;0.666666667;0;0;0;0;0;0;0;0;0;0;0.333333333;0.333333333;0;0;0;0;0;0;0;0;0;0
OTU0115;0;0;0;0;0;0;0;0;0;0.333333333;0;0;0;0.666666667;0.666666667;0;0;0.666666667;0;0;0;0;0;0;0;0;0;0;0;0;0.333333333;0;0;0.666666667;0.333333333;0;0;0;0;0;1.333333333;0.666666667;0;0;0;0;0;0;0.333333333;1.333333333;0;0;0;0;0;0
OTU0116;0;0.333333333;0;0;0;1.666666667;0;0;0;3.666666667;0;0;0;2;0;0;0;0.666666667;0;0;0;2.333333333;0;0;0;0;0;0;0;0;0;0;0;2.333333333;0;0.666666667;0;0;0;0;0;3.666666667;1.666666667;0.333333333;0;0;0;0;0;2;0;2.333333333;0;0;0;0
OTU0117;0.666666667;0.333333333;0;0;2.333333333;14.66666667;0;0;0;4;0;0;0;12;3.333333333;0.666666667;1;9;0.333333333;0;0;4.333333333;0;0;1.666666667;1.666666667;0;0;0;0;0;0;0;13.33333333;2.666666667;5.666666667;0;0;0;2.666666667;1;16.33333333;7.333333333;0.333333333;3.666666667;0.333333333;1.666666667;3.666666667;0;12;0;1;0;2.333333333;1.333333333;0
OTU0118;0;0;0;0;0;0;0;0;0;0;0;0;0;0;0;0;0;0;0.666666667;0;1;5.333333333;1.333333333;3;0;0;2;1;0;0;0;0;0;0;0;0;0;0;0;0;0;0;0;0.333333333;0;0.666666667;0.333333333;0;0.666666667;0;4;0.666666667;0;4.333333333;0;13
OTU0119;1.333333333;0;0;0;0;25;0;0;0;0;0;0;0;7.666666666;0;0;0;0;0;3.666666667;0;1.333333333;0;0;0;1.333333333;0;0;0;0;0;0;0;5.666666667;0;0;0;0;0;0;0;21.33333334;0.333333333;0;0;4.333333333;0;1;0;14;0;0;0;1;0;0
OTU0120;2;8.666666667;1.666666667;0;0;30;1.333333333;0.333333333;0;11.66666667;3;1.333333333;3.333333333;30.66666667;8;9;0;15.33333333;0;0;1.666666667;11;0;0.333333333;3;0;0;2;0;0;10.66666667;0;0;40;0;1.666666667;0;0;2;2;10;25;17.66666666;0;0.666666667;1;0;2.333333333;1.333333333;8.333333333;1.666666667;3.666666667;1.333333333;2.333333333;6;0
OTU0121;1.666666667;0;0;0.666666667;2.666666666;5.666666667;0;0;0;2;0;0;0;6.333333333;4;0;4;5;4;2;5.666666667;4.666666667;7.666666667;6;3.666666667;2.666666666;3.333333333;4;2;0;0;0;0;4;2;0.666666667;1;0;0.333333333;0.666666667;1;10.33333333;6.333333334;1.666666667;0.666666667;2;0;4;0;3.333333333;7;6.333333333;2.666666667;1.333333333;2;2.333333333
OTU0122;30;108.6666667;47.66666667;55.66666667;34;2.666666667;66.33333333;33.33333333;78;47.33333333;42.33333333;31;31;10.66666667;20.33333333;29.33333333;34;13;5.333333333;7.333333333;7;7.666666667;6.666666667;5.333333333;19;6.333333333;17.66666667;5.666666667;30.33333333;201;92;13.33333333;81;19;44;22;11.66666667;43;43.66666666;21.33333333;34;9.333333333;17.66666667;8.666666667;21.33333333;11.33333333;11.66666667;16.33333333;33.33333333;5.333333333;10.33333333;1.666666667;27.66666667;8;37.66666667;12
OTU0123;0;0;0.333333333;0;0;0;0;0;0;0;0;0;0;0;0;0;0;0;0;0;0;0;0;0;0;0;0;0;0;0;0;0;0;0;0;0;0;0;0;0;0;0;0;0;0;0;0;0;0;0;0;0;0;1;0;0
OTU0124;2;3;9.333333333;2.333333333;3.333333333;0;2;0.333333333;9.666666666;2.333333333;1.666666667;5;1.666666667;0;14.33333333;0;6.333333333;4;0.333333333;0;8.333333333;1;4;1.333333333;6.333333333;1.666666667;3.666666667;2.666666667;15;10.5;8.333333333;10.66666667;2;0;20.66666667;5.666666667;2.666666667;2.666666666;2.666666667;5;2.666666667;0;9.333333333;0;7.666666667;0;2.666666667;2;0.666666667;0;2.666666667;0;0.333333333;2.666666667;1.333333333;4.333333333
OTU0125;3.333333333;2;2.666666667;0;8.666666667;2;1;1.666666667;0;0;0;14;0;4;0.666666667;3.666666667;17;0.666666667;2;3.666666667;0.666666667;3.666666667;3.333333333;9.333333333;4.333333333;0.333333333;1;7.666666667;5.666666667;0;4.666666666;2.666666667;11.66666667;2;2;1.333333333;1.333333333;8;0;1.666666667;1.333333333;0;2.333333333;1;6;1.333333333;0;2;1.333333333;0;1.333333333;1.333333333;1.666666667;8;0;2.666666667
OTU0126;184.6666667;261;263.6666667;223;129.6666667;14;226.6666667;146.6666667;355.3333333;29;165;166;145.3333333;24.66666667;164;105;152;95.66666667;52;40.33333333;90.33333333;32.33333333;42.33333333;45;109.6666667;34.33333333;69.66666667;67.66666667;212.3333334;241.5;271.3333333;182;245;21;155;97.66666667;108;41;161;82.66666666;161;23.66666667;48.66666667;26.33333333;102.6666667;22;50.66666667;37.66666667;141;3.333333333;26.66666667;21.66666667;132.6666666;42.66666667;132.6666667;47.33333333
OTU0127;1;0;0;0;0;0;0;0;0;0;0;0;0;0;0;0;0;0;0;0.666666667;0;0.333333333;0;0;0;0;0;0.333333333;0;0;0;0;0;0;0;0;0;0;0;0;0;0;0;0;0;0;0;0;0;0;0;0;0;0;0;0
OTU0128;109;283.3333334;247;314;122;32.33333333;87.66666666;57.66666667;65.33333334;135.6666667;38.33333333;119;65.66666667;23.33333334;119;59.66666666;64;81.33333333;39.33333333;44.33333333;55.66666667;26;29;42.33333333;112;45.33333333;51.33333333;28.66666667;134.3333333;418.5;363;253.6666667;147;91.33333333;151.3333333;91.66666667;54;110.6666667;90.66666667;84.33333334;67.33333334;161.3333333;64.33333334;30.66666666;81.00000001;29.33333333;36.33333333;60.66666666;55.66666666;70.66666667;30;28;72.66666667;41.33333334;87;32.66666667
OTU0129;425.3333333;121.3333333;122.3333333;133.6666667;278;31.66666667;109;87.66666667;95.66666667;86.33333334;123;344.3333333;124;168;194.3333333;86.66666667;357.6666667;218.6666666;759.3333334;538;166.6666667;483.3333333;193.3333334;270.3333333;278;421.6666666;258.6666667;279.6666666;199;169;177;93.66666667;119;104;152.3333333;530.6666666;326.3333333;95.66666667;90.99999999;211.3333333;103;120.6666667;342.6666666;65.33333333;184.6666666;389;358;278;112;185;580.6666667;197;196.3333333;279.6666667;146.3333333;165
OTU0130;0;0;0;0;0;0;0;0;0;0;0;0;0;0;0;0;0;0;1;0;0;0;0;1.333333333;0;1.666666667;0;0;0;0;0;0;0;0;0;0;0;0;0;0;0;0;0;0;0;0;0;0;0;0;0;0;0;2.666666667;0;0
OTU0131;7;20.33333333;15.33333333;27.66666667;9.666666667;1;9.333333333;9.333333333;42.33333333;0;3.666666667;12;19.33333333;0;3;14.66666667;18;0;1;0;5.333333333;2;1;40;4.333333333;0;2;15.66666667;5.333333333;7.5;8.666666667;0;9.333333333;0;0;0;3.666666667;0;28.66666667;20.33333333;9.333333333;0;0;0.333333333;1;0;3.333333333;1.333333333;7;0;0;0;9;1.666666667;4.666666667;1
OTU0132;9;0;0;6;21.66666667;0.666666667;1.666666667;1.333333333;0;0;17.33333333;17;2.666666667;7;0;2.666666667;12.33333333;5.333333333;45;72.33333333;7.333333333;31;40.33333333;18.66666667;0;0;37.66666667;139;0;0;0;2.666666667;0;0;6;6.333333333;28.33333333;0.666666667;0.666666667;10.66666667;5.666666667;1.666666667;19.33333333;1.333333333;4.666666667;14;3;57;3.666666667;0;55.33333333;0;3.666666667;0;11.66666667;0
OTU0133;4.666666667;63.66666667;28.66666666;24.33333333;10.33333333;0;3.333333333;13.33333333;19.33333333;0;13.33333333;11.33333334;81.66666667;0;0;3.333333333;10.66666667;0;3;0;9;0;9.333333333;0;0;0;1;16.33333333;24.33333333;63.5;12.66666667;0;4.666666667;0;2.333333333;0;11.66666667;0;3.666666667;6.333333333;10.33333333;0;0;0;10;0;0;3;7.666666667;0;0;0;7.333333333;0;8.666666667;0
OTU0134;3.333333333;1.333333333;0.333333333;0.666666667;6.333333334;0;4;2.333333333;4;0;6;29;3.666666667;0;0;25;102;0;32;35.33333333;16;16.66666667;7.666666667;25;5;11;40.33333333;18.66666666;3.666666667;0;0.666666667;4.333333333;0;0;3.333333333;5.666666667;2.333333333;0;4;30.66666667;1.666666667;2.333333333;10.66666667;98.66666667;3.666666667;5;7.333333333;25;3;7.666666667;103;94.33333333;3.666666667;0;27.66666667;4
OTU0135;65.33333334;47;124;112;40.66666667;212;129.6666667;46;74;9;41.66666666;43;24.33333333;54.33333334;38.33333334;752;44.66666666;18.66666667;35.33333334;12.66666667;17;23;18;22.66666667;35.33333334;10;29.33333334;14.66666667;100;50.5;15;40.66666667;44;19.33333333;146.6666667;16.33333333;66;74.99999999;61;28;38.66666666;20.33333333;39.66666666;10.66666667;49.66666667;5.333333333;33.33333333;16.66666667;13.66666667;1.333333333;47;17.33333333;23.66666666;11;53.66666667;6
OTU0136;0;0;0.333333333;0;0;0;2.333333333;0;0;0;0;0;0;0;1;0;0;0;0;0;0;0;0;0;0;0;0;0;0;0;0.666666667;0;0;0;0;0;1.333333333;0;0;0;0;0;0;0;0;0;0;0;0;0;0;0;0;0;0;0
OTU0137;0;0;0;0;0;0;0;0;0;0;0;0;0;0;0;0;0;0;0;0;0;0;0;0.333333333;0;0;0;0.666666667;0;0;0;0;0;0;0;0;0;0;0;0;0;0;0;0;0;0;0;0;0;0;0;2;0;0;0;0
OTU0138;0;0;0;0.666666667;0;0;4.333333333;0.666666667;1;0;8.666666667;15;10.66666667;2;1.666666667;0;23.66666666;0;0.333333333;0;0;0;0;0.333333333;0;4;7.333333333;0;0;2;1.666666667;0;0;10.33333333;6;0;27.33333333;0;1;0;30.33333333;4.666666667;1;1.333333333;24.33333333;1.333333333;0;1;0;0;0;1.333333333;1;0;0.333333333;0
OTU0139;0;0;0;0;0;0;0;0;0;0;0;0;0;0;0;0;0;0;0;0;0;0;0;0;0;1.666666667;0;0;0;0;0;0;0;0;0;0;0;0;0;0;0;0;1.333333333;0;0;0;1;0;0;0;21.33333333;0.333333333;0;0;0;0
OTU0140;0;0;0;0;0;5;0.666666667;0;0;0;0;0;0;17.33333333;9.333333333;5.666666667;0;23.66666667;0.666666667;0;0;0;2.333333333;0;0;0;0;2.333333333;0;0;0;0;0;0;0;0;0;0;0;12;0;0;0;3;0;0;0;0;0;0;0;0;0;0;0;0
OTU0141;416.3333333;58.66666666;252.6666666;90.66666667;161;3.333333333;322.6666667;165;571.6666667;7.333333333;414;150;200.3333333;116.3333333;111.6666667;186.3333333;178;201;128.6666667;11;353;95;204.3333333;41.66666667;243.3333333;12.33333333;48.66666666;330;409.3333333;39.5;540.3333333;65.00000001;234;0;305.6666667;167.6666667;87;281.6666667;467.3333334;330.3333333;336.3333333;0;123.3333333;26.33333333;272.3333333;0;121.6666667;48.33333333;264.6666666;0;15.33333333;0;434;9.666666667;355;428
OTU0142;28.33333333;6;62.66666667;5.333333333;0;0;21.66666667;23.66666667;212;2;8.333333334;25.66666667;13;25;21;39.66666666;0;13.66666667;5.333333333;30.66666667;68.66666666;76.66666667;9.333333333;21;0;0;28;17.33333333;27.66666666;0;10.66666667;0;6.666666667;0;48.66666667;0;33.66666667;3;5;36.33333333;9;17;78.33333333;0;5;0;5.333333333;40.33333333;29;0;11.33333333;2.333333333;47;0;28;0
OTU0143;3289;669.6666667;2003;1099.666667;2265;223.3333333;3264.333333;3879.666667;3560.666667;313;4664.666667;2945.333333;4079.666666;2978;4114;5030.333333;2480;3688;2497.333334;1133.666667;2225;2319.333334;2583.333333;1334.333333;1702.333333;1186.333333;2120.666667;2609;3536.666667;790;2327.333333;3421.333333;2926;623.6666667;3270;2747.333333;2425.666666;5645;2820.333333;3122.666667;2899.333333;806.3333333;2662;1821.666667;2820;882.3333333;2909.666667;1588.666667;3149.666667;371;1063.333333;1172.333333;3830.333334;2457.333333;2909.666667;1963
OTU0144;0;0;0;0;0;0;0;0;0;0;0;0;0;0;0;0;0;0;0;0;0;3;0;0;0;0;0;0;0;0;0;0;0;0;0;0;0;0;0;0;0;0;0;0;0;0;0;0;0;0;1.666666667;3;0;0;0;0
OTU0145;1;1.333333333;3;0;2;1;4.333333333;0;0;2.333333333;6.333333333;0;2;0;0;0;0;5.333333333;3.333333333;5.333333333;0;12;0;0;0;0;0;0;0;0;0;0;0;50.66666667;5.333333333;4;6.333333333;0;6.333333333;9.333333333;7;25;4.666666667;1.333333333;0;1.333333333;4;4;0.666666667;5.666666667;13;4.333333333;2.333333333;0;2.666666667;0
OTU0146;25;57.33333333;36.33333333;23;11.33333333;16.66666666;57;4.333333334;24.33333333;12.66666667;29.33333333;8.666666667;24;8;3;4.333333333;18.33333333;11;28;16.66666667;21.66666667;46;10.33333333;16;18.33333333;7.333333333;18.66666667;31.33333334;2;6.5;21.33333333;0;17.33333333;56;5.333333333;9;25;0.333333333;26.33333334;12.66666667;35;26.66666667;9.666666667;3.666666667;0;2.333333333;16.33333333;3.333333333;6;11.66666667;141;41.66666667;13;3;17;3.666666667
OTU0147;0;0;0;0;0;0;0;0;0;0;0;0;0;0;0;0;0;0;0;0;0;0;0;0;0;0;0;0;0;2;0;0;0;0;0;0;0;0;0;0;1.666666667;0;0;0;0;0;0;0;0;0;0;0;0;0;0;0
OTU0148;0;1;0.666666667;0;0;23.33333333;0;0;0;0;0;0;0;0;0;0.666666667;0;5.333333333;7;0.333333333;5.666666667;21.33333333;0;3.666666667;0.666666667;0;3.333333333;10;0;0;0;0.666666667;0;18;2;0;0;0;0;0;8;45.33333333;2.666666667;5;0;0;0;0.666666667;0;15.66666667;0.333333333;44;0;0;0;10.66666667
OTU0149;0;0;0;0;0;210.6666667;0;0;0;118.6666667;0;0;0;80.33333333;0;0;0;3;0;3.666666667;0;0;0;3;0;0;0;0;0.333333333;2;1;6.333333333;1;881.3333333;0;0;6.333333333;5;0;3;2;954.6666667;38.33333333;2;7.333333333;2.333333333;2.333333333;12;0;504;0;8;0;0;0;0
OTU0150;0;0;0;0;0;14;0;0;0;0;0;0;0;0;0;0;0;0;0;0;0;0;0;0;0;0;0;0;0;0;0;0;0;2.333333333;0;0;0;0;0;0;0;0;0;0;0;0;0;0;0;0;0;0;0;0;0;0
OTU0151;4;2.666666667;11.33333333;2;0.666666667;0;11;3;0;0;5.666666667;2;0.666666667;0;0;4.666666667;0.666666667;0;2.333333333;3.333333333;11;3.333333333;8;9.666666667;18.33333333;2;2.666666667;6.333333333;2.666666667;3;2;0;4.333333333;0;0;0;3.333333333;0;5;4.333333333;3;0;0;0;1;0;1.333333333;1;8.666666667;0;10.33333333;14;4.666666667;0;3.666666667;1
OTU0152;0;0;0;0;0;2;0;0;0;1.333333333;0;0;0;1.333333333;0;0;0;0;0;0;0;0;0;0;0;0;0;0;0;0;0;0;0;0;0;0;0;0;0;0;0;0;0;0;0;0;0;0;0;0;0;0;0;0;0;0
OTU0153;0;0;0;0;0;63.33333333;0;0;0;0.333333333;0;0;0;0;0;0;10;0;0;0;0;0;0;4;1;0;0;2.333333333;0;0;0;0;0;55.33333333;0;0;0;0;0;0;0;2.666666667;0;0;0;0;0;0;0;7.666666667;0;0;0;0;0;0
OTU0154;0;2.333333334;0;0;0;0;0;0;0;9.333333333;1;0;8.333333333;6.666666667;1;2;0;10.66666667;5.666666667;2.666666667;4.333333333;29.33333333;1.666666667;0;0;0;0;2;0;9.5;0.333333333;0;0;3.333333333;0;1.333333333;0;0;3;0.666666667;5.666666667;44.33333333;6;0.333333333;0;0;0;0;0;10.66666667;5;5;1.333333333;0;1.333333333;2
OTU0155;10.33333333;11.66666667;4.333333333;6.333333333;22;12;3.666666667;0;1.333333333;24.66666667;1.666666667;7.666666667;9.666666667;58.33333333;13.33333333;2;6.666666667;9.666666667;15;14.33333333;5.333333333;70.99999999;2;7.666666667;33.66666666;1;4.333333333;7.666666667;0;3.5;7.333333333;1.333333333;1;27.33333333;5.333333333;22.33333334;3.333333333;2.666666667;6;4.333333333;4.333333334;79.66666666;26.33333333;1.666666667;5.666666666;0.666666667;1;8;3.333333334;44;5;10.33333333;8;5;8.666666667;5.333333333
OTU0156;0;1.333333333;0;0;0;0;0;0;0;0;0;0;0;0;0;0;0;0;0;0;0;0;0;0;0;0;0;0;0;0;0;0;0;0;0;0;0;0;0;0;19.33333333;6;0;0;0;0;0;0;0;0;0;0;0;0;0;0
OTU0157;0;0;0;0;0;48;0;0;0;1.333333333;0;0;0;0.666666667;13.33333333;0;0;8.333333333;0;0;0;5.333333333;0;0;0;2;0;0;0;0;0;0;0;26;0;2.333333333;0;0;0;0;0;4.333333333;0;10.66666667;0;14.33333333;0;0;0;2.333333333;0;0;0;0.666666667;0;28.33333333
OTU0158;0;0;0;0;0;6;0;1;0;8.333333333;0.333333333;6;0;5.333333333;0;0;3.333333333;4.333333333;5.333333333;18.66666667;0;11;0;5;11;8.333333333;1.666666667;0;0;0;0;0.666666667;2;155.6666667;0;1.333333333;0;0;0;0;0;12;0;0;0;1.333333333;0;0;0;12.66666667;0.666666667;5;1;50;0;20
OTU0159;0.666666667;15;7;5;0.666666667;4;8.333333333;3.333333333;10;1.333333333;4.333333333;1.666666667;2.333333333;0;0;1;3;2.333333333;17.66666667;0;18.66666667;2.333333333;0;2;1.333333333;0;1.333333333;1;0;2.5;4.666666667;0;0;3;0;7;0;0;3.333333333;0.666666667;6.333333333;10;1;0;0.666666667;0;0;0.666666667;0.333333333;4.666666667;0;17;0;0;9;1
OTU0160;0;0;0;0;0;0;0;0;0;0;0;0;0;0;0;0;0.333333333;0;1.333333333;22.33333333;7;0.333333333;2;0;8.666666667;27;1.666666667;0;0;0;0;0;0;0;0;0;0.333333333;0;0;0;0;0.666666667;0;0;0;0;0;0;0.333333333;67.33333333;58.33333333;12;0;12;0;14.33333333
OTU0161;0;0;0;0;0;0;0;0;0;1;0;0;0;0.666666667;0;0;0;8;1;0.666666667;0;0;0;0;0;0;0;0;0;0;0;0;0;3.333333333;0;0;0;0;0;0;0;1;1.333333333;0;0;0;0;0;0;0;0;0;0;2;0;0
OTU0162;0;0;0;0;0;0;0;0;0;0;0;0;0;0;0;0;0;0;0;0;0;25;0;0;0;0;0;0;0;0;0;0;0;0;0;0;0;0;0;0;0;9.333333333;0;0;0;0;0;0;0;3.333333333;0;0;0;0;0;0
OTU0163;0;0;0;0;0;0.666666667;0;0;0;0;0;0;0;2;0;0;0;0;0;0;0;27;0;0;0;0;0;0;0;0;0;0;0;11.66666667;0;0;0;0;0;0;0;6;0;0;0;0;0;0;0;0;0;0;0;0;0;0
OTU0164;0;0;0;0;0;5.666666667;0;0;0;0;0;0;0;0;0;0;0;0;0;0;0;0;0;0;0;0;0;0;0;0;0;0;0;1.333333333;0;0;0;0;0;0;0;1.333333333;0;0;0;0;0;0;0;2;0;0;0;0;0;0
OTU0165;0;0;0.666666667;0;0;0;0;0;0;0;0;0;0;0;0;0;0;0;0;0;0;0.666666667;0;0;0;0;0;0;0;0;1.333333333;0;0;0;0;0;0;0;0;0;4;0;0;0;0;0;0;0;0;0;0;0;0;0;0;0
OTU0166;0;0;0;0;0;3.666666667;0;0;0;0;0;0;0;2.666666667;0;0;0;0;0;0;0;12;0;0;0;0;0;0;0;0;0;0;0;0;0;0;0;0;0;0;0;22;0;0;0;0;0;0;0;11.33333333;0;0;0;0;0;0
OTU0167;0;0;0;0;0;1.666666667;0;0;0;0;0;0;0;0;0;0;0;0;0;0;0;0;0;0;0;0;0;0;0;0;0;0;0;0;0;0;0;0;0;0;0;0;0;0;0;0;0;0;0;0;0;0;0;0;0;0
OTU0168;0;0;0;0;0;0;0;0;0;0;0;0;0;0;0;0;0;0;0;0;0;2.666666667;0;0;0;0;0;0;0;0;0;0;0;0;0;0;0;0;0;0;0;0;0;0;0;0;0;0;0;0;0;0;0;0;0;0
OTU0169;0;0;0;0;0;0;0;0;0;0;0;0;0;0;0;0;0;0;0;0;0;0;0;0;0;0;1;0;0;0;0;0;0;0;0;0;0;0;0;0;0;0;0;0;0;0;0;0;0;0;0;0;0;0;0;0
OTU0170;0;0;0;0;0;0;2.666666667;0;0;0;0;0;0;0;0;0;0;0;0;0;0;8;0;0;0;0;0;0;0;0;0;0;0;0;0;0;0;0;0;0;0;0;0;0;0;0;0;0;0;0;0;0;0;0;0;0
OTU0171;0;0;0;0;0;4.666666667;0;0;0;0;0;0;0;0;0;0;0;0;0;0;0;0;0;0;0;0;0;0;0;0;0;0;0;6.333333333;0;0;0;0;0;0;0;4.333333333;0;0;0;0;0;0;0;4.333333333;0;0;0;0;0;0
OTU0172;0;0;0;0;0;0;1.666666667;0;0;0;0;0;0;0;0;0;0;0;2.666666667;0;0;0;0;0;0;0;0;0;0;0;0;0;0;0;0;0;0;0;1.333333333;0;0;0;0;0;0;0;0;0;0;0;0;0;0;0;0;0
OTU0173;8.333333333;2.666666667;15;2.666666667;0;17.66666667;21.66666667;2.333333333;7.333333333;42.66666667;81.66666667;0;8.333333333;6.333333333;0;14.66666667;0;21.66666667;107.3333333;35.66666667;183.3333333;36.33333333;305;31.66666667;122;108.3333333;93.66666667;116;0;0;0;2.333333333;0;53.33333333;4.333333333;0;3.333333333;0;10.66666667;0;1;28.33333333;11;1;0;3.666666667;5.666666667;18.33333333;30.33333333;9;177.6666667;586.6666667;137;14;86.33333333;51
OTU0174;0;0;0;0;0;0;0;0;0;0;0;0;0;0;0;0;2.666666667;0;4.666666667;0;5;13.33333333;3.666666667;0;1.666666667;0;0;0;0;0;0;0;0;0;0;0;0;0;0;8.666666667;0;0;0;0;0;0;0;0;5.666666667;0;0;5.333333333;7.666666667;0;2;0
OTU0175;8.333333333;1;21.66666667;0;2.333333333;5.333333333;2;1.333333333;0;0.666666667;126;1.333333333;2.333333333;5.666666667;0;9.333333333;0;0.333333333;2.333333333;6;45.33333333;18.66666667;8.666666667;3.333333333;111.6666667;7;2;24.66666667;0;0;0;0;0;0.666666667;0;0;23.66666667;0;3;0;18;7;27;0;0;0;0;1;0;1;59;39.33333333;0;0;41;2.666666667
OTU0176;0;1.666666667;0;2;0;0;5;2.333333333;2;5;17;0;1;0;0;2.333333334;0;0;9.333333333;0;8.666666667;0;2;10.66666667;12.33333333;0;10.66666667;2.666666667;1.333333333;0;0;0;0;0;0;0;0;0;1;0;0;0;0;0;0;0;0;0;0;0;13;6.333333333;26.66666667;0;13.33333333;0
OTU0177;27;0;7.666666667;4;4.333333333;0;6;3;14.33333333;0;5.333333333;7.333333333;3;0;0;8;21.33333333;0;34.66666667;9;43.66666667;24;15.33333333;4.666666667;6;3;24;12.66666667;8.333333333;2.5;20.33333333;1;4;0;12.33333333;1.666666667;18;0;21.66666667;11.33333333;12;3.666666667;14.33333333;7.333333333;5.333333333;7;1.666666667;15.66666667;0;0;50.33333333;48.66666667;18.66666667;0.666666667;18.33333333;3.666666667
OTU0178;0;0;0;0;0;0;0;0;0;0;0;0;0;0;0;0;0;0;0;0;0;22.66666667;0;0;0;0;0.666666667;0;0;0;0;0.666666667;0;0;0;0;0;0;0;0;0;0;0;0;0;0;0;0;0;0;0;0;0;0;0;0
OTU0179;0;0.666666667;1.666666667;0;0;0;15.66666667;0;0;12.33333333;1;0;0;10.66666667;0;0;0;0;37.33333334;0;0;0;0;1;0;0;13;0.666666667;0;0;1.333333333;0;0;5.666666667;0.333333333;0.333333333;0;0;0;0;1;2;0;0;0;0;0;0;0;0;19.33333333;0.333333333;0.666666667;0;0.666666667;0.666666667
OTU0180;0;0;0;0.666666667;0;0;0;0;0;0;0;0;0;0;0;0;0;0;0;0;0;0;0;0;0;0;0;0;0;0;0;0;0;5.333333333;0;0;0;0;0;0;0;0;0;0;0;0;0;0;0;0;0;0;0;0;0;0
OTU0181;0;0;0;0;0;2.666666667;0;0;0;1.666666667;0;0;0;0;0;0;0;0;0;0;0;0;0;0;0;0;0;0;0;0;0;0;0;0.333333333;0;0;0;0;0;0;0;0;0;0;0;0;0;0;0;0;0;0;0;0;0;0
OTU0182;0;0;0;0;0;29.66666667;0;0;0;0.666666667;0.666666667;0.333333333;0;2.666666667;0;0;0;0.333333333;0;0;0;0;0;0;0;0;0;0;0;0;0;0;0;29;0;0;0;1;0;0;0;15.33333333;1.333333333;0;0;0;0;0;0;10.33333333;0;0;0;0;0;0
OTU0183;0;0.333333333;0;0;0;4.666666667;0;0;0;0;0;0;0;0.666666667;0;0;0;0;0;0;0;0;0;0;0;0;0;0;0;0;0;0;0;0;0;0;0;0;0;0;0;0;0;0;0;0;0;0;0;0;0;0;0;0;0;0
OTU0184;34.33333333;0;0;0;11;25;0.666666667;2.333333333;0;0;1.333333333;14.66666667;0.333333333;19.66666667;0.333333333;0;7.333333333;0;23;20.33333333;7.333333333;23.66666667;5;21.33333333;14.66666667;32.33333333;4.666666667;5.333333333;0;0;0;0.333333333;0;12.66666667;0;2.333333333;12.33333333;0;1.666666667;1.333333333;0;10.66666667;5.333333333;0.333333333;0.666666667;55;3.333333333;23.33333333;0;64.33333333;28.33333333;24;3.666666667;60;0.666666667;31.33333333
OTU0185;2.666666667;0;0;0;0;5.666666667;0;0;0;0;0;0;0.666666667;0;0;0;0;0;0;3;0;1.666666667;0;3.333333333;0;0;0;0;0;0;0;0;0;0;0;0;0.333333333;0;0;0;0;0;0;0;0;0;0;0;0;4.333333333;0;3.333333333;0;1.666666667;0;0
OTU0186;27.33333333;5;1;0;13.66666667;0;9;1.333333333;0.333333333;8.333333333;9.666666667;2.666666667;7;52.66666667;22.33333333;0.666666667;7.666666667;10.66666667;15.66666667;0;9.666666667;6.333333333;22.66666667;2.666666667;2.333333333;0;0;15.33333333;0;0;66.66666667;0.666666667;1;0;2;2.333333333;0;0;51.33333333;0;35;0.666666667;5;0.333333333;22.66666667;1.333333333;0;2;1.666666667;0.333333333;0;0;12.33333333;0;9.666666667;3.666666667
OTU0187;1.333333333;11.33333333;4;0;0;43.66666666;7;0;0;18;0.666666667;0.666666666;1;16.66666667;1.333333333;0;1;4;0;1;0;23;1.333333333;0;0.333333333;0;0;0;0;0;1.666666667;0;0;23.66666667;0;0.666666667;0;0;0.666666667;0.666666667;7;30.33333334;1.333333333;0;0;1.333333333;0;0;0;15.33333333;0;1.666666666;0;0;1;0
OTU0188;0;2.333333333;0;0;0;0;0;0;0;12.33333333;0;0;0;1;1.333333333;0;0;0;0;0;0;0;0;0;0;0;0;0;0;0;0;0;0;0;0;0;0;0;0;0;0;0;0;0;1;0;0;0;0;0;0;0;0;0;0;0
OTU0189;0;0;0;0;1;7.666666667;1.666666667;1.666666667;0.333333333;12.66666667;0;4.666666667;0.333333333;3;6;0;1.666666667;12.66666667;4;5;0;5.666666667;3.333333333;3.666666667;0.333333333;8.333333333;3;0.666666667;0;0;0.666666667;11;0.333333333;19.66666667;8.666666667;5.666666667;0.333333333;2.666666667;1.666666667;2.666666667;0;8.666666667;8.666666667;2.666666667;2.666666667;12.66666667;8.333333333;4.666666667;0.333333333;10.66666667;1;6.666666667;4.333333333;19.66666667;0;12
OTU0190;0;0;0;0;0;0;0;0;0;0;0;0;0;0;0;0;0;0;0;0;0;0;0;2;0;0;0;0;0;0;0;0;0;0;0;0;0;0;0;0;0;0;0;0;0;0;0;0;0;0;0;0;0;0;0;0
OTU0191;0;0;0.333333333;0;0;29;0;1;0;0;0;1.666666667;0;0;0;0;0;0;0;0;0;0;0;0;0;0;0;0;0;0;0;0;0;31.66666667;0;0;0;0;0;0;0;1;0;0;0;0;0;0;0;1.666666667;0;0;0;0;0;0
OTU0192;0;0;0;0;0;0;0;0;0;1.333333333;0;0;0;0;0;0;0;1.333333333;0;0;0;0;0;0;0;0;0;0;0;0;0;0;0;1.666666667;1.666666667;0;0;6;0;0;0;0;0;0;0;0;0;0;0;0;0;0;2;0;0;0
OTU0193;3;26.33333333;1;8.666666667;0;18;2;2;5.333333333;28.33333333;2.333333333;1.333333333;18.33333333;39;10.66666667;3.333333333;1;10;3.666666667;0;1.333333333;7;1.666666667;1;0;0;3.666666667;0;0;0;8.666666667;0;3.666666667;26;2.333333333;0.666666667;3.666666667;7.666666667;5.333333333;0;2.333333333;18.33333333;6;0;1;0;0;0;3.666666667;5;1.666666667;1;0;0;2.333333333;0
OTU0194;12.66666666;1;0;0;13;38;0;6;0;59.66666667;2.333333333;5;11;44.33333334;14.33333334;2;6;14.33333333;8.333333333;6.999999999;1.666666667;9.333333334;7.333333334;6.666666667;1;4.666666667;0;1.666666666;0;0;0.666666667;1.333333333;0;39.00000001;0;0.333333333;3.666666666;19.33333334;1.666666667;0.666666667;1.333333333;6.999999999;4.666666667;0.666666667;4.333333333;4;5;6;0;3;10.66666667;9.666666667;5.333333333;27.33333333;0.333333333;5
OTU0195;54.33333333;27.33333333;23.33333333;31.66666667;51;12.33333333;64.66666667;32.66666667;44.33333333;12.66666667;40;35.33333333;21.66666667;34;45.66666666;14.33333333;58.66666667;24.66666667;39.66666667;27.33333333;35.66666667;39.66666667;22;23.66666667;43;17.66666666;24;30;44.33333333;21;69.33333333;15;37.66666667;12.66666667;36;19.66666666;41.33333333;3.333333333;39.33333333;29.66666667;31.33333333;22;33.33333333;15.66666667;57.33333333;20;28;19.33333333;22.66666667;17.66666667;24.66666667;12;31;27.66666667;29;30.33333333
OTU0196;9;22;15.33333334;10.33333333;0;0;29.66666667;0;0.666666667;1;2;0;0;0;0;0;0;0.333333333;0;0;7.666666667;11.66666667;0;0.666666667;0;0;0;0;0;0;13.33333333;0;1;0;0;0;0;0;7;0.666666667;18.33333334;0;0;0;0;0;0;0.666666667;0;0;3.333333333;0;0;0;1;0
OTU0197;0;0;0;0;0;0;0;0;0;0;0;0;0;0;0;0;0;0;1.333333333;0;0;0;2.333333333;0;0;0;0;1.333333333;0;0;0;0;0;0;0;0.333333333;0;0;0;0;0;0;0;0;0;0;0;0;0;0;2;0;0;0;0;0
OTU0198;0;0;0;0;0;0;0;0;0;0;0;0;0;0;0;0;1;0;0;0;0;0;0;0;0;0;0;3;0;0;0;0;0;0;0;0;0;0;0;0;0;0;0;0;0;0;0;0;0;0;0;0;0;0;0;0
OTU0199;0;0;0;0;0;5;0;0;0;0;0;0;0;0;0;0;0;0;0;0;0;0;0;0;0;0;0;0;0;0;0;0;0;0;0;0;0;0;0;0;0;2.333333333;0;0;0;0;0;0;0;0;0;0;0;0;0;0
OTU0200;0;0;0;0;0;0;1.666666667;0;2;0;5.666666667;3.333333333;0;2.666666667;0;1.666666667;0;3;3.666666667;0;0;3;0;0.666666667;0;0;1.666666667;0;0;0;9;0.666666667;0;0;0;0;0.666666667;1;8.333333333;0;0.333333333;1;25.33333333;0.666666667;0.666666667;0;0;1;1.333333333;0;0;2.666666667;7;0;4;0
OTU0201;3.666666667;62.33333333;11.33333333;25.33333333;2.666666667;0;17.33333333;4.666666667;138.3333333;0.333333333;4;11.33333333;3.666666667;0;7.333333333;15.33333333;1;0.666666667;0;0.666666667;0;0;0;0.666666667;2.333333333;0;0;0;0;15;18;14.66666667;7.666666667;0;5;0;0;0;2.333333333;1.666666667;2.333333333;0;0;0;0;0;0;0;0;0;0;0;3;0;8;0
OTU0202;1026.666667;350.3333333;308.3333333;399.3333333;1529.333333;179.6666667;1223.333333;596.3333333;1657.333333;274;738.6666666;527.3333333;1054;926;1445.333333;363.6666667;1162.333333;2559.666667;1035.666667;926;954.3333333;1348.666667;1826;1931;1300.666666;1504.333333;1142.333334;1401.333334;1324;490.5;578;2274.333333;802.3333333;664.3333333;1315;1683;1412.333333;2043.333333;1000.333333;575.6666667;1101.666667;937.6666667;1043.666667;1068.666667;778;2188.333333;397.6666667;1083;676;528;707;617.6666667;1989;1889.333333;465.6666667;1192.666667
OTU0203;0;0;0;0;0;0;0;0;0;0;0;0;0;0;0;0;0;0;0;3.666666667;0;0;0;0.666666667;0;0;0;0;0;0;0;0;0;0;0;0;0;0;0;0;0;0;0;0;0;0;0;0;0;0;0;0;0;0;0;0
OTU0204;232;9;20;2;200.6666667;0;63.33333333;60.66666666;19.33333333;2.333333334;18.33333333;48.33333333;50.33333334;27.33333333;57.33333333;22.33333334;135.3333333;39;28;27.66666667;26;72;197;46.66666666;57;34;36.66666667;33;124.6666667;28;30;5.333333333;83.33333333;0;30.66666667;58.66666667;185.6666667;94;45.33333333;16;29.66666667;3.333333333;30.33333333;12.66666667;31.66666667;23.33333333;13;46.33333333;25.33333333;0;54.66666666;33.66666667;140.6666666;22;22;9.333333333
OTU0205;25.33333333;22.66666666;3.666666667;4;3.333333333;0;9.333333333;6.333333333;4.666666667;6.666666667;13.66666667;29;3.333333333;0;9.333333333;3.666666667;3.666666667;52;4;0.666666667;7.333333334;0;3.666666667;0;8;6;5.666666666;0;5.333333333;231.5;18.33333333;125.3333333;0;0;22.33333333;0;7;47.66666667;7.666666666;3.333333333;13;0;13.66666667;4;20.33333333;5.333333333;5.333333333;1;1.333333334;0;8;4.666666667;4;1.333333333;1.666666667;4.666666666
OTU0206;0;0;0;0;0;0;0;0;0;0;0;0;0;0;0;0;0;0;0;0;0;0;0;0;1;0;0;0;0;0;0;0;0;0;0;0;0;0;0;0;0;0;0;0;0.333333333;0;0;0;0;0;0;0;0;0;0;0
OTU0207;0;0;0;0;0;0;0;0;0;0;0;0;0;0;0;0;0;0.666666667;0;0;0;0;0;0;0;0;0;0;0;0;0;0;0;0;0;0;0;0;0;0;0;1;0;0;0;0;0;0;0;0;0;0.666666667;0;0;0;0
OTU0208;0;1.333333333;0;0;0;0;0.666666667;0;0;0;0;0;0;0;0;0;0;0;0;0;0;0;0;0;0;0;0;0;1.333333333;7;0;3.333333334;0;0;3.333333333;0;2;0;0;0;0;0;0;0;0;0;0;0;0;0;0;0;0;0;0;0
OTU0209;358.6666666;187;419;381.3333334;247;50.33333333;360.3333333;244.3333333;356.3333333;188;253.6666666;318;212.6666667;223.3333334;283.6666666;191;294.3333333;304.3333333;325;201.3333333;175.3333333;307.3333333;234.6666667;219.6666666;319.3333334;230;321.3333333;209;380.6666667;308.5;436.3333334;410.3333333;454.3333333;162.6666667;415.6666667;286;276.3333333;233.3333333;294;168.3333333;237.6666667;175.6666667;254.3333333;253.6666667;193.6666667;236;197.3333333;198.6666667;260.3333333;266;293.6666667;239.3333333;468.3333333;287.6666667;362.3333333;323.3333334
OTU0210;0;0;0;0;4;0;0;0.333333333;0;0;9;0;3;0;0;2.666666667;2.666666667;0;4.333333333;0;12.66666667;2.666666667;0;2.333333334;1.666666667;0;9;10.33333333;11.66666667;0;0;17.33333333;0.333333333;0.666666667;16.33333334;3;3.666666667;49.66666667;0;0.666666667;0;0;0.666666667;5.666666667;5.666666667;0;0;2.333333334;0;2.666666667;1.666666667;0;0;0;0;6
OTU0211;213;169.3333334;77.66666666;119;119;5;145.3333333;75;125;155.6666667;129.6666667;132.6666667;122.3333334;49.33333333;76.66666667;60.33333333;119.3333334;89;110.3333333;73.66666667;106.3333333;59;96;90.33333333;339.6666667;276.6666667;123.3333333;92.33333333;67.33333333;315;103.3333333;47;153.6666667;52.66666666;99;98.33333334;108;53.66666667;131;76;168;61.66666667;53;36.33333333;87.66666667;49.33333333;43.33333333;80.33333333;191;108.6666667;78.33333333;124;82.33333333;70.66666667;107;98.33333333
OTU0212;0;0;0;0;0;0;0;0;0;1.666666667;0;0;0;0;0;0;0;0;0;0;0;0.333333333;0;0;0;0;0;0;0;0;0;0;0;0.666666667;0;0;0;0;0;0;0;0;0;0;0;0;0;0;0;0;0;0;0;0;0;0
OTU0213;0;0;0;0;0;108.6666667;0.666666667;0;0;0;0;0;0;0;0;0;0;0;0;0;0;0;0;0;0;0;0;0;0;0;0;0;0;0;0;0;0;0;0;0;0;0;0;0;0;0;0;0;0;0;0;0;0;0;0;0
OTU0214;0;0;0;0;0;5.666666667;0;0;0;0;0;0;0;1.333333333;0;0;0;0;0;0;0;0;0;0;0;0;0;0;0;0;0;0;0;0;0;0;0;0;0;0;0;2.333333333;0;0;0;0;0;0;0;0.333333333;0;0;0;0;0;0
OTU0215;0;5.666666667;0;0;0;0;0.333333333;0;0;0;2;0.666666667;1;0;0;0;2;0;0.333333333;0;1.333333333;0;0;0;2;0;1;2;0;0;2;0;1.666666667;0;0;0.333333333;0;0;0;0;1.666666667;0;0;0.666666667;0;0;0;0;1.333333333;0;0;0;1.666666667;0;2.333333333;0
OTU0216;102.3333333;72;71;25.33333334;93.33333333;11.33333333;41.00000001;37;82.33333334;18.33333333;80.33333333;86.33333333;246.3333333;45;68.33333333;124;124.6666667;86;70.66666666;60.33333334;64.66666666;32;95.33333333;82.99999999;191;31.33333334;151.3333333;168;88;65.5;36.66666667;56;61.66666667;46;79.66666667;95;13.66666667;33.33333333;28;56;125.6666667;63;46;82.66666667;63;22.33333334;61;90;137.6666667;12.33333333;45.33333333;58.33333334;92.33333334;16;108.6666667;43
OTU0217;23;107.6666667;28.33333333;90;28.33333333;4;19.33333333;44.33333334;66.66666667;16.33333333;21.66666667;29.66666666;84.33333334;11.33333333;35.66666667;27.66666667;62.66666667;11.66666667;15;3.999999999;25;6.333333333;14.33333333;10.66666667;32;0.333333333;17.66666667;24.33333333;65.99999999;82.5;20.33333333;49.66666667;99.66666666;11;6;13.66666667;33;37.66666667;23;17;70.66666666;15;3;2;12;0;6.666666667;1.666666666;124.3333333;1;3;11.33333333;16.33333334;0.666666667;22;8.666666666
OTU0218;0;9;2.666666667;9;0;0;0.333333333;0.666666667;6;1.333333333;0;4.333333333;0;0;0;1;0;0.666666667;1.333333333;11;24.33333333;5.666666667;3.666666667;4.333333333;0.666666667;6.333333333;8.666666667;18;4.333333333;0;1.666666667;2.333333333;2.666666667;4.666666667;0;0;5;2;3.333333334;3;3.333333334;2.666666667;0;0;0.333333333;0;1;0;3;0;0;14.33333333;0;4.333333333;0;0
OTU0219;49.33333333;57.33333333;13.33333333;11.66666667;14;2;15.66666667;14.66666667;24.33333333;7.666666667;5.333333333;25;75.33333333;8;10.33333333;8.333333333;17.33333333;22.66666667;4.333333333;29.33333333;67.66666668;28.66666667;31.66666667;53.33333333;37.99999999;19.33333333;34.66666667;74.33333333;40.66666667;0;57.66666667;4;42;10.33333333;26.66666667;20.66666666;20;3.333333333;19.33333333;16.33333333;44;30.33333333;3.333333333;3;9;4.666666667;2.333333333;2;21;16.66666667;20.33333333;106.6666667;5.333333333;11.66666666;20.66666667;33.33333333
OTU0220;22;11.33333333;10;5.666666667;9.333333334;4;14.33333333;4.666666667;16;0.333333333;12;5.666666666;63.33333333;4.333333333;9;10.33333333;5;8.333333333;0;3.333333334;24.33333333;3.333333333;11;0;29.33333333;0;7.333333334;19.33333334;16.66666666;6.5;2;7.333333334;3.333333333;5;2;2.666666667;19;3;3;2.333333333;23.66666666;4.666666666;3.333333334;6;1.333333334;0.666666666;3.333333333;5.666666667;13;2;8;2.333333333;9.333333334;16.33333333;26.33333333;4.666666667
OTU0221;32.33333333;21;7.333333333;35;55.66666666;0;10;31.33333334;38.66666667;18.33333333;29.66666667;10.66666667;63.66666667;64;44;31.66666667;99.33333333;36;35.33333333;25.33333333;36.33333333;26.33333333;22.33333333;10;57.66666667;17.33333333;25.33333333;16;32.33333333;52;55;50;71.33333333;21;49.66666667;37;33;47;21.33333333;42;79;21;29.66666667;38.33333333;53;22.66666667;51.33333333;31.33333333;87.66666667;27.66666667;23.33333333;12;35.66666667;74.33333333;47.66666667;25.33333333
OTU0222;70.66666667;72.33333334;38.66666667;117.6666667;81.66666666;37.33333334;43.66666667;96.66666667;89.33333334;93.33333333;55.66666667;52.33333333;144.6666667;65.66666667;80.33333333;46.66666667;107;102;85.66666667;90.33333333;87.66666667;91.66666667;64;72.00000001;104.6666667;57;94.33333333;69.66666666;48.33333333;91;62.33333333;26.33333334;90;61.66666667;45.66666666;40.66666667;124.6666667;16;35;95.33333333;137.6666667;75.66666666;45;55.33333333;46.33333333;59.33333333;82.66666667;63;110;41.33333333;72.66666667;79.00000001;44;60.33333333;68.33333333;38.66666666
OTU0223;0.666666667;1.333333333;0;1.333333333;6.666666667;0.333333333;1.333333333;4.666666667;0;1.333333333;1.333333334;5;0.666666667;6.333333333;5.666666667;0;7.333333333;5.000000001;2.666666667;0;7.666666667;2.333333333;4.666666667;0;2.333333334;0;8.333333333;6;6.666666666;7.5;3.333333334;14.33333333;2.333333334;0;0;4.000000001;0;2;0.666666667;1.333333333;5.999999999;2.666666667;5.666666666;3.333333333;9.333333333;8.000000001;4;2.666666666;1.333333334;0;2.666666666;0;0.999999999;1;0;2.666666667
OTU0224;0.333333333;0.333333333;0;0;2;5.999999999;0;0.333333333;0;3;0;11.66666667;0;13;7.333333334;0;1.333333334;3.666666667;3.666666667;5;2.333333333;5;6.333333333;1.999999999;1;8.333333334;5.666666667;14.33333333;0.666666667;0;3.666666667;0.666666667;2;8.999999999;1.666666667;10;2.333333333;0.333333333;4;3;3;12;7;3;8;22;11;7.666666666;1.666666667;17;13.66666667;43;4.333333333;9.666666667;1.666666667;11.33333333
OTU0225;36.66666667;58.66666666;31;17.66666667;54.33333333;5.333333333;32;27.66666667;70.66666667;54;23.33333334;17.66666667;56.66666666;88.33333334;27;23.33333333;58.33333334;108;56;41.33333333;47.66666666;48.66666667;54.66666666;31.33333333;27.66666667;7.333333333;87.33333334;46.33333334;26;108.5;36.66666667;29;49;26.66666667;36.33333334;55.66666667;90.33333333;14.33333333;31;94.00000001;75;73.33333334;34.66666667;7;39.66666667;30.66666666;35.00000001;34.33333333;25.33333333;25.66666667;59.99999999;7.333333334;11.66666667;4;54;14.66666666
OTU0226;56;259;74;357.3333333;63.66666666;35;92;125.3333333;162;111.6666667;75.33333333;75.66666666;66;64.33333334;73;59.66666667;67.66666666;83;63;42;33.66666667;35.66666667;22.33333333;68.33333333;98.33333334;113.6666667;48;37.33333334;29.33333333;97.5;148.6666667;194;87;110;103.3333333;66.66666667;69.66666667;158.6666667;62;124;109;103.6666667;38.33333334;88.66666667;44.33333333;33.99999999;28.33333333;35;65.66666667;106.3333333;59.66666666;29.33333333;28.33333333;28.66666667;147.6666666;29.66666667
OTU0227;19;20;6.666666667;6;37.33333333;24.66666667;8.333333333;13.66666667;20.66666667;26.33333334;14;18.33333333;59.66666666;46.66666667;17.66666667;41;42.66666666;38.33333334;42;32.33333333;29;65.00000001;21.66666667;37;45.66666667;44.33333333;101;28;44.00000001;14.5;8.666666666;3.666666666;59.66666667;27.33333333;13.66666667;31.66666666;42.66666667;3.666666667;10.33333333;32;35.66666667;31;38;16;41.33333333;30;22.66666667;32.33333334;39.66666666;58.33333333;44.33333333;29.66666666;29;25.33333333;42.33333333;24.66666667
OTU0228;199.6666667;168.3333333;105.3333333;174.6666667;162;52.66666667;105.6666667;120.6666667;164;75.33333333;147;123.6666667;199.3333333;96.00000001;78.33333333;146;237.3333333;93;122.3333333;60.66666667;133.3333333;77;100.6666667;95.66666665;190.3333334;105.6666667;203.6666667;56.66666667;137;129;149;70.66666667;229.3333333;78.33333333;111;110;144;26;149.6666667;142;235.6666667;121.3333333;72;100.3333333;170;81.33333332;152.3333333;124.3333333;229.6666667;129.6666667;184.6666667;113.3333333;121.3333333;66.66666667;231.6666667;76.66666667
OTU0229;0;0;0;0;0;5.333333333;0;0;0;0;0;0;0;0;0;0;0;0;0;0;0;0;0;0;0;0;0;0;0;0;0;0;0;1.666666667;0;0;0;0;0;0;0;1.333333333;0;0;0;0;0;0;0;0;0;0;0;0;0;0
OTU0230;2.333333333;18.33333333;2.333333333;2;0;0;0;1.666666667;1;1.333333333;0;0;0;1;0;0;0;1.666666667;0;0;1;0;0;2.333333333;2;0;0;1.333333333;0;16;2.666666667;0;2.666666667;1;0;0;0;0;1.333333333;0;0;2.333333333;0;0;0;0;0;0;0;0;0;0;2.333333333;0;0;0
OTU0231;0;0;0;0;0;0;0;0;0;0;0;0;0;0;0;0;0;0;0;0;0;0;0;0.333333333;0;0;0;0;0;0;0;0;0;0;0;0;0;0;0;0;0;0;0;0;0;0;0;0;0;0;0;0;0;0;0;0
OTU0232;1;0;0;0;0.333333333;0;0;0;0;0;0;0;0;0;0.333333333;0;1;0;0.666666667;0;1.666666667;0;3.666666667;0;0;0;0;0;0;0.5;0;0;0;0;0;0;0;0;0;0;0;0;0;0;0;0;0;0;0;0;0;0;0;0;0;0
OTU0233;0;0;0;0;0;0;0;0;0;0;0;0.333333333;0;0;0;0;0.333333333;0.666666667;0;0;0.666666667;0;0;0.666666667;2;0;0;0;0;0;0;0;0;0;0.333333333;0.666666667;0;0;0;0;0;0;0;0;0.666666667;0;0;0.666666667;0.333333333;0;0;0;0.666666667;0;0;0
OTU0234;0;0;0;0;0;0;0;0;0;0;0;0;0;0;0;0;0;0;0;0;0;0;0;0;0;0;0;0;1;0;0;0;0;0;0;0;0;0;0;0;0;0;0;0;0;0;0;0;3;0;0;0;0;0;0;0
OTU0235;3;0;0;0;1.333333333;0;0;0.333333333;0;0;0;1.333333333;0;3.666666667;1.333333333;1;6.333333333;4.666666667;6.666666667;1.333333333;2;2.666666667;13.33333333;3.666666667;1.666666667;0.666666667;3;6;0;0;0;0;0;1.333333333;0;3.333333333;2;0;0;2.333333333;1;0;6.333333333;1.333333333;3.333333333;21.66666667;13;11.33333333;0.666666667;1.333333333;5.333333333;1;2;10.33333333;1.333333333;8
OTU0236;1.333333333;0;0;0;0.666666667;3.666666667;0.666666667;1;0;1;0;2.333333333;0;2.666666667;1;0;7.999999999;2.666666667;7;7.333333332;3.333333333;5.333333333;8.333333334;2.333333332;0;0;2;0.666666667;0;0;0;0;0;5;4.333333333;0;0.666666667;1;0;0;0;4;4.666666668;0;3.333333333;16;6.333333333;5.333333332;0;2;19.33333333;0.666666667;1.333333333;17.33333333;0.666666667;9.666666667
OTU0237;0;0;0;0;0;0;0;0;0;0;0;0;0;0.333333333;0.333333333;0;0;0.666666667;0;0;0;2.666666667;0;0;1;1.333333333;0;0;0;0;0;0;0;0;0;0;0;0;0;0;0;0.333333333;0.666666667;0;0;2.333333333;0.666666667;0;0.666666667;0;2.333333333;0.333333333;0;0;0;0.666666667
OTU0238;22.33333333;0;0;0;8.666666667;1;0;1.333333333;1;0;0.333333333;4.333333333;1.666666667;5.333333334;0.666666667;1;21.66666667;11.66666667;8.666666667;2;3.333333333;13;10;6.333333333;9;3.666666667;11;8.333333333;2;0;0;0;0;2;5;11.33333334;0;2;2;7.333333333;0;1;12.66666667;11.33333333;9.333333333;16;39.33333333;24.33333333;0;3.333333333;11.66666667;5.666666667;13.66666667;15.66666667;4.666666667;10.33333333
OTU0239;0;0;0;0;0;1.333333333;0;0;0;0;0;0;0;0;0;0;0;0;0;0;0;0;0;0;0;0;0;0;0;0;0;0;0;0;0;0;0;0;0;0;0;0;0;0;0;0;0;0;0;0;0;0;0;0;0;0
OTU0240;0;0;0;0;0;5.666666667;0;0;0;0;0;0;0;0;0;0;0;0;0;0;0;0;0;0;0;0;0;0;0;0;0;0;0;0;0;0;0;0;0;0;0;0;0;0;0;0;0;0;0;0;0;0;0;0;0;0
OTU0241;0;1;0;0;0;44.66666667;0;0;0;105.3333333;0;0;0;0;0;0;0;0;0;0;0;0;0;0;0;0;0;0;0;0;0;0;0;0;0;0;0;0;0;0;0;0;0;0;0;0;0;0;0;0;0;0;0;0;0;0
OTU0242;0;4.333333333;2.333333333;3.333333333;3.333333333;356;1.333333333;6;3.666666667;194.3333333;1.666666667;1.333333333;0;4;0;0;0;0;0;0;0;0;0;0;0;0;0;0;0.333333333;0;0;0.333333333;0;198;0;0;0;0;0;0;0;6;0;0;0;0;0;0;0;0.666666667;0;0;1;0;0.333333333;1
OTU0243;0;0;0;0;0;0;0;0;0;0;0;0;7;0;0;0;0;0;0;0;0;0;0;0;0;0;0;0;0;0;0;0;0;0;0;0;0;0;0;0;2.333333333;0;0;0;0;0;0;0;0;0;0;0;0;0;0;0
OTU0244;0;0;0;0;0;2.333333333;0;0;0;0;0;0;0;0;0;0;0;0;0;0;0;0;0;0;0;0;0;0;0;0;0;0;0;0;0;0;0;0;0;0;0;0;0;0;0;0;0;0;0;0;0;0;0;0;0;0
OTU0245;0;0;0;0;0;4;0;0;0;4;0;0;0;0;0;0;0;0;0;0;0;0;0;0;0;0;0;0;0;0;0;0;0;0;0;0;0;0;0;0;0;0;0;0;0;0;0;0;0;0;0;0;0;0;0;0
OTU0246;0;0;0;0;0;27.33333333;0;0.333333333;0;68;0;0;0;1.333333333;0;0;0;5.666666667;3.666666667;0;0;0;0.333333333;0;0;0;0;0;0;0;0;0;0;36.66666667;0;4.333333333;0;6;0;2;0;35;1.666666667;0;0;0;3.333333333;1;0;32;25.33333333;4.666666667;0;12.66666667;0;0
OTU0247;0;0;0;0;0;3.666666667;0;0;0;3.333333333;0;0;0;0;0;0;0;0;0;0;0;0;0;0;0;0;0;0;0;0;0;0;0;0;0;0;0;0;0;0;0;0;0;0;0;0;0;0;0;0;0;0;0;0;0;0
OTU0248;0;0;0;0;0;15;0;0;0;51.66666667;0;0;0;0;0;0;0;0;0;0;0;0;0;0;0;0;0;0;0;0;0;0;0;27;0;0;0;0;0;0;0;6.333333333;0;0;0;0;0;0;0;2.666666667;0;0;0;0;1.333333333;1
OTU0249;0.333333333;1;0;0;0;54.33333333;0;0;0;7.666666667;1;0;0;0;0;0;0;2.333333333;0;0;0;0;0;0;0;0.333333333;0;0;0;0;0;5;0;22.66666666;0;0;0;28.66666667;0;0;0;36;0;0;0;3;0;1.333333333;0;12.33333333;0;0;0;0;0;0
OTU0250;0;0;0;0;0;8.666666667;0;0;0;12.66666667;0;0;0;0;0;0;0;0;0;0;0;0;0;0;0;0;0;0;0;0;0;0;0;10;1.333333333;0;0;0;0;0;0;14.66666667;0;3;0;0.666666667;0;1;0;3.666666667;0;0;0;0;0;0
OTU0251;0;0;0;0;0;1.333333333;0;0;0;0;0;0;0;0;0;0;0;0.666666667;0;0;0;0;0;0;0;0;0;0;0;0;0;0;0;3.666666667;0;0;0;0.333333333;0;0;0;1.333333333;0;0;0;0;0;0;0;1;0;0;0;0;0;0
OTU0252;0;0;0;0;0;38.33333333;0;0.333333333;0;8.333333333;0;0;0;0;0;0;0;0;0;0;0;0;0;0;0;0;0;0;0;0;0;0;0;7;0;0;0;0;0;0;0;2.333333333;0;0;0;0;0;0;0;0;0;0;0;0;0;0
OTU0253;0;0;0;0;0;45.66666667;0;0;0;1.666666667;0;0;0;0;0;0;0;0;0;0;0;0;0;0;0;0;0;0;0;0;0;0;0;12;1;0;0;0;0;0;0;3;0;0;0;0;0;0;0;0;0;0;0;0;0;0
OTU0254;0;0;0;0;0;0;0;0;0;0;0;0;5.666666667;0;0;0;0;0;0;0;0;0;0;0;0;0;0.333333333;0;0;0;0;0;0;0;0;0;0;0;0;0;0;0;0;0;0;0;0;0;0;0;0;0;0;0;0;0
OTU0255;0;0;0;0;0;0;0;0;0;0;0;0;0.333333333;0;0;0;0;0;0;0;0;0;0;0;0;0;0;0;0;0;0;0;0;0;0;0;0;0;0;0;0;0;0;0;0;0;0;0;0;0;0;0;0;0;0;0
OTU0256;0;0;0;0;0;0;0;0;0;0;0;0;2.333333333;0;0;0;0;0;0;0;0;0;0;1;0;0;0;0;0;0;0;0;0;0;0;0;0;0;0;0;0;0;0;0;0;0;0;0;0;0;0;0;0;0;0;0
OTU0257;0;0;0;0;0;0;0;0.333333333;0;0;0;0;9.333333333;0;0;0;0;0;0;0;0;0;0;0;0;0;0;0;0;0;0;0;0;0;0;0;0;0;0;0;0;0;0;0;0;0;0;0;0;0;0;0;0;0;0;0
OTU0258;0;0;0;0;0;0.666666667;0;0;0;2.333333333;0;0;0;0;0;0;0;0;0;0;0;0;0;0;0;0;0;0;0;0;0;0;0;0.333333333;0;0;0;3;0;0;0;0;0;0;0;0;0;0;0;0;0;0;0;0;0;0
OTU0259;0;0;0;0;0;3.333333333;0;0;0;10.33333333;0;0;0;0;0;0;0;0;0;0;0;0;0;0;0;0;0;0;0;0;0;0;0;0;0;0;0;0;0;0;0;0;0;0;0;0;0;0;0;0;0;0;0;0;0;0
OTU0260;0;0;0;0;0;30.66666667;0;0;0;63.33333334;0;0;0;7.333333333;0;0;0;0.666666667;0;0;0;0;0;0;0;0;0;0;0;0;0;1.333333333;0;31.66666667;3.333333333;0;0;0;0;0;0;17.66666667;2;0;0;0;0;0;0;1.666666667;0;0;0;0;0;0
OTU0261;0;0.333333333;0;1.333333333;0;146.6666667;0;0.666666667;0.666666667;216.6666667;0;0;0;9.333333333;0;0;0;0;0;0;0;0;0;0;0;0;0;0;0;0;0;0;0;64.33333333;0;0;0.333333333;0;0;0;0;65.66666667;0;0;0.333333333;0;0;0;0;14.33333333;0;0;0.666666667;0;2;0
OTU0262;0;0;0;0;0;1.666666667;0;0;0;0;0;0;0;0;0;0;0;0;0;0;0;0;0;0;0;0;0;0;0;0;0;0;0;0;0;0;0;0;0;0;0;0;0;0;0;0;0;0;0;0;0;0;0;0;0;0
OTU0263;0;0;0;0;0;2;0;0;0;15.66666667;0;0;0;1.333333333;0;0;0;0;0;0;0;0;0;0;0;0;0;0;0;0;0;0;0;11.33333333;0;0;0;0;0;0;0;17;0;0;0;0;0;0;0;1;0.666666667;0;0;0;0;0
OTU0264;4.666666667;66.33333334;21.66666667;52.33333333;22.33333333;3;30;11.33333333;40;34.66666667;21.33333333;33;39;7;31.33333333;21.33333333;20.66666667;21.33333333;14.33333333;19;27.33333333;10;27.33333333;18.33333333;39;22.33333334;25;46;20.33333333;84;29.33333334;20.66666666;51;11.33333333;12;22;11.33333333;16.66666666;31.33333334;22.33333333;17.33333333;23.66666667;10.33333333;11.33333334;32;12.66666667;14.66666667;15.66666667;33.66666666;7;7;19.33333333;9;10;21;7
OTU0265;2;33.33333333;3;27.66666667;0.333333333;8;15;8;22.66666667;45.66666666;7.666666667;5.666666667;9.333333333;9.666666666;1.666666667;2.666666667;3.333333334;17;3.666666667;6;11;4;6.333333333;4.666666667;11.66666667;4.333333333;3.666666667;14;0;100.5;7;4.666666667;5.666666666;6.666666667;3.333333333;3.666666667;2.666666667;11.33333333;7;1;8;12.33333333;2;0.333333333;0;2.333333333;3.666666667;3.333333333;11;14;3.333333333;10.66666667;3;1;13.66666667;1.333333333
OTU0266;3.333333333;2.666666667;4;10;3.333333333;7;1.333333333;3.333333333;1.333333333;0;8;7;2.666666667;2.666666667;2.333333333;3.333333333;6.666666667;2.333333333;2.666666667;0.666666667;4.666666667;2.666666667;3.333333333;1.333333333;6.666666667;0;0;8.333333333;3.333333333;0;5.333333333;5;10.66666667;0;3;4;0;2.333333333;8;4.666666667;5.666666667;3.666666667;1;2.333333333;5.333333333;1.666666667;3.333333333;1.666666667;11;5.333333333;3;0;8;1;4;0.666666667
OTU0267;0;0;0;0;0;1;0;0;0;0;0;0;0;4.333333333;0;0;0;0;0.666666667;0;0;2.666666667;0;0;0;0;0;0;0;0;0;0;0;1;0;0;0;0;0;0;0;0.333333333;0;0;0;0.666666667;0;0.666666667;0;0;0.666666667;2.666666667;0;0;0;0
OTU0268;0;2.666666667;0;0;0.666666667;0;0;0;3;0;0;0;0;0;2.666666667;0;0.333333333;0;0;0;0;0;0;0;0;0;0;0;0;0;1.666666667;0;2;0;0;0;0;0;0;0;0;0;0;0;0;3.333333333;0;0;0;0;0;0;0;0;0;0
OTU0269;0;0;0.666666667;0;0;0;0;0;0;0;0;0;0;0;0;0.333333333;0;1;0;0;0.666666667;3;0;0;0;0;0;0;0;0;0;0;0;0.333333333;0;0;0;0;0;0;2.333333334;0.666666667;0;0;0;0;0;0;0;0;0;1;0;1;0;0
OTU0270;0;0;0;0;0;0;0.666666667;0;0;0;0;0;0;0;0;0;0;0;0;0;2.666666667;0;0;0;0;0;0;0;0;0;0;0;0;0;0;0;0;0;0;0;0;0;0;0;0;0;0;0;0;0;0;0;0;0;0;0
OTU0271;0;0;0;0;0;0;0;0;0;0;0;0;0;0;0;0;0;0;0;0;0;0;0;0;0;0;0;0.333333333;0;0;0;0;0;0;0;0;0;0;0;0;0;0;0;0;0;0;0;0;0;0;0;0;0;0;0;0
OTU0272;0;0;0;0;0;0;0;0;0;0;1.666666667;0;0;0;0;0;0;0;0;0;0;0;0;0;0;0;0;0;0;0;0;0;0;0;0;0;0;0;0.666666667;0;0;0;0;0;0;0;0;0;0;0;0;0;0;0;0;0
OTU0273;1.333333333;0;0;0;0;3.666666667;0;0;0;4.666666667;0;0;0;8;5.666666667;10;0;1;6.333333333;3.666666667;0;3.666666667;1;0.666666667;7;0;0;0;0;0;0;0;0;8;0.666666667;2.333333333;14.66666667;0;0;11.33333333;4;11;12.66666667;9.666666667;1;1.333333333;3.333333333;0;4.333333333;2.333333333;4.666666667;2.666666667;5.333333333;12.66666667;3.666666667;11.66666667
OTU0274;1;20.33333334;1.333333333;0;0.333333333;0;6;7.333333333;0;0.666666667;0;0;3.666666667;0.333333333;0;0.666666667;0;1;0;1;17.33333333;0.333333333;0;0;3.666666667;1.333333333;0;0.333333333;0;0;0;0;1.666666667;5.333333333;1.666666667;0.666666667;0;1.666666667;0.666666667;1.333333333;12.33333333;0;0;0;3;0;1;3.666666667;0;6.666666667;0.666666667;4;5;0;0;0
OTU0275;0;1;0;0;0;0;0;0;0;0;0;0;0;0.333333333;0;0;0;8.333333333;3.666666667;0.333333333;0;19.66666667;0;0;0;0;0;0;0;0;0;0;0;0;0;0;0;0;0;0;0;0;0.666666667;0.333333333;0;0;0;0;0;0;4.666666667;8.666666667;0;0;0;2.333333333
OTU0276;2.333333333;9.666666666;3.666666667;1.666666667;0.333333333;0;3.333333333;3.666666667;4;3.666666666;0;2.333333333;6;2;6.333333333;4.333333333;6;3.333333334;1.333333333;1.333333333;6;9.333333334;6;2.666666667;18.33333333;1;2.333333333;2.333333333;1.666666666;8;6;0;12.66666667;4.666666666;0;2;4.666666667;3.333333333;3.666666667;5.333333333;14.66666667;3;6.000000001;0;1.666666667;2.666666666;1;1.666666667;1.666666667;6.666666666;14;12.33333333;0;3.666666667;10.33333333;2
OTU0277;52.66666667;287.3333333;109.3333334;118.3333333;46;58.33333333;92.00000001;83.66666667;126.6666667;139;116.6666667;90.33333333;119;44.66666667;23;85;75;104.3333333;50.33333334;45.33333333;107.6666667;75.66666666;65;40.66666667;82;63.33333333;59.33333333;100.3333333;52.33333333;134;55.66666667;61;104.6666667;30.66666667;31;40.33333333;59.33333333;93;128.3333334;70.33333334;123;70.66666667;58.66666667;58.33333334;47.66666666;16.66666667;62.66666667;30;118;40.33333334;65;103;52.66666667;24.66666667;99.33333333;26
OTU0278;25.66666667;14.66666667;16.33333333;7.666666667;3;0;4.666666666;10.66666667;0;0;1;24.33333334;0;0;0;0.333333333;7.333333333;2;0;1;1;0;0;0;0.666666667;0;0;5;1.333333333;0;0;0;2.333333333;0;0;1.333333333;2;0;1.333333333;0;1.333333333;0;0;0;0;0;0.666666667;0;3;0;1;0;0;0;7.333333333;1
OTU0279;4;22;27;13.66666667;5;14.66666667;7;10.66666667;10.33333333;0;0.333333333;13.33333333;3.666666667;15.33333333;3.666666667;1.666666667;6.333333333;6.666666667;1;2;2;13;1.333333333;0.333333333;4.666666667;0;0;10.66666667;8;1.5;7.333333333;0.666666667;8.333333333;5.666666666;1.333333333;1.333333333;8.333333333;1.666666667;1.333333333;11;6;28.66666667;5.000000001;0;2;2.666666667;3.333333333;3;12.33333333;17;2.666666667;10;4;1;3;0.666666667
OTU0280;0;0;0;0;0;0;0;0;0;0;0;0;0;0;0;0;0;0;0;0;0;0;0;0;0;0;0;0;0;0;0;0;0;0;0;0;0;0;0.666666667;0;0;0;0;0;0;0;0;0;0;0;7;3;0;0;0;0
OTU0281;4;28.66666667;2.666666667;17.66666667;8.666666667;0;20.33333333;5.333333333;0;13.33333333;0;1.333333333;13;7.333333333;9.666666667;0.333333333;2;17;14.33333333;3.666666667;9;2.666666667;5.666666667;4.333333333;3.333333333;0.333333333;0;8.666666667;2;8.5;8;7.666666667;22.66666667;4;8;10;37.33333333;7.333333333;13.66666667;18.33333333;11.66666667;6;0;2;0;2.333333333;1;0.666666667;3.333333333;0;0;0;1;0;11.66666667;0
OTU0282;1.666666667;0.333333333;0;0;0;0.333333333;2;0;0;7.666666667;0;0;0.333333333;4.333333333;0;0;0;1;0;0;0;25.33333333;0;0;0;0;0;0;0;0;0;0;0;0;0;0;0;0;0;0;1.333333333;0.666666667;0;0;0;0;0;0;0;0;0;0;0;0;0;0
OTU0283;0;0;0;0;0;0;0;1.333333333;0;0;0;0;0;0;0;0;0;1.333333333;0;0;0;0;0;0;0;0;0;0;0;10;0;0;1.333333333;0;0;0;0;0;1;0;0;0;0;0;0;0;0;0;0;0;0;4.333333333;0;0;0;0
OTU0284;118;192.3333333;326.6666667;443.6666667;101;22;114.6666667;239.3333333;408.6666667;31.66666667;230.3333333;91.66666667;201.6666667;2;11;29.33333333;90.66666667;16.33333333;74.33333333;149.3333333;239;96;98.33333333;286.3333333;148.3333333;71.66666667;157;312.3333333;46.33333333;223;70;8.666666667;101.6666667;24;9.666666667;51.66666667;205;13.66666667;259.3333333;179.3333333;92.66666667;35;18.66666667;242.3333333;31.66666667;16;63.66666667;69.33333333;163;55.33333333;172.6666667;527;39;7;120.3333333;83
OTU0285;57.33333333;31.33333333;12.33333333;19.66666667;46.33333333;21.33333333;14.33333333;7;26.66666667;7;25.66666667;12.33333333;46.33333333;46;29.33333333;19.33333334;17;22.66666666;35.66666667;27.33333334;21;22.33333334;14.66666667;35.66666666;61;38.33333333;45.66666667;15.33333333;9.333333333;2.5;17.66666667;24.33333333;15.66666667;22.66666666;9.666666667;35.66666667;24;7.333333333;121.6666667;121.3333334;71;78;35;24;38;0.666666667;4;19.33333334;50.33333333;41.33333334;25.33333333;43.33333334;16.66666666;12;51.66666667;13
OTU0286;40.33333333;1.333333333;22.33333333;0;12;7.333333333;23.66666667;47;21.66666667;5.333333333;80;16.33333333;30.33333333;6;24.66666667;7.666666667;35.33333333;13.66666666;6.666666667;0;3;11;0;0;8;41;0;1.333333333;33.66666667;0;25;13;13.66666667;12.33333333;7.666666666;23;9.666666667;1;84.66666667;73;68.33333333;34.66666667;47;10.33333333;15;18;53.33333333;42.66666667;57;32.33333333;0;5.666666667;8;39.33333333;41.33333333;5.333333334
OTU0287;0;1;0;0;0;1;0;0;0;12;0;0;0;10.33333333;0;0;0;12.33333333;0;1.666666667;0;5.666666667;0.333333333;0;2.666666667;5.333333333;0;0;0;0;0;0;0;5;0;0;2.333333333;0;0;0;0;5.333333333;0.333333333;0;0;0;0;0;0;2.333333333;3;3.666666667;0;0;0;0
OTU0288;0;0;0;0;0;0;0;0;0;0;0;0;0;0;0;0;0;0;0;0;0;0;0;0;0;1.666666667;0.333333333;0;0;0;0;0;0;0;0;0;0;0;0;0;0;0;0;0;0;0;0;0;0;0;0;0;0;0;0;0
OTU0289;0.666666667;0;0;0;0;0;0;0;0;0;0;0;0;0.666666667;0;0;0;0;0;0;0;0;0;2.333333333;0;1.333333333;0;0;0;0;0;0;0;0;0;0;1;0;0;0;0;0.666666667;0;0;0;0.333333333;0;0.333333333;0;2;2.666666667;0.666666667;0;1.333333333;0;0
OTU0290;0;0;0;0;0;6;0;0;0;4;0;0;0;3.333333333;0;0;0;0;0;0;0;0;0;0;0;0;0;0;0;0;0;0;0;1.666666667;0;0;0;0;0;0;0;1;0;0;0;0;0;0;0;0;0;0;0;0;0;0
OTU0291;0;0;0;0;0;3.666666667;0;0;0;0;0;0;0;4.333333333;0;0;0;0;0;0;0;0;0;0;0;0;0;0;0;0;0;0;0;0;0;0;6.666666667;0;0;0;0;1;0;0;0;0;0;0;0;0;0;0;0;0;0;0
OTU0292;0;0;0;0;0;5.333333333;0;0;0;0;0;0;0;0.666666667;0;0;0;0;0;0;0;0;0;0;0;0;0;0;0;0;0;0;0;1.333333333;0;0;0;0;0;0;0;0;0;0;0;0;0;0;0;0;0;0;0;0;0;0
OTU0293;0.333333333;1.333333333;0;0;0;0;0;0;0;0;0;0;1.333333333;0;0;0;0;0;0;0;0;0.666666667;0;0;0;0;0;0;0;0;0.333333333;0;1.666666667;0;0;0;0;0;0.333333333;0;1.666666667;0.333333333;0;0;0;0;0;0;0;0;0;0;0;0;0;0
OTU0294;0;0;0;0;0;0;0;0;0;6;0;0;0;0;0;0;0;0;0;0;0;0;0;0;0;2.666666667;0;0;0;0;0;0;0;0;0;0;0;0;0;0;0;8;0;0;0;0;0;0;0;2.666666667;0;0.333333333;0;0;0;0
OTU0295;6.666666667;4.666666667;4;0;17;8;5.333333333;2.333333333;0;11.66666667;2;7.666666667;21;8.666666667;15.66666667;4;4.333333333;14.33333333;13.66666667;11;5.666666667;28.66666667;8;4.333333333;7;3.666666667;4;8.333333333;3.666666667;0;3.333333333;1.333333333;2.666666667;13.66666667;2.666666667;8.666666667;5.666666667;3.666666667;12;14.33333333;11.33333333;11.66666667;13;7;2.333333333;4;7.333333333;5.666666667;12.33333333;0;10;8;4.666666667;5.333333333;7.333333333;9.333333333
OTU0296;0;0;0;0;0;0;0;0;0;1;0;0;0;0;0;0;0;1;0;0;0;0;0;0;0;0;0;0;0;0;0;0;0;0;0;0;0;0;0;0;0;0;0;0;0;0;0;0;0;0;0;0;0;0;0;0
OTU0297;0;0;0;0;0;0;0;0;0;0;0;0;0;0;0;0;0;0;0;0;0;0;0;0;0;0;0.666666667;0;0;0;0;0;0;0;0;0;0;0;0;0;0;0;0;0;0;0;0;0;0;0;0.333333333;0;0;0;0;0.333333333
OTU0298;0;0;0;0;0;0;0;0;0;0;0;0;0;0;0;0;0;0;0;0;0;0;0;0;0;0;0;0;0;0;0;0;0;0;0;0;0.666666667;0;0;0;0;0;0;0;0;0;0;0;0;0;0;0;0;0;0;0
OTU0299;3.666666667;36.33333333;14;45.33333333;2.333333333;1.333333333;20;4.666666666;9;6.666666667;13.66666667;14.66666667;8;21;4.666666667;17;6.333333333;20.66666667;6.333333333;10.33333333;12;29.66666667;5;16.66666667;14;31.66666667;3.666666666;15;4;54.5;28.33333333;0;11.66666667;3.666666667;1.333333333;5.666666667;23;0.333333333;25.33333334;17;17;23;10.33333333;8.333333334;6;7;25;8.333333334;31.66666666;24.66666666;4.666666667;23.66666666;8;40.33333333;8;49.66666667
OTU0300;35;34.66666667;13;28.33333333;43.33333333;5.333333333;34.33333333;25;4.666666666;18.33333333;62;26;54;25.33333333;29.66666667;259.6666667;25.66666667;20.66666667;27.66666667;25.66666667;34.33333333;30.33333333;46.66666667;27;26.66666667;40.33333334;32.66666667;50;67.33333333;68.5;73.33333333;94.33333333;30;21;15.66666667;27.66666666;32.66666666;19.33333333;103.3333333;502.3333334;43;25;20.66666666;98.33333333;59.33333333;50.33333333;27.66666666;67;23.33333334;17.66666667;43;24.33333333;15.66666667;18.33333333;55.66666667;374
OTU0301;0;0;0;0;0;1.666666667;0;0;0;0;0;0;0;1;0;0;0;1.333333333;0;0;0;0;0;0;0;0;0;0;0;0;0;0;0;0;0;0;0;0;0;0;0;0.333333333;0;0;0;0;0;0;0;0;0;0;0;0;0;0
OTU0302;0;0;0;0;0;6;0;0;0;0.666666667;0;0;0;4.333333333;0;0;0;2.333333333;0;0;0;0;0;0;0;0;0;0;0;0;0;0;0;2.333333333;0;0;0;0;0;0;0;3.666666667;0.666666667;0;0;0;0;0;0;1.666666667;0;0;0;0;0;0
OTU0303;0;0;0;0;0;2;0;0;0;0;0;0;0;6.666666667;0;0;0;0;0;0;0;0;0;0;0;0;0;0;0;0;0;0;0;0;0;0;0;0;0;0;0;0;0;0;0;0;0;0;0;4;0;0;0;0;0;0
OTU0304;0;0;0;0;0;0;0;0;0;0;0;0;0;0;0;0;0;0;0;0;0;0;0;0;0;0;0;0;0;0;0;0;0;0;0;0;0;0;0;0;0;0.666666667;0;0;0;0;0;0;0;0;0;0;0;0;0;0
OTU0305;0;0;0;0;0;17.66666666;0;0;0;0;0;0;0;14.33333333;0;0;0;0;0;0;0;0;0;0;0;0;0;0;0;0;0;0;0;0;0;0;0;0;0;0;0;6.666666667;0;0;0;0;0;0;0;16.33333333;0;3;0;0;0;0
OTU0306;0;0;0;0;0;9;0;0;0;0;0;0;0;0;0;0;0;0;0;0;0;0;0;0;0;0;0;0;0;0;0;0;0;0;0;0;0;0;0;0;0;0;0;0;0;0;0;0;0;0;0;0;0;0;0;0
OTU0307;0;0.666666667;0;1.333333333;0.333333333;0;2;0;0.666666667;1;2;0;1.333333333;0;1.333333333;2;2;2;0;0;0;0;1;1;2;1;1.666666667;2.333333333;2.666666667;5.5;0;0;2.666666667;0;0;1.666666667;4;2.333333333;1.333333333;1.333333333;2.666666667;0;0;1;0.666666667;0;0.666666667;0.666666667;3.333333333;0;1;0.333333333;0;0;2.333333333;0
OTU0308;6.666666666;12.33333334;17.33333333;24.66666666;12.33333333;7;31;12.66666667;11;2.333333333;27.33333333;11;14;9;5.333333333;15;16.66666666;12;14.33333333;9.666666667;45.33333333;17;21.33333333;11.33333333;22.33333333;28.33333334;15.66666667;17;8.333333334;23.5;6.333333333;15.66666667;27.66666667;4.333333333;5;8;5.999999999;28;34.66666667;10.33333333;8.333333333;9;5.333333333;14.33333333;14.66666667;1;7.333333333;3.333333333;17;6.333333333;16.66666667;19.33333333;9.333333334;3.333333333;18.33333333;3.666666667
OTU0309;0;0;0;0;0;0;0;0;0;0;0;0;0;0;0;0;0;0;0;0.666666667;0;0;0;0;0;0;0;0;0;0;0;0;0;0;0;0;0;0;0;0;0;0;0;0;0;0;0;0;0;0;0;0;0;0;0;0
OTU0310;0;6.666666667;0.666666667;1.333333333;2.333333333;0.666666667;6.333333333;0.666666667;0;0;8.666666667;1.666666667;3.333333333;1.666666667;2.666666667;4;3.333333333;7.666666666;1.333333333;1;12;9.666666667;6.333333333;0;4.666666667;2.666666667;3.666666667;9.333333333;6;8;0.666666667;2;2.333333333;0.666666667;3.666666667;5.666666667;1.333333333;4;5.666666667;3;1;3.666666667;0;0.333333333;4.333333333;4;3;1.666666667;10;3;1.666666667;3.333333333;1;1.333333333;5;4.666666667
OTU0311;4.333333333;8.333333334;0.333333333;0;1;1.333333333;2.333333333;0;0;5.333333334;0.666666667;0;16.33333333;7.666666666;7.333333333;0;0;9;1.333333333;1.333333333;0;2.666666667;0;2;1.333333333;0.333333333;1;0;0;0;2;0;0;5.666666666;0.666666667;0;0;0.666666667;2.666666666;1;5.333333333;4;2.333333333;0;1.666666667;0.333333333;3.666666667;0.333333333;0;2.333333333;0.333333333;1;1;0.666666667;3.666666667;4.666666667
OTU0312;0;5.666666667;0;0;1.333333333;0;0;0;0;3.333333333;0;1.666666667;0;7.333333333;0.666666667;0;2.333333333;16.66666667;3.333333333;3;2;10.66666666;2.666666667;6;0;7;3.666666667;2;0;12.5;0.666666667;0.666666667;0.333333333;3;0;2;0.333333333;0.333333333;0;1;0;10;2.333333333;0.333333333;0.666666667;3;1;0.666666667;0.333333333;8;2;2.666666666;0;2.333333333;1;1.333333333
OTU0313;0;0;0;0;0;0;0;0;0;0;3.666666667;0;0;0;0;0;0.666666667;0;0;0;0;0;0;0;0;0;0;1;0;0;0;0;2.333333333;0;0;0;1;0;0;0;0;0;0;0;0;0;0;0;0;0;0;0;0;0;0;0
OTU0314;0;1.333333333;0;0;0;0;0;0;0;0;0;0;0;0;0;0;0;0;1.666666667;0;0;0;0;0;0;0;0;0;0;0;0;0;0;0;0;0;0;0;0;0;0;0.666666667;0;0;0;0;0;0;0.666666667;0;0;0;0;0;0;0
OTU0315;3.333333333;0;0;0;0;2;0;0;0;0.333333333;0;0;0;0;0;0;0;0.666666667;0;0;0.333333333;0;0;0;1;0;0.333333333;0;0;0;0;0;0;0;0;0;0;1;0;0;0;0.666666667;0;0.333333333;0;0;0;0;0;1.333333333;0;0.666666667;0;0;0;0
OTU0316;0;0;0;1;0;0.666666667;0.666666667;0;0;0;1;0.666666667;0;0;0;1.333333333;0;0;3;0;0;0.333333333;0.666666667;11.66666667;0;0.666666667;0;0;0;0;0;0;0;0;0;0;0;0;28.33333333;0;0;0;0;0;0;0;0;0.333333333;0;0;0.333333333;0.333333333;1;0;0;0
OTU0317;0;0;0;0;0;0;0;0;0;0;0;0;0;0;0;0;0;0;0;0;0;0;0;0;0;0;0;0;0;11;0;0;0.666666667;0;0;0;0;0;0;0;0;0;0;0;0;0;0;0;0;0.333333333;0;0;0;0;0;0.333333333
OTU0318;0;0;0;9;0;7.333333333;0;0;0;0;0;0;0;0;0;0;0;0;0;0;0;0;0;0;0;0;0;0;0;0;0;0;0;0;0;0;0;0;0;0;0;0;0;0;0;0;0;0;0;0;0;0;0;0;0;0
OTU0319;0;0;0;0;0;0;0;0;0;0;0;0;0;0;0;0;0;0;0;4.666666667;0;0;1.666666667;2;0;5;0;0;0;0;0;0;0;0;0;0;0;0;0;0;0;0;0;0;0;5;0;2;0;1.333333333;0;42.33333333;0;11.66666667;0;0
OTU0320;6;9.666666667;6;0.333333333;7.666666667;0;0;4;0;6.666666667;0;3.666666667;1.666666667;4.333333333;0.333333333;0;2;2.333333333;1.333333333;14.66666667;0;2.666666667;7.666666667;2;1;3;2;9.666666667;0;0;0.666666667;0;0;1.333333333;1.333333333;3.333333333;0.666666667;0;0;0;9;1.666666667;2;1;4;1;2.333333333;5.333333333;4.666666667;0.666666667;11.66666667;5.333333333;6.333333333;2.333333333;6;0
OTU0321;2.666666667;3.333333334;0;0;6;0;0;3.333333333;0;0;0;0;10.33333333;0.666666667;0.666666667;0;5;0;0;3;12.66666667;0.333333333;1;1.333333334;1.666666667;1;0;7.333333333;1.333333333;0;0;0.666666667;0;2.666666667;0;0.333333333;5.333333333;0;0;0;1;0;0;0;0;0;0;0;0.666666667;10;0;4.333333333;0.666666667;0;0;0
OTU0322;4.333333333;3.333333334;0;0;3.666666667;4.333333333;0.666666666;0.666666667;0;2.333333333;0;8.666666667;0;0;0;0;2;1.666666667;0;1.333333333;3.666666667;0;0;0.333333333;0.666666667;0;1.666666667;14;0;0;0;0;0;0.666666667;3.666666667;0;0;0;0;0;0;1.666666667;0;0;1;0;2.333333334;1.666666667;3;0.666666667;0;1;1;0;0.333333333;0
OTU0323;0;0.333333333;0;0;0;0;0;0;0;0;0;0;0;0;0;0;0;0;0.666666667;1;5.666666666;1.666666667;0;2.333333333;0;0.333333333;8.333333333;10.66666667;0;0;0;0;0;5.333333333;0;0;0;0;0.666666667;0;0;0;0;0;0;0;0;0;0;3;0;1;0;0;0;0
OTU0324;0;0;0;0;0;0;1.333333333;0;0;0;1;0;0;0;0;0;0;0;0;0;15.66666667;0;0;0;1;0;1;3.666666667;0;0;0;0;0;0;0;0;0;0;0;0;0;0;0;0;0;0;0;0;0;0;0;0;0;0;0;0
OTU0325;0.666666667;0.666666667;4;0;0;0;0.666666667;3.666666667;0;0;0;0;1;0;0;0;0;0;0;0;0.666666667;0.333333333;0;0;0.333333333;0;0;0;0;0;0;0;0;0;0;0;0.666666667;0;0;0;0;0;0;0;0;0;0;0;0;0;0;0;0;0;0;0
OTU0326;0.666666667;53;6.666666667;0.333333333;0;1.333333333;6.333333333;0.333333333;1;0;3.666666667;0;0;0;0;0;2.333333333;0;1;0;0.333333333;0;1;0.333333333;1;0;0;1.666666667;0.666666667;0;1;0;0;0;0;0;2.666666667;0.333333333;0.666666667;0;0;0;0;0;0;0;0;0;1.666666667;0;0;0;0;0;1;0.666666667
OTU0327;1.333333333;0;0;0;0;0;0;0;0;0;0;0;0.333333333;0;0;0;0;0;0;0;0;0;2;0;0.666666667;0;0;0;0;0;0;0;0;4.333333333;3.666666667;0;0;0;0;0;0;2;0;0;0;0;0;0;0;1.333333333;0;1;0.666666667;0;0;0
OTU0328;0;0;0;0;0;0;0;0;0;0;0;0;0;0;0;0;0;0;0;0;0;2.666666667;0;0;0;0;0;0;0;0;0;0;0;0;0;0;0;0;0;0;0;0;0;0;0;0;0;1;0;0;0;22.66666667;0;0;0;0
OTU0329;0;0;0;0;0;0;0;0;0;0;0;0;0;0;0;0;0;0;0;0;2.333333333;1;0;0;0;0;2.333333333;12.33333333;0;0;0;0;0;0;0.666666667;0;0;0;0;0;0;0;0.333333333;0;0;0;0;0;0;0;0;11.33333333;0;0;0;0
OTU0330;0;0;0;0;0;9;0;0;0;3;0;0;0;0;0;0;0;0;0;2.333333333;0;1.666666667;0;0;0;0;0;0;0;0;0;0;0;0.666666667;0;0;0;0;0;0;0;0.333333333;0;0;0;0;0;0;0;1.333333333;0;2.666666667;0;0;0;0
OTU0331;0;4;0;0;0;0;0;0;0;9.333333333;0;0;0;0;16.33333333;0;0;1.666666667;0;0;0;0;0;0;0;0;0;0;0;0;0;0;0;0;3.333333333;0;0;0;0;5;0;2.333333333;0;0;0;0;0;0;0;0;0;0;0;0;0;0
OTU0332;0;0;0.333333333;0;0;0;0;0.333333333;0;0;0;0;0;0;0;0;0;0.333333333;0;0;0;0;0;0;0;0;0;0;0;0.5;0;0;0;0;0;0;0;0;0;0;0;0;0;0;0;0;0;0;0;0;0;0;0;0;0;0
OTU0333;2;200;0;7.333333333;15.33333333;85.66666666;2;21;0.333333333;117.6666667;2;8.666666667;26.33333334;216.3333333;56.33333333;3.000000001;0;71;3.666666667;4.333333333;0;9;1;6.333333334;0;0.666666667;0;0;0;111.5;52;11.66666667;33.99999999;135;29;31.66666667;10.66666667;4.333333334;2;38.66666667;112.6666667;291;92.33333333;2.666666667;5.666666666;3.333333333;17.66666666;8.666666667;11.66666667;93.66666666;0.666666666;19.33333333;1;1.333333333;45.66666667;3.666666667
OTU0334;0;0;0;0;0;11.66666667;0;0;0;0;0;0;0;0;0;0;0;0;0;0;0;0;0;0;0;0;0;0;0;0;0;3.666666667;0;3.333333333;0;0;0;1.666666667;0;0;0;0;0;0;0;0;0;0;0;0;0;0;0;0;0;0
OTU0335;0;0;0;0;0;0;0;0;0;0;0;0;0;1.666666667;0;0;0;0;0;0;0;0;0;0;0;0;0;0;0;0;0;0;0;0;0;0;0;0;0;0;0;0;0;0;0;0;0;0;0;0.666666667;0;0;0;0;0;0
OTU0336;0;1.333333333;2;0.333333333;0;1.333333333;0;0;0;2;0;0.333333333;1;1;1;0;0;0.333333333;0;0;0;0;0;0;0.333333333;0;0;0;0;1.5;0.333333333;0;0;0.666666666;6.333333333;0;0;0.666666667;0;0.666666667;0;2;0;0;0;0;3;0;1.333333333;0.333333333;0;0;0;0;0.666666667;0
OTU0337;0;13.33333333;0.666666667;4;1;0;3.666666667;0;0;0;0;0;0;0;0;0;0;0;0;0;0;0;0;0;0;0;0;0;0.333333333;0;4.333333333;0.666666667;0;0;0.333333333;0;0;0.333333333;0;0;0;0;0;0;0;0;1;0;0;0;0;0;0;0;0;0
OTU0338;0;0;0;0;0;0;0;0;0;0;0;0;0;0;0;0;0;0;0;0;0;0;0;0;0;0;0;0;0;0;0;0;0;1;0;0;0;0;0;0;0;0.666666667;0;0;0;0;0;0;0;0;0;0;0;0;0;0
OTU0339;0;1.666666667;0;0;0;1.333333334;0;0;0;0;0;0;0;22.33333333;0;1;0;1.333333333;0;0.666666667;0;2.333333333;0;0;0.666666667;0;0;0;0;0;0;0;0;0;0;0;1;0;0;0;0;2.333333334;3.666666667;2.333333333;9.666666667;0;9.666666667;4;0;0.333333333;0.666666667;0;3;0.333333333;2.333333333;0
OTU0340;0;1;0;0;0;1;0;0;0;0;0;0;0;1.666666667;2;0;0;0;0;0;0;0;0;0;0;0;0;0;0;0;0;0;0;1;0;0;0;0;0;0;0;1.666666667;0;0;0;0;0;0;0;0;0;0;0;0;0;0
OTU0341;0;0;0;0;0;7.333333333;0;0.666666667;0;0;0;0;0;1.333333333;0;0;0;0;0;0;0;0.666666667;0;0;0;0;0;0;0;0;0;0;0;0;0;0;0;0;0;0;0;1.333333333;0;0;0;0;0;0;0;1.333333333;0;0;0;0;0;0
OTU0342;0;0;0;0;0;0;0;0;0;0;0;0;0;0;0;0;0;0;0;0;1.333333333;0;0;0;0;0;0;0;0;0;0;0;0;0;0;0;0;0;0;0;0;0;0;0;0;0;0;0;0;0;1.666666667;0;0;0;0;0
OTU0343;0;0;0;0;0;0;0;0;0;0;0;0;0;0;1;1;0;0;0;0;0;0;0;0;0;0;0;1.333333333;0;4;0;0;0;0;0;0;0;0;0;0;0;0;0;0;0;0;0;0;0;0;0;0;0;0;0;0
OTU0344;0;1.333333333;0;0;0;0.333333333;0;0;0;2;0;0;0;2.333333333;2;0;0;5.333333333;0;0.333333333;0;0;0;0;2;0.333333333;0;0;0;0;0;0;0;2.333333333;1.333333333;0.333333333;0;0.666666667;0;2.333333333;0.333333333;3;1;0;2.666666667;0.333333333;2;0;0.666666667;0.666666667;0;0;0;1;3.666666667;0
OTU0345;0;0;0;0;0.666666667;0;0;0;0;0;0;0;0;2;0;0;1.666666667;0;0;2;0;0;0;0.666666667;0.333333333;0;0;0.333333333;0;0;0;0;0;1;0;0;0;0;0;0;0;1.666666667;1.333333333;0;0;2.333333334;0;0.333333333;0;0;0;0;0;1.333333333;0;0.333333333
OTU0346;0;0;0;0;0.333333333;0;0;0;0;0;0;0;0;0.666666667;0;0;0;1.333333334;0.333333333;0;0.333333333;4;0;0.333333333;2;0.333333333;0;0;0;0;3;0;0.666666667;0.666666667;0;1;0;0;0;1;0;0;1.333333333;0;0;0;0.333333333;0;0;0.333333333;3.333333333;0;0;0;0;2
OTU0347;0;0;0;0;0;1.666666667;0;0;0;1;0;0;0;0;0;0;0;0;0;0;0;0;0;0;0;0;0;0;0;0;0;0;0;0;0;0;0;0;0;0;0;0;0;0;0;0;0;0;0;0;0;0;0;0;0;0
OTU0348;2;78.33333333;11.33333333;7.666666667;32.33333333;28.66666666;14.33333334;19;9;22.66666666;23.33333333;24.33333333;35;45;57.33333334;24.66666666;31;74.66666666;30.33333334;33;24.33333334;36;34.33333333;15.66666667;30.33333333;15.33333333;12.66666666;23.33333333;13;46;68;24.33333333;36.33333333;35.66666667;40.66666667;41.33333333;22.33333334;31.33333333;45.33333333;56.33333333;34.33333333;58.66666667;62.33333333;32.33333334;68.33333333;40.66666666;53;49.33333333;45.66666667;23.66666667;43.33333333;23.66666667;27;21;48.33333333;33
OTU0349;4;26.66666667;5;0;47.33333333;41.33333334;0.666666667;3.666666667;0;1;0.333333333;10;12.66666667;69;2;20.66666666;16;19.33333333;8.666666666;10.66666667;18;15;8;17.33333333;16.33333333;67;0.333333333;9;0;4.5;3.333333333;2;7.333333333;23;5.666666667;15.66666666;16.33333334;0.666666667;8.666666667;4.666666667;5.333333333;28.66666667;19.66666667;16.33333333;49.66666667;14.66666667;27;17;23.33333333;31.66666667;12.66666667;16.33333333;16;33.66666667;8.333333333;31.33333333
OTU0350;0;0;0;0;8.666666667;28.33333333;0;2.333333333;0;8.666666667;0;4.666666667;5;41;20;1;2;25.66666667;9.666666667;21.33333334;4.333333333;23.66666667;2.333333333;1.666666666;19;8.333333333;2.666666667;1;0;0;22;0.333333333;0;28;5.333333333;16;20.66666666;0;2;17.66666667;3;46;54.33333333;6;30.66666667;45;39.33333333;51.33333334;2.666666667;33.33333334;16.66666667;4;15.33333333;24;4;31.33333334
OTU0351;6.333333333;19.66666667;13.66666667;36.33333334;35.33333333;3.333333333;48.33333334;45.66666667;13.33333333;0;44.66666667;40.66666667;49;0;17.66666667;30.33333334;29;2.666666667;22.33333334;10;46;3.333333333;59.66666667;33;47.66666666;11;60.33333333;45.66666666;4.333333334;58.5;36.66666667;8;7.666666667;0.666666667;4.666666667;14.33333333;50;7.666666666;76.33333333;26.33333333;40.33333333;1.333333333;8;24.66666667;37.33333334;14.66666666;23.66666667;22;72.66666667;0;9.666666667;11;27.33333333;7.666666667;26.66666666;20.33333334
OTU0352;8;42;27.33333333;81.66666667;35;5.333333334;68.00000001;35.66666667;62;5.666666667;63;67;25.33333333;4;23.33333333;38.66666666;52;9.333333334;60;45.66666666;90.33333333;37.33333333;128.3333333;43.66666667;66.66666667;22;71.33333334;55;40;74.5;62.00000001;35.33333333;26.66666666;5.333333333;11.33333333;30.33333334;40.33333334;7.333333333;67.33333334;7.999999999;13.66666667;1.666666667;5.333333334;10.66666667;62.66666667;40.33333334;16.33333333;33.66666667;58.66666667;9.333333333;45.33333333;17;28.66666667;47.66666667;10.66666667;27.66666666
OTU0353;0;0;0;0;0;0;0;0;0;0;0;0;0;0;0;0;0;0;0;0;3.333333333;0;0;2;0;0;1.666666667;3.333333333;0;0;3.666666667;0;0;0;0;0;0;0;0;0;0;0;0;0;0;0;0;3;0;0;0;3.666666667;0;0;0;0
OTU0354;16.33333333;181.6666666;138.3333333;112;78;10.33333333;130.6666667;101.6666667;41.33333333;75.66666667;66.66666667;127.3333333;77.33333333;60;125;91.66666667;95.33333333;89;32.66666667;27.66666667;55.66666667;37;99;16.66666667;83.33333334;12;32;56.33333333;42.66666667;477.5;216;141.6666667;92.33333333;49;106.3333334;97;13;56.33333333;184;65.33333333;115;51.66666667;45.66666667;41.66666667;168.3333333;18.33333333;74;53;127.6666666;13.66666667;18;5.666666666;64.33333333;19.33333333;45;59.33333333
OTU0355;0;1.666666667;0;0;0;0;0;1.333333333;0;0;0;0.666666667;1.666666667;0;0;0;0;0;4.333333333;1.666666667;0;0;0;0.666666667;0;0;0;0;0;8;0.333333333;0;0;0;0;0;0;0;4;0;1;0;0;6;2;0;0;0;0;0;0;8;0;1.333333333;2;0
OTU0356;1.333333333;6.333333333;1.333333333;0;5.666666667;0;5;5.333333334;0;0;7.666666667;4.666666666;13.66666667;0;0;7.666666667;3.666666667;0;18.66666667;6;8.333333333;19;9;7;8;0;11;24;0;5;3.333333333;0;2;0;0.666666667;1.666666667;5;0;8.999999999;6.333333333;6.666666667;0;2.666666667;16.33333334;8.333333333;0;0;4.333333333;4;0;34;20.33333333;4.333333333;0;12.33333333;1.666666667
OTU0357;5.333333333;19.33333333;0;0;3;33.33333333;0;0;0;3.333333333;0;2.666666667;0;11.66666667;1.666666667;0.666666667;1.666666667;10;2;6.666666666;5.333333333;5.666666667;0;2.666666667;29.66666667;7;0.666666667;3.333333333;0;0;0.333333333;0;1;24;0;4.333333334;0.666666667;2.666666666;0.333333333;1.666666667;2.333333333;26.66666667;8.333333333;0;6.333333333;10.33333333;2.333333333;0;2;9.666666667;1;2;0.333333333;1.333333333;1;2.666666666
OTU0358;1;56.66666667;2;0;12.33333333;28.66666667;1;7.666666667;0;48;0.666666667;1.333333333;26;53;21.33333333;10.66666667;10.66666667;40.66666667;13.33333334;10;10.66666667;22.66666667;9.666666667;5.666666667;17;21.66666667;2.333333334;27;0;1;7;1.333333333;8.666666667;35.66666667;8;16;14.33333333;0;4;8;26.33333333;89;40.33333333;16;27;28.66666667;40.66666667;20;12.33333333;53.33333333;12;46.66666667;15.33333333;11.66666667;26.66666667;18.33333333
OTU0359;0;0;0;0;0;90.66666667;0;0;0;10;0;0;0;0;0;0;0;0;0;0;0;0;0;0;0;0;0;0;0;0;0;0;0;8;0;0;0;0;0;0;0;1;0;0;0;0;0;0;0;1;0;0;0;0;0;0
OTU0360;0;0.666666667;0;0;0;164.6666667;0;1.666666667;0;87;0;0;0;1.666666667;0;0;0;0;0;0;0;0;0;0;0;0;0;0;0;0;0;0;0;64;0;0;0;5;0;0;0;10.66666667;0;0;0;0;0;0;0;1.666666667;0;0;0;0;0;0
OTU0361;0;0;0;0;0;9.333333333;0;0;0;0;0;0;0;0;0;0;0;0;0;0;0;0;0;0;0;0;0;0;0;0;0;0;0;0;0;0;0;0;0;0;0;0;0;0;0;0;0;0;0;0;0;0;0;0;0;0
OTU0362;0;0;0;0;1;102.3333333;0;1;0;53.33333333;0;8.333333333;0;0;0;0;0;0;47.66666667;6.666666667;0;0;0;1;0;0;0;0;0;0;0;0;0;71.33333333;0;4.333333333;0;0;0;2.666666667;0;70;0.666666667;0.333333333;0;1;56.33333333;2;0.333333333;82.66666667;119;15;0;15;1;7.666666667
OTU0363;0;0.333333333;0;0;0;1.666666667;0;0;0;3;0;0;0;0;0;0;0;1.666666667;0.666666667;0;0;0;0;0;0;0;0;0;0;0;0;0;0;12.66666667;0;0;0;2.666666667;0;0;0;4.333333333;0;0;0;0;0;0;0;0;0;0;0;0;0;0
OTU0364;1.333333333;4.666666667;0.333333333;0;0.333333333;7.333333333;0;0;0;1;0;0;1;3;4;1;0.666666667;6.666666667;0;0.333333333;0.666666667;0.666666667;0;1;0;0;1.666666667;0;0;0;0;0;0;4;0;1.333333333;0;0;0;2;1.666666667;4;0.333333333;0;7;0;6;0.666666667;0;0;2;0;0;0;0;0
OTU0365;0;0;0;0;0;5;0;0;0;2.333333333;0;0;0;11.66666667;1;0;1;7.333333333;0.333333333;9.333333333;0;2.666666667;0;0.333333333;3.333333333;14.66666667;0;0;0;0;0;2;0;8.666666667;8.333333333;4.333333333;0;1.333333333;2.333333333;1.333333333;0;3.333333334;15;1.333333333;2.333333333;0.333333333;4.666666667;2.333333333;0;12.33333333;0;3.333333333;0;8;0;0
OTU0366;0;0;0;0;0;3;0;0;0.666666667;0;0;0;0;9.333333333;0;0;0;1.333333333;0;0;0;3.666666667;0;0.333333333;0;0;0;0;0;0;0;0;0;1.666666667;0;0;0;0;0;0;0;6.333333333;0.666666667;0;0;0.333333333;0;0;0;1.666666666;0;0;0;0;0;0
OTU0367;0;0.333333333;0;0;0;8;0;0;0;0.666666667;0;0;0;15;3.666666667;1.333333333;0.333333333;0.666666667;0;0;0;0.666666667;0;0;0;0;0;0.666666667;0;0;0;0;0;0.666666667;0;0.333333333;0.666666667;0;0;0.666666667;0;1.333333333;4.666666667;0;1;0.333333333;0.666666667;5;0;1;0.666666667;8.333333333;0;0;0.666666667;0
OTU0368;3.333333333;123.3333333;0;11.66666667;31.33333333;52.66666667;2.666666667;22.66666666;0.666666667;61.66666667;4;6.333333334;36.33333333;72;54;41;23.33333333;80.66666666;33.33333334;28.66666666;13;32.33333333;25.66666667;8.666666667;54.66666667;18;5.666666667;7;20.33333333;35;78.66666667;51;39.66666667;49.33333333;20.66666667;41;16;20.33333333;21.33333333;31.66666667;34;71;38;16;48.33333334;42.66666667;51;47.66666667;26.33333333;40.33333333;22;9.666666667;22.33333333;40.33333334;36.33333333;32
OTU0369;0;0;0;0;0;4;0;0;0;18;0;0;0;0;0;0;0;10.33333333;0;0;0;0;0;0;0;0;0;0;0;0;0;2.666666667;0;2;0;0;0;4.333333333;0;0;0;0;0;0;0;0;0;0;0;0;0;0;0;0;0;0
OTU0370;0;0;0;0;0;0;0;0;0;0;0.333333333;0;0;0;0;0;0;0;0;0;0;3;0;0;0;0;0;2;0;0;0;0;0;0;0;0;0;0;0;0;4;0;0;0;0;0;0;0;0;0;0;1;0;0;0;0
OTU0371;126;750;265.6666666;371.3333333;185;27;220.6666666;218.6666667;226.3333334;201.3333333;249.6666666;302.6666666;501.3333333;75.99999999;85.66666666;394.3333333;194;205;379.3333334;180.3333333;412.3333334;218.6666667;128.3333333;202.6666667;210.3333333;136;250.3333333;363;139.3333333;93.5;224;54.66666667;283.3333333;99.66666667;72.33333333;164.6666667;218;73.33333334;389.6666666;292.3333334;603.9999999;168;152.3333333;135.6666667;124;29;126.3333333;98.66666667;439;109.6666667;181.3333333;551.3333333;142.3333333;56.33333333;318.3333333;46.66666667
OTU0372;0;0;1.666666667;0;0;0;0;0.666666667;0;0;4;0;0;0;0;0;0;0;14.33333333;2.666666666;18.33333333;1.666666667;0;0;2.333333333;8;1.666666667;28;0;0;0;0;0;0.666666667;1;0;0;0;0.666666667;0;0.666666667;0;0;0;0;0;0;0;0;0;0;1;0;0;2;0
OTU0373;0;0.666666667;0;0;0;0;0;0;0;0;0;0;0;0;0;0;0;0;1;0;1.666666667;0;0.333333333;43;0;0;2.666666667;7.666666667;0;0;0;0;0;0;0;0;0;0;0;0;0;0;0;0;0;0;0;0;0;12.33333333;0;8.666666667;0;0;0;0
OTU0374;0.666666667;0;4;0;5.333333333;0;1;8;1;0.666666667;6.333333333;5.666666667;8.333333333;3;7;3.666666667;2.666666667;9.333333333;2;0;6;6.333333333;11;0.333333333;7.666666667;0;2.666666667;1.666666667;0.333333333;3.5;9.666666667;4;1;0;1;7.666666667;2;1.666666667;4.666666667;1.666666667;5;0;2.333333333;4.666666667;7.666666667;0;3;1.666666667;4.333333333;1.333333333;0;0;0;5;7;2
OTU0375;0;0;0;0;0;0;0;0;0;0;0;0;0;0;0;0;0;0;0;2;0;0;0;0;0;0;0;0;0;0;0;0;0;0;0;0;0;0;0;0;0;0;0;0;0;0;0;0;0;0;0;0;0;0;0;0
OTU0376;0;2.333333333;0.666666667;0;0.333333333;0;0.333333333;5.333333333;0;0.666666667;2.666666667;0;2.666666667;0;4.333333333;4;0.333333333;5;2;0;0.333333333;0;1.333333333;0;2;23.66666667;0;1.666666667;0.666666667;35;1;2;0;4.333333333;2.666666667;0.333333333;0.666666667;0;2.666666667;8.666666667;0;0.333333333;6;3;0;0;0.333333333;5.333333334;0;2.666666667;0.666666667;0.666666667;0.333333333;0.666666667;1.666666667;3.333333333
OTU0377;0;0;0;0;0.333333333;16.66666667;0;0;0;0;0;0;0;0;0;0;0;0;0;0;0;0;0;0;0;0;0;0;0;0;0;0;0;4;0;0;0;0;0;0;0;0;0;0;0;0;0;0;0;0;0;0;0;0;0;0
OTU0378;35.66666666;78.66666667;29.66666666;16.66666667;68.66666667;44.33333334;25.66666667;31;16.66666667;35;18;67.33333333;33.33333334;50.33333334;39.66666667;57;41;48.33333333;81;91.66666666;119.3333333;42;126.3333333;107.3333333;97;180.3333333;153.6666667;52.66666667;68;153.5;30;42.33333333;57.66666667;33.66666666;16.33333333;86;42.66666667;23.33333333;34.66666667;35.33333333;20.66666667;95.33333334;44;34;77.66666666;70.33333334;105.6666667;78.66666667;101.3333333;47;91.66666666;58.33333333;44.33333334;124.3333333;26.33333333;26.33333334
OTU0379;11.33333333;28.33333334;0;0;1.333333333;35;0;1.333333333;0;56.66666666;0;0;8.666666667;48.33333333;13.66666667;2;1.666666667;37.33333333;3.333333333;21.66666667;0;15;0.666666667;20;0;21;0;0;0;0;1.666666667;0;0;58.99999999;0;2.666666667;17;0;1.333333333;3;15;103.6666667;56.66666667;0.333333333;6.333333333;27.66666666;0;5.333333333;0;33.33333333;47.33333334;19.66666666;7.333333333;23;9.333333333;1
OTU0380;4.666666667;0;0;0;1;1.666666667;0;1;0;0;0;0;0;35;0;0.333333333;6.666666667;13.66666667;0;9.666666667;0;8.999999999;4.333333333;5.666666666;6;47.33333333;0;0;0;0;0;0;0;3;0;2.333333333;1.666666667;0;0;0.333333333;0;15;37.33333333;3.666666667;2;14.66666667;18.66666667;50.33333333;0.333333333;57;20;23;3;9;0;4.666666667
OTU0381;17;117.6666667;40.66666666;21.66666667;67.66666667;56.33333333;27.33333333;54.33333333;25.66666667;96;25;42.66666666;66;110.6666667;81;47.66666667;50.66666667;117;65.33333333;45.66666667;82;36;53.33333333;60.00000001;112.6666667;109;53.33333334;100;23;215.5;59.66666667;76.66666667;61.33333333;94.66666667;28.66666666;77;32;35.33333333;83.33333333;61.33333333;57.33333333;182;92.33333334;40;128;37;105.3333333;96;114.6666667;114.6666667;20;175.3333333;62.66666666;79.00000001;58.66666667;16
OTU0382;0;0;0;0;0;5.666666666;0;0;0;5;0;0;0;0;3;0;0;0;0;0;0;0;0;0;0;0;0;0;0;0;0;3;0;5.666666666;0;0;0;5;0;0;0;0;0;0;0;0;0;0;0;0;0;0;0;0;0;0
OTU0383;0;1.666666667;1.666666667;0;1.666666667;19.66666667;1.666666667;0.666666666;0;3.666666667;0;0.666666667;2;14;5.666666666;0;1;5.333333334;4.333333333;5.333333333;6;4.666666666;6;7.333333334;3.333333333;9.333333332;2;7;0.666666667;0;12.66666667;1.333333333;6;7.666666667;0.333333333;5.666666666;0;4.666666667;0.333333333;0;4;11;7.666666667;2.333333333;4.333333333;5.666666667;3.333333334;4;6.333333333;8.666666667;8;3.333333333;4.666666666;6;6.333333333;5.333333333
OTU0384;0;1;0;0;2;25.33333334;5.666666667;2.333333334;0;22.66666667;1.666666667;0.333333333;1.333333333;1;2;2;0;0.666666667;0;1;0;0.666666667;1.666666667;0;0;2;0;0;1;0;4;0;0;25.66666667;8;0.666666667;0.333333333;1.333333333;1.666666666;3.666666667;3;11;0;5.333333333;0.666666667;0;0.333333333;2.333333333;0.333333333;3.333333333;0;0;0.666666667;0;2.333333334;0
OTU0385;0;0;0;0;0;0;0;0;0;6;0;0;0;0;0;0;0;0;0;0;0;0;0;0;0;0;0;0;0;0;0;0;0;0;0;0;0;0;0;0;0;0;0;0;0;0;0;0;0;0;0;0;0;0;0;0
OTU0386;0;0;0;0;0;0;0;0;0.666666667;14;0;0;0;0.666666667;0;0;0;1.666666667;0;0;0;0;0;0;0;0;0;0;0;0;0;0;0;7;3.333333333;0;0;0;0;0;0;0.333333333;0;0;0;0;0;0;0;0;0;0;0;0;0;0
OTU0387;0;0;0;0;0;10.33333333;0;0;1.666666667;15.66666666;0;0;0;0;0;0;0;0;0;0;0;0;0;0;0;0;0;0;0;0;0;0;0;7.666666667;0;0;0;0;0;0;0;0;0;0;0;0;0;0;0;0;0;0;0;0;0;0
OTU0388;0;0;0;0;0;0;0;0;0;4.666666667;0;0;0;0;0;0;0;0;0;0;0;0;0;0;0;0;0;0;0;0;0;0;0;0.666666667;0;0;0;1.666666667;0;0;0;0;0;0;0;0;0;0;0;0;0;0;0;0;0;0
OTU0389;0.666666667;0;0;0;0;0;0;0;0;0;0;0;0;0;0;0;0;0;0;0;0;0;0;0;0;0;0;0;0;0;0;0;0;0;0;0;0.666666667;0;0;0;0;0;0;0;0;0;0;0;0;0;0.666666667;0;0;0;0;0.333333333
OTU0390;39;76;28.66666667;32;123;86.33333334;88;65.66666667;7;43;34;104;44;123.3333333;78.66666666;81.33333334;54.66666667;212.6666667;93.33333334;67;34.33333334;63;87;49.33333333;90;168;70.33333334;33.66666666;24;27.5;115;29.66666666;49;115.3333333;95;132.6666667;49.33333333;39.33333334;62;170.3333333;92.33333333;159;260;119.6666667;209.3333333;140.6666667;247.3333333;179;116.3333333;106;130.3333333;108.6666667;71.33333334;96.66666666;112.3333333;72.33333333
OTU0391;0;0;0;0;0;8;0;0;0;0;0;0;0;3;0;0;0;0;0;0;0;0;0;0;0;0;0;0;0;0;0;0;0;0.666666667;0;0;0;0;0;0;0;3;0;0;0;0;0;0;0.333333333;1.666666667;0;0;0;0;0;0
OTU0392;0;0;0;0;0;2.666666667;0;0;0;0;0;0;0;1;0;0;0;0;0;0;0;2.333333333;0;0;0;0;0;0;0;0;0;0;0;1.666666667;0;0;0;0;0;0;0;4.333333333;0;0;0;0;0;0;0;1.333333333;2.333333333;0;0;0;0;0
OTU0393;0;0;0;0;0;2;0;0;1.333333333;2;0;0;0;0;0;0;0;0;0;0;0;0;0;0;0;0;0;0;0;0;0;0;0;0;0;0;0;0;0;0;0;0;0;0;0;0;0;0;0;0;0;0;0;0;0;0
OTU0394;0;0;0;0;0;2.333333334;0;0;0;0;0;0;0;0;0;0;0;0;0;0;0;0;0;0;0;0;0;0;0;0;0;0;0;13;0;0;0;0;0;0;0;0;0;0;0;0;0;0;0;0;0;0;0;0;0;0
OTU0395;0;0;0;0;0;3.333333333;0;0;0;0;0;0;0;0;0;0;0;0;0;0;0;0;0;0;0;0;0;0;0;0;0;0;0;0;0;0;0;0;0;0;0;0;0;0;0;0;0;0;0;0;0;0;0;0;0;0
OTU0396;0;2.333333333;0;0;0;15;0;0;0;11;0;0;0;2;0;0;0;0;0;0;0;0;0;0;0;0;0;0;0;0;0;0;0;9.333333333;0;0;0;0.666666667;0;0;0;0;0;0;0;0;0;0;0;0;0;0;0;0;0;0
OTU0397;1;0.666666667;0;1.333333333;0;118.6666667;1;1.333333333;1.333333333;158.6666667;0;0;0;0;0;0;0;0;0;0;0;0;0;0;0;0;0;0;0;0;0;0;0;43.33333333;0;0;0;0;0;0;0;0.333333333;0;0;0;0;0;0;0;0;0;0;0;0;0.333333333;0
OTU0398;0;0;0;0;0;1.333333333;0;0;0;0;0;0;0;0;0;0;0;0;0;0;0;0;0;0;0;0;0;0;0;0;0;0;0;1.333333333;0;0;0;0;0;0;0;0;0;0;0;0;0;0;0;0;0;0;0;0;0;0
OTU0399;0.333333333;0;0.666666667;0;1;171.3333334;0;0;0;64.66666667;0.333333333;1.333333333;0;0;0;0;0;0;0;0;0;0;0;0;0;0;0;0;0;0;0;0;0;144.3333333;0;0;0;2.333333333;0;0;0;5.666666666;0;0;0;0;0;0;0;1.333333333;0;0;0;0;0.333333333;0.333333333
OTU0400;0;0;0;0;0;17;0;0;0;7.333333333;0;0;0;0;0;0;0;0;0;0;0;0;0;0;0;0;0;0;0;0;0;0;0;0;0;0;0;0;0;0;0;0;0;0;0;0;0;0;0;0;0;0;0;0;0;0
OTU0401;0;0;0;0;0;6.333333333;0;0;0;0;0;0;0;0;0;0;0;0;0;0;0;0;0;0;0;0;0;0;0;0;0;0;0;0;0;0;0;0;0;0;0;0;0;0;0;0;0;0;0;0;0;0;0;0.333333333;0;0
OTU0402;1.333333333;0;0;0;0.333333333;0;0;0;0;2;0;2;0;1;0;0;1.666666667;0.666666667;4;2.333333333;1;3.666666667;0.666666667;3.666666667;1.666666667;11;0;0;0;0;0.666666667;0;1;1;0;2;0;0;0;3.666666667;0;0.666666667;2.333333333;1;0.666666667;16.66666667;5.333333333;8.333333333;0.333333333;12.33333333;1.666666667;3;0.333333333;4.666666667;0;3.333333333
OTU0403;0;0;0;0;0;12.66666667;0;0.333333333;0;2.333333333;0;0;0;0.666666667;0;0;0;0;0;0;0;0;0;0;0;0;0;0;0;0;0;0;0;3.333333333;0;0;0;0;0;0;0;0.666666667;0;0;0;0;0;0;0;0;0;0;0;0;0;0
OTU0404;0;3;0;0;0;0;0;0;1;0;0;0;0.666666667;0;0.333333333;0;0;0;0;0;0.333333333;0;2.666666667;0.333333333;0;0;0;0;1.333333333;0;0.666666667;0.333333333;0;0;0.666666667;0;0;0;0;0;0.666666667;0;0;0;0;0;0.666666667;0;0;0;1;0;0;2.333333333;0.666666667;0
OTU0405;0;0;0;0;0;1.666666667;0;0;0;0;0;0;0;0;0;0;0;0;0;0;0;0;0;0;0;0;0;0;0;0;0;0.333333333;0;0.333333333;0;0;0;0.333333333;0;0;0;0;0;0;0;0;0;0;0;0;0;0;0;0;0;0
OTU0406;0;0;0;0;0;1;0;0;0.666666667;0;1;0;0;0;1;0;5;0;0;0;0;0;0;1.666666667;0;0;1;0;0;2.5;0;1;0.333333333;0;0;0;1.333333333;0;0;0;0;0;0;0;0;0;0;0;0;1;0;0;0;1;0;0
OTU0407;0;0;0;0;0;0.333333333;0;0;0;0;0;0;0;0.333333333;0.333333333;0;0;0;0;0;0;0;0;0;0;0;0;0;0;0;0;0;0;0;0;0;0;0;0;0;0;0;0;0;0;0;0;0;0;0;0;0;0;0;0;0
OTU0408;0;0;0;0;0.333333333;0;0;1;0;0;0;0;0.333333333;0.666666667;0;0;0;0;0;1;0;0;0;0.333333333;0.666666667;0;0;0;0;0;0.333333333;0;0.333333333;0.666666667;0.666666667;1.666666667;0;0;0;0;1.666666667;0;8;0;4;0;0;1;0;0;0;0;0;0;1.666666666;0
OTU0409;0;0;0;0;0;0;0;0;0;0;0;0;0;2.666666667;0;0;0;0;0.666666667;0;0;0;0;0;0;0;0;0;0;0;0;0;0;1.333333333;0;0;0;0;0;0;0;0;1;0;0;0;0;0;0;0;0;0;0;0;0;5.333333333
OTU0410;0;1.666666667;0;0;0;0;0;0.666666667;0.333333333;0;0;0;0;0;0;0;0.333333333;0;0;0;0;0;0;0;0;0;0;0;0;0;0;0;0;0;0;0;0;0;0;0;0;0;0;0;0;0;0;0;0.333333333;0;1.666666667;0;0;0;0;0
OTU0411;0;0;0;0;0;0;0;0;0;0.333333333;0;0;0;0;0;0;0;0;0;0;0;0;0;0;0;0;0;0;0;0;0;0;0;0;0;0;0;0;0;0;0;0.333333333;0;0;0;0;0;0;0;0;0;0;0;0;0;0
OTU0412;1.333333333;1;1.333333333;8.666666667;3;0;0;3.333333333;3;0;2.333333333;4;3.333333333;0;0;2.666666667;2.333333333;0;0.333333333;0;0;1.666666667;0;4.666666667;3.666666667;0.333333333;2;2.333333333;1.333333333;0;0;5.333333333;6.666666667;0;0;0;1.666666667;0;2;0;0;0;0;1;0;0;0;0;2;0;0;0.333333333;0;0;0;0
OTU0413;3.333333333;25;4.000000001;14;13.33333333;17.33333333;8;12.66666667;14;53.33333334;7.333333333;9.333333333;11.66666667;7.666666666;12;11.66666667;5.666666667;13.66666667;2.333333333;9.999999999;2.666666666;0;0.666666667;3.666666666;3.333333334;4.666666666;3.666666666;2;11;32;5.333333333;3;5.333333334;6;4.666666667;2.666666667;1.666666667;6;39.33333334;2.666666667;4;5.333333334;5.666666666;6.666666667;6.333333334;2;8;6.999999999;13;15.33333333;4.333333333;12.33333333;4.666666667;2.333333333;11.66666667;0
OTU0414;19.66666667;84.66666667;53.99999999;82;51.66666667;24.66666667;66.66666667;99;58.33333334;31;55.33333333;42.33333333;62.99999999;27;41;60;46.33333334;22;29.33333333;27.66666667;92.66666667;12.33333333;62.66666666;34.66666667;51.33333333;36.66666667;44.66666667;36;40.66666667;69.5;51.33333333;69.33333333;91;30.33333333;21;42.33333333;27;33;169;41.33333333;27.33333333;34.66666667;25.33333333;36;49.66666667;31.66666667;21.33333333;43.66666667;75.33333334;22.33333333;44;26;25.66666667;48.66666667;43.66666667;39
OTU0415;0;2;3.666666666;2;4.666666666;0;0.666666666;0;0.333333333;0;0;0;6.666666667;3.666666667;8.333333333;2.666666667;2.666666666;5.666666666;0.333333333;1.333333334;2.333333334;2.333333333;0.666666667;0.333333333;4;10;0;1.333333333;2;2;3.333333333;0.666666667;4.666666667;1.666666666;0;1.333333333;6.333333333;4.333333333;2;1;3.666666667;4.333333333;3;2.333333333;2.333333333;1.333333334;3;0.333333333;1;0;5.666666667;1.666666667;1.666666666;4.333333333;0.666666667;2.333333333
OTU0416;0;0.333333333;0;0;0;0;0;0;0;0;0;0;0;0;0;0;0;0;0;0;0;0;0;0;0;0;0;0;0;2.5;0;0;0;0;0;0;0;1.666666667;0;0;0;0;0;0;0;0;0;0;0;0;0;0;0;0;0;0
OTU0417;0.666666667;0;0;0;0.666666667;0;0;0;0;0;0.666666667;0;0;0;0;0.666666667;0;0;0;0;0;0;0;0;0;0;0;0;0;0;0;0;0;0.333333333;0;0;0;0;0;0.333333333;0;0;0.333333333;0;2.333333333;1;0;0.333333333;0;1.333333333;0;0.333333333;0;0;0;1.666666667
OTU0418;0;0;0;0.666666667;0;0;0;0;0;0;0;0;0;0;0;0;0;0;0;0;0;0;0;0.333333333;0;0;0;0;0;0;0;0;0;0;0;0;0;0;0;0;0;0;0;0;0;0;0;0;0;0;0;0;0;0;0;0
OTU0419;2;20.33333333;5;3;3.666666667;19;11.66666667;6.666666666;15.66666666;13.66666667;9;4;3.666666666;5;12;5;3.666666667;3.333333333;0.333333333;2.666666666;1;1.666666666;2.333333333;7;5.333333333;3.666666667;3.666666667;1;6.666666667;16;1.333333333;5.333333333;14;0.666666667;0;1;2.999999999;4;15.66666667;4.333333333;2.333333333;11.66666667;3;8.666666667;11.66666667;3.333333333;7.333333333;5.333333333;8.000000001;3.666666667;7.666666666;6.666666667;2.999999999;5;19;6.333333333
OTU0420;0;0.333333333;0;0;0;1.666666667;0.666666667;0;0;0.666666667;0;0;0;6;0;0;0;0;0;0;0;0;0;0;0;0;0;0;0;0;0;0;0;0;0;0;0;0;0;0;0;0;0;0;0;0;0;0;0;0;0;0;0;0;0;0
OTU0421;0;0;0;0;0;1.333333333;0;0;0;0;0;0;0;0.666666667;0;0;0;0.666666667;0;0;0;0.666666667;0;0;0;0;0;0;0;0;0;0;0;0;0;0;0;0;0;0;0;0;0;0;0;0;0;0;0;0;0;0;0;0;0;0
OTU0422;0;0;0;0;6.333333333;0;0;0;0;0;0;0;0;0;0;0;0;0;0.666666667;0;0;0;0.333333333;0;0;0;0;0.666666667;0;0;0;0;0;0;0;0;0;0.666666667;0;0;0;0;0;0;0;0;0;0;0;0;0;0;0;0;1.333333333;7.333333333
OTU0423;1.666666667;4.666666667;1;5.333333333;6;4;2.333333333;3;1.666666667;1;7;3;4.333333333;3.666666667;7.666666667;3.333333333;7;2;4.666666667;0.666666667;1.666666667;2.666666667;1.666666667;3;2.666666667;3;6;3.666666667;5;26.5;13;4.666666666;13.66666667;4;3;2;3;1.666666667;5;4.666666667;1.333333333;3.333333333;5;2;7.333333333;5.666666667;2.666666667;3.333333333;3.666666667;2.666666667;4;6.333333333;2.666666667;2.333333333;10.33333333;2.666666667
OTU0424;0;5;0;0;0;0;0;2;0;0;0;0;2.666666667;0;0;0;0;0;1;0;0.666666667;0;0;1;0.666666667;1;0;0;0.333333333;1.5;0;0.333333333;4;0;0.333333333;0;0.666666667;0;1.333333333;0;0;0;0;0;0;0;1;0;4;0;0;0;0;0;0;0
OTU0425;0;0;0;0;0;0;0;0;0;0;0;0;0;0;0;0;0;0;0;0;0;0;0;0;0;0;0;0;0;0;0;0;0.333333333;0;0;0;0;0;0;0;0;0;0;0;0;0;0;0;0;0;0;0;0;0.666666667;0;0
OTU0426;0;0.333333333;0;0;0;0;0;0;0;0;0;0;0;0;0;0;0;0;0;0;0;0;0;0;0;0;0;0;0;0;0;0;0;0;0;0;0;0;0;0;0;0;0;0;0;0;0;0;0;0;0;0;0;0;0;0
OTU0427;0.666666667;5;1.666666667;1.666666667;3.333333333;1.666666667;2.333333333;3;3.333333333;1.333333333;13.33333333;4;3.333333333;2.333333333;1.666666667;2.333333333;4.333333333;6.333333333;3;4;2.666666667;1.666666667;4.666666667;7.333333333;6.333333333;5;4;9.333333333;5.333333333;6;4;16.33333333;1.666666667;8.333333333;2;3.333333333;3;1.333333333;4.666666667;2.666666667;2.666666667;1.666666667;5;2.333333333;6;6.333333333;1;9.666666667;4;1.333333333;5.333333333;5.666666666;3.666666667;4.333333333;5;2.666666667
OTU0428;0;29.33333333;15;26;22.66666667;16.33333333;12.33333333;8.333333333;11.33333333;8.333333333;12;25.33333333;10.33333333;17.66666667;19;2.666666667;18.66666666;22.33333333;8.333333333;26.66666667;13;5;30.66666667;29.66666667;21;27.66666667;25.33333333;15;11.33333333;52.5;17;16;16.66666667;12.33333333;2.666666667;14.66666667;20;9.333333333;34;10.33333333;14.33333333;7.333333333;12;6.666666667;22;22.33333333;14.33333333;13.33333333;25.33333333;22.33333333;10;22;18.66666667;21.33333333;31.66666667;24.33333333
OTU0429;3;12.33333333;2.666666667;3.333333334;4.666666667;3.333333334;1.666666666;2.666666666;6.666666666;0;1.333333334;7.333333333;12.33333334;1.333333333;2.666666667;3.666666667;2.666666667;2.333333333;2;2.333333333;0.666666666;0;3.333333334;0.666666666;5.333333334;0.666666667;5.333333333;4.333333334;1.333333333;1;2.333333333;6.666666666;2.999999999;4.333333333;0.333333333;1.333333333;3.333333333;1.666666667;3.666666666;0.333333333;1.666666666;0.666666667;2;2;6.333333333;1.666666667;5.666666666;2.000000001;3;0;2.333333333;2.333333333;1.666666667;0.666666667;2.333333333;0
OTU0430;1.333333333;0.666666667;0.333333333;0;0;0;0;0;0.666666667;0;1.333333333;0;0;0;0;0.333333333;1.666666666;0;0.333333333;0;0.333333333;0;0.333333333;0.666666667;1.666666667;0;0;0;0.666666667;2;0.666666667;0;3.666666667;0.666666667;1.333333333;0;0;1;2;1.666666667;0;0;0;0;0;1.666666667;0;0.333333333;4.666666667;0;2;3.333333334;0;9.333333333;0;0
OTU0431;0;0;0;3.666666667;0.666666667;0;0;0.333333333;0;0;0;0;0;0;0;0.666666667;0;3.333333333;3.666666667;1.666666667;2;0;1.666666667;0;3;5.333333334;0;0;1;7;1.666666667;0.333333333;0;0;1.333333333;7.333333333;0;0.666666667;1.666666667;0;3;0;0;0;0;1.333333333;0;0;3.666666667;2.666666667;6;3.666666667;0;2;0;5.333333333
OTU0432;0;0;0;0;0;0;0.333333333;0;0;0;0.666666667;0;0;0;0;0;0;0;0;0;0;0;0;0;0;0;0;0;0;0;0;0;0;0;0;0;0;0;0;0;0;0;0;0;0;0;0;0;0.333333333;0;0;0;0;0;0;0
OTU0433;0;0;0;0.666666667;3.666666667;0;0;1;0;0;0;0.333333333;2;1;0;0;1;0;1.333333333;2.333333333;0;0;0.333333333;0;0;0;0.333333333;0;0;2;2;2.333333333;0.333333333;0;2;4;1;0;0;0.333333333;0;0;0;0;1.666666667;1;0;0.666666667;0;0;0.333333333;0;0;2.666666667;0;0
OTU0434;0.666666667;1.666666667;0.333333333;0;1;1.333333333;0;0;0;0;4.333333333;1.666666667;2;2.666666667;30.66666667;3.333333333;1.666666667;10.33333333;1.333333333;4.333333333;4.333333334;1;0;1;7;2.666666667;0;0;2.666666667;0;0.333333333;0.666666666;0.333333333;0;0;1.666666667;0;0.666666667;5.666666666;0.666666667;0;0;0;1.666666667;0.666666667;1;1;0;0.333333333;5;0;2.333333333;5.666666667;2;11;5.333333333
OTU0435;0;0;1;2.333333333;1;0;0;0;0;0;0;2;1;0;0;0;0.666666667;0;0;0;0;0.333333333;1.666666667;0;0;0;0;0;0;4.5;0;0;0;0;0;2.333333333;0.333333333;0;1;0.333333333;1;0;0;0;0.333333333;0;1.333333334;0;0.666666667;0;1;2.666666666;1;0.333333333;0.666666667;0
OTU0436;16.66666667;43;16;18;25;7.333333333;25.66666667;31;22;12.33333333;14;37;32.33333333;7.666666665;38;20.33333333;27.33333333;20;28;18.33333333;30.33333333;3.333333334;34;13;32.33333333;53;19.66666667;9.333333333;33.33333333;63;40.66666667;32.33333334;45.33333334;23.66666667;21.66666667;25.33333333;4.666666667;16;33.33333333;24.66666667;15.66666667;17.33333333;13;7.333333333;18;16.33333333;12.66666667;24.66666667;25;30;18;11;12.66666667;40;18;13.66666667
OTU0437;0;4;0;0;0;14;0;0;0;10.33333333;0;0;0;3;0;0;0;0.333333333;0;0;0;0;0;0;0;0;0;0;0;0;0;0;0;2;0;0;0;0.333333333;0;0;2;3.666666667;0;0;0;0;0;0.333333333;0;1.333333333;0;0;0;0;0;0
OTU0438;0;1.333333333;0;0;0;0;0.666666666;0;0;1;1.333333333;0;0.333333333;0;0;1;2.333333333;0;0;0;0.333333333;0;0.666666667;0;0;0;0;0;0;1;0;0;1.333333333;1.666666667;0;1;0;0;0;0;0;0;0;1;0;0;0;0;4.333333333;0;0;0.666666667;0.333333333;1;0;0
OTU0439;0.333333333;3.333333333;1.333333333;0.333333333;1;1.333333333;1.666666667;1;0;0;0;4.666666667;3;4.666666668;0.666666667;3;3.333333334;2.666666666;3;1;0.666666666;0;5.333333332;0.666666667;2.666666666;4.666666666;2;0;7;5.5;0.333333333;0;0;2.666666666;0.666666666;2.999999999;4;7.333333333;2.666666667;3;0.333333333;3;0.666666667;2;0.666666666;1;1;3;8;3.666666666;3.000000001;6.666666666;1.666666667;5;0.666666666;0.666666667
OTU0440;0;0;0;0;1;1.666666667;0;0.333333333;0;0;1.666666667;0;0.666666667;1.666666667;0;1;0;0;0;0;1.333333333;0;0;0;0;0;0.333333333;0;0;0;0;0;0;2.666666667;0.666666667;0;0.333333333;2.333333333;0;0;0;0;0;0;0;0;0;0;0;0;0;0;0;1;0.333333333;0
OTU0441;0;1;0;0;0;0;0;0;0;0;0;0;0;0;0;0;0;0;0;0;0;0;0;0;0;0;0;0;0;0;0;0;0;0;2.333333333;0;0;0.666666667;0;0;0;0;0;0;0;0;0;0;0;0;0;3;0;0;0;0
OTU0442;3.333333333;14;4.333333333;1.333333333;10.66666667;5.333333334;7.666666666;6.666666667;3.333333333;1.333333333;7.333333333;5;4.333333333;9;20;9.333333334;8.333333333;10.33333333;8.333333334;13.66666667;12;3;5.666666667;7;8.666666667;7.666666667;15.66666667;10.66666667;7;13.5;8.333333334;10.33333333;7.666666666;10.33333333;11;8.666666666;6.333333333;1.666666667;11.66666667;8.333333334;5;9.333333333;1.333333333;5.333333334;6.333333333;6.666666667;6;3.666666666;14;10;6.666666666;6;8.333333333;13.33333333;5;1
OTU0443;0.333333333;0;0;0.333333333;0;0;0;1;0;0;0;0;0;0;0;0.666666667;0;0;0;0.666666667;0;1;0;1;1;1;0;0;0.333333333;7;0;0;4;3.333333333;0;0;0;0;0;0;0;0;0;0.333333333;0;0;0;0.666666667;0.666666667;0;0;0;0;0;0;0
OTU0444;2.333333333;12;1;0.333333333;2;2.666666667;0;3.666666666;1.333333334;2.666666667;3.333333334;0;0.333333333;2.666666667;3.999999999;5;1;3.333333333;1.333333333;2.666666667;0.666666667;0.333333333;4.333333333;4.333333333;0.666666666;2.333333333;1.333333334;0;3;23;4.666666667;4.666666667;8;2.666666667;5.333333334;12.33333333;0.333333333;0.333333333;2;0.333333333;0.666666667;2;2.333333333;0;2.666666667;0;2;1.666666667;6.333333333;1;3.333333333;2;3;3.666666667;2.333333333;0
OTU0445;0;3.333333333;0.333333333;0.333333333;0;0;1.666666666;0;1.333333333;2.666666667;1.333333334;0.333333333;0;0.333333333;2;0;1;0.333333333;0.333333333;1;0;0.333333333;1;0;0;1.333333333;0;0;1.666666666;0;0;0.333333333;0;0;2.333333333;0;0;0;6;0.333333333;1.666666667;0.333333333;0;0;0;0.333333333;0;0.333333333;0;0;0.333333333;0;0;3;0;0.333333333
OTU0446;0;2;0;0;0;0;0;0.333333333;0;0;2;0;0;0;0;0.333333333;1.666666667;0;0.666666667;3.333333333;0;0;1;0;0;0;0;0;0;0;0.666666667;1.333333333;1;1.666666666;0.333333333;0;1.333333333;0;0;0;0;1.666666666;0;0;0;0;0;0;0.333333333;0;0;0;1;0;0;0
OTU0447;0;0;0;0.333333333;0;5.333333333;0;0.333333333;0;16.33333333;0;0;0;0;0;0;0;0;0;0;0;0;0;0;0;0;0;0;0;0;0;0;0;0;0;0;0;0;0;0;0;0;0;0;0;0;0;0;0;0;0;0;0;0;0;0
OTU0448;0;0;0;0;0;3.333333333;0;0;0;8.666666667;0;0;0;0;0;0;0;0;0;0;0;0;0;0;0;0;0;0;0;0;0;0;0;0;0;0;0;0;0;0;0;0;0;0;0;0;0;0;0;0;0;0;0;0;0;0
OTU0449;120;28.66666666;39.66666667;48;232.3333333;0.666666667;53.66666667;64.66666666;50.66666666;23;73;109.3333333;71.66666667;31;129.3333333;38;92;94.33333333;179.3333334;113;166;65;147.6666667;84.33333333;98.66666667;288;169.6666667;126;64.66666666;132.5;97;56.66666667;60.33333333;127.3333333;48;144.3333333;91.33333334;26.33333333;59.66666667;37.66666667;57.66666667;78.33333333;104.6666667;47;129.6666667;229.6666666;45.66666667;75;60.66666666;157.6666667;84.66666667;130.6666667;138;383.3333333;84.33333333;168.3333333
OTU0450;0;0;0;0;0;0;0;0;0;0;0;0;0;0;0;0;0;0;0;0;0;0;0.333333333;0;1.333333333;0;0;0;0;0;0;0;0;0;0;0;0;0;0;0.666666667;0;0;0;0;0;0;0;0;0;0;0;17.33333333;0;0;0;0
OTU0451;86;0;2;0;15.33333333;2;2;7;2.333333334;1.333333333;1.666666667;95.66666667;1;0.666666666;5.666666666;2;139.6666667;0;211.3333334;320;48.66666667;72;116.6666667;199;36;85;43.66666666;73.66666666;2.333333333;0;0;4.333333333;0.666666667;5.666666667;0;5;76;0.333333333;0;3.666666667;0.666666667;1.333333333;15.66666666;2;6.666666666;119.6666667;27.33333334;20.33333333;2;133.3333333;150.3333333;48.33333333;4.999999999;365.3333333;5.333333334;63.66666667
OTU0452;0;0;0;0;0;0;0;0;0;0;0;0;0;0;0;0.666666667;1.333333333;2.666666667;0.333333333;0;0;0;0.333333333;0;0;0;1;0.666666667;0;0;0;0;0;0;0;0;0;0;0;0;0;0.333333333;0;0;0;1.333333333;0;0;0;0;0;0;0;0;0;0
OTU0453;276.6666667;1.333333333;12.66666667;8.666666667;88;6.666666667;10;13.66666667;10;3.333333333;3;173;8;79.66666667;40.33333333;8.999999999;169.3333333;9.333333334;182.3333334;329.3333333;46.66666667;133.3333333;143;284.6666667;83.33333333;359.3333333;132.3333333;135.3333333;37.66666667;5;10.66666667;19;10.66666667;90.66666667;21.66666667;71.33333333;212.6666667;2.333333333;10.66666667;73;7.333333334;49;186.3333333;23;62.66666666;574.3333334;159;203.3333333;29.33333334;653.3333333;166.6666667;350.6666667;41.66666667;626.6666667;41;371
OTU0454;0;0;0;0;0;7;0;0;0;1;0;0;0;3;0;0;0;0;0;0;0;0;0;0;0;0;0;0;0;0;0;0;0;8.666666667;0;0;0;0;0;0;0;0;0;0;0;0;0;0;0;0;0;0;0;0;0;0
OTU0455;5.666666667;0;0.333333333;0;1.666666667;39.66666667;0;0.666666667;0;1;3.333333333;4;0;37.66666667;2;0;11.66666667;11.66666667;13;14;2.666666667;61;11;23;2.666666667;37;13.33333333;4.666666667;0;92.5;0;0;0;64.33333333;1.666666667;4;13;0;1;1;0;46.33333333;30;3.333333333;0.666666667;138;18;18;2.333333333;86.33333333;52.33333333;25.66666667;7;53;3.666666667;17
OTU0456;0;0;0.333333333;0;0;144;0;0;1.666666667;0;1.666666667;0;0;0;0;0;0;0;0;0;0;0;0;0;0;0;0;0;0;0;0;0;0.333333333;57.66666667;0;0;0;0;0;0;0;4;0;0;0;0;0;0;0;2;0;0;0;0;0.333333333;0.333333333
OTU0457;0;0;0;0;0;3.666666667;0;0;0;0;0;0;0;0;0;0;0;0;0;0;0;0;0;0;0;0;0;0;0;0;0;0;0;4;0;0;0;0;0;0;0;0;0;0;0;0;0;0;0;0;0;0;0;0;0;0
OTU0458;0;0;0;0;0;11;0;0;0;0.333333333;0;0;0;0;0;0;0;0;0;0;0;0;0;0;0;0;0;0;0;0;0;0;0;2.333333333;0;0;0;0;0;0;0;0;0;0;0;0;0;0;0;0;0;0;0;0;0;0
OTU0459;0.333333333;0.333333333;0;0;0.666666667;128.3333333;1.333333333;0.333333333;0;112;1.333333333;1.333333333;0;16.66666667;0;0;0;0;0;0;0;0;0;0;0;0;0;0;0;0;0;0;0;50.33333333;0;0;0;0;0;0;0;4.333333333;0;0;0;0;0;0;0;0;0;0;1;0;0;0.666666667
OTU0460;0;0;0;0;0;56.99999999;0;0;0;10.33333333;0;0;0;1.333333333;0;0;0;0;0;0;0;0;0;0;0;0;0;0;0;0;0;0;0;77.66666667;0;0;0;0;0;0;0;2.333333333;0;0;0;0;0;0;0;4.333333333;0;0;0;0;0.333333333;0
OTU0461;0;0;0;0;0;1.333333333;0;0;0;0;0;0;0;0;0;0;0;0;0;0;0;0;0;0;0;0;0;0;0;0;0;0;0;0.666666667;0;0;0;0;0;0;0;0;0;0;0;0;0;0;0;0;0;0;0;0;0;0
OTU0462;0;0;0;0;0;66.33333333;0;0;0.333333333;18.66666667;0;0;0;3.666666667;0;0;0;0;0;0;0;0;0;0;0;0;0;0;0;0;0;0;0;14;0;0;0;0;0;0;0;1.666666667;0;0;0;0;0;0;0;1.666666667;0;0;0;0.333333333;0;0
OTU0463;0;0;0;0;0;96.66666667;0;0;0;28.33333333;0;0;0;9.333333333;0;0;0;0;0.666666667;0;0;0;0;0;0;0;0;0;0;0;0;0;0;19.33333333;0;0;0;0;0;0;0;25;2;0;0;2.666666667;1;0;0;9.333333333;0;0;0;0.666666667;0;0
OTU0464;73.33333334;34;2.333333333;0.666666667;80.33333333;318;1.333333333;0.666666667;0;340.3333333;1;55;8.333333333;495.6666667;21;4.666666666;122.6666667;79.33333334;94.66666667;110.6666667;26.66666667;101.6666667;16;92.66666667;73.00000001;282.3333333;42.33333333;25.33333333;7.333333333;0;0;0;0;775.3333333;110.6666667;88.66666667;58;2;4.666666667;116;3.666666667;865.6666667;953;103.6666667;67.66666667;551.6666666;498;397.6666667;25.66666667;529;252;224;34;225.6666667;49.33333334;140
OTU0465;0;0;0;0;0;9.666666667;0;0;0;7.666666667;0;0;0;1;0;0;0;0;0;0;0;0;0;0;0;0;0;0;0;0;0;0;0;0;0;0;0;0;0;0;0;0;0;0;0;0;0;0;0;0;0;0;0;0;0;0
OTU0466;0;0;0;0;0;7;0;0;0;8;0;0;0;0;0;0;0;0;0;0;0;0;0;0;0;0;0;0;0;0;0;0;0;13.33333333;0;0;0;0;0;0;0;1;0;0;0;0;0;0;0;0;0;0;0;0;0;0
OTU0467;1;0;0;0;0.333333333;94.33333333;0;0;0;108.6666667;2.666666667;0;0;9.333333333;0;0;0;0;0;0;0;0;0;0;0;0;1.333333333;0.333333333;0;0;0;0;0;24.66666667;0.333333333;0;0;2;0;0;0;1;0.666666667;0;0;2.333333333;1;2.666666667;0;2;0;1;0;0;1.333333333;0
OTU0468;0;0;0;0;0;22;0;0;0;24.33333333;0;0;0;0;0;0;0;0;0;0;0;0;0;0;0;0;0;0;0;0;0;0;0;41.33333333;0;0;0;0;0;0;0;1.333333333;0;0;0;0;0;0;0;0;0;0;0;0;0;0
OTU0469;0.666666667;0;0;0;0;0;0;0;0;0;0;0;0;0;0;0;0;1.333333333;0;0.333333333;0;1.333333333;1;0;0;3.666666667;0;0;0;0;0;0;0;4.666666667;0;0;0;0;0;0;0;0;0;0;0;0;0;0;0;0;0.666666667;0.666666666;0;0;0;0
OTU0470;0;0;0;0;0;5;0;0;0;0;0;0;0;0;0;0;0;0;0;0;0;0;0;0;0;0;0;0;0;0;0;0;0;0;0;0;0;0;0;0;0;0.333333333;0;0;0;0;0;0;0;0;0;0;0;0;0;0
OTU0471;0;0;0;0;0;3;0;0;0;0;0;0;0;0;0;0;0;0;0;0;0;0;0;0;0;0;0;0;0;0;0;0;0;0;0;0;0;0;0;0;0;0;0;0;0;0;0;0;0;0;0;0;0;0;0;0
OTU0472;0;0;0;0;0;1.333333333;0;0;0;0;0;0;0;0.666666667;0;0;0;0;0;0;0;0;0;0;0;0;0;0;0;0;0;0;0;0;0;0;0;0;0;0;0;0;0;0;0;0;0;0;0;0;0;0;0;0;0;0
OTU0473;0;0;0;0;0;7.333333333;0;0;0;0;0;0;0;0;0;0;0;0;0;0;0;0;0;0;0;0;0;0;0;0;0;0;0;12;0;0.333333333;0;0;0;0;0;0;0;0;0;0;0;0;0;0;0;0;0;0;0;0
OTU0474;0;0;0;0;0;0;0;0;0;0;0;0;0;0.666666666;0;0;0.333333333;0.666666667;0;0;0;0;0;0;0;0;0;0;0;0;0;0;0;0;0;0;0;0;0;0;0;0;0;0;0;0;0;0;0;0;0;0;0;0;0;0
OTU0475;0;0;0;0;0;1;0;0;0;0;0;0;0;0;0;0;0;0;0;0;0;0;0;0;0;0;0;0;0;0;0;0;0;0;0;0;0;0;0;0;0;0;0;0;0;0;0;0;0;0;0;0;0;0;0;0
OTU0476;0;0;0;0;0;19.33333333;0;0;0;0;0;0;0;1.666666667;0;0;0;0;0;0;0;0;0;0;0;0.333333333;0.666666667;0;0;0;0;0;0;39.66666667;0;0;0;0;0;0;0;0;0;0;0;17.33333333;0;0;0;92.66666667;0;0;0;0;0;0
OTU0477;8.333333333;0.666666667;1;0;0.333333333;22.33333333;0;4;0;0;0;7;0;5;0;0;2;0;2.333333333;37;7;16;10.66666667;70;2.333333333;13.33333333;10.33333333;7.666666667;0;0;0;1.333333333;0;6.666666666;0;0;18;0;0;0;0;6;0;0;0;0;0;0;2.333333333;20.33333333;7.666666667;24.33333333;0;143.6666667;0.333333333;3
OTU0478;0;0;0;0;0.666666667;143.6666667;0;1.333333333;0;25.66666666;0;8.666666667;0;15;0.333333333;0;18;0;24.66666667;3;4.666666667;6.333333333;0.333333333;3.333333333;2.333333333;33.33333334;5;15.66666667;0;0;0.666666667;0.333333333;0;298;0;1;0;1;0.333333333;1.333333333;0;98;14.66666667;1;0;51.33333333;6;7.666666667;0;124.3333334;0.666666667;3.333333333;0;29;0;8
OTU0479;0;0;0;0;0;7;0;0;0;0;0;0;0;0;0;0;0;0;0;0;0;0;0;0;0;0;0;0;0;0;0;0;0;0;0;0;0;0;0;0;0;0;0;0;0;0;0;0;0;0;0;0;0;0;2;0
OTU0480;5;0.333333333;0;6.333333333;0.333333333;178.6666667;1;0;0.333333333;0.333333333;0;0.333333333;0;14.33333333;0.666666666;0;0;0.333333333;0;12.66666667;0;0;0;1.333333333;0;2.333333333;0;0;0;0;0;0.333333333;0;46.66666667;0;0;4;0;0;0;0;10;18.33333333;22;0.666666667;8.333333334;0;1;0;22.66666667;1;0.666666667;0;0.333333333;0.666666667;5
OTU0481;0;0;0;0;0;3;0;0;0;0;0;0;0;3;0;0;0;0;0;0;0;1.333333333;0;0;0;0;0;0;0;0;0;0;0;3;0;0;0;0;0;0;0;3.666666667;0;0;0;0;0;0;0;1.666666667;0;0;0;0;0;0
OTU0482;1.666666666;1;0;0;6.333333334;68.33333334;0;0;0;17.66666667;0;1.666666667;0.333333333;26;6;0;12.66666667;22;5.666666667;8;10.33333333;7.333333333;12;10.33333333;2.333333333;7.333333333;2.333333333;16.33333333;0.666666667;0;0;0.333333333;0;16.33333333;7;8.666666666;0;0.333333333;0;15.66666667;3;39.66666667;14.66666667;1;0;0.666666667;9;11.33333333;45;53.33333333;4.666666667;10.33333333;18.66666667;5;0;1
OTU0483;0;0;0;0;0;8.666666667;0;0;0;6;0;0;0;4.666666667;0;0;0;0;0;0;0;1;0;0;0;0;0;0;0;0;0;0;0;3;0;0;0;0;0;0;0;5.333333333;0;0;0;0;0;0;0;0;0;0;0;0;0;0
OTU0484;0;0;0;0;0;59.33333333;0;0;0;0;0;0;0;0.333333333;0;0;0;0;0;0;0;11;0;0;0;0;0;0;0;0;0;0;0;4.666666667;0;0;0;0;0;0;0;1.666666667;0;0;0;0;0;0;0;0;0;0;0;0;0;0
OTU0485;0;0;0;0;0;1.666666667;0;0;0;0;0;0;0;1;0;0;1.666666667;7;5.333333333;5.666666667;0;9;2.666666667;1.333333333;0;31;6.333333333;2.333333333;0.666666667;0;0;0;0;0;0;4.333333333;0;0;0.666666667;2;1.666666666;7.333333334;11.33333333;7.666666667;0;9;21;5.333333333;0;19;9;23.33333333;2.333333333;3.333333333;1.333333333;6.333333333
OTU0486;36.66666667;85.66666666;0.333333333;0;108.6666667;200.6666667;6.333333334;11;1.333333333;269;106.6666667;26.33333333;63.66666666;381;76.33333334;37;40.66666667;285.3333333;99.99999999;120.3333333;49.66666666;209.6666667;51;62.33333333;54.33333333;106.3333333;152.3333333;49.66666666;24.33333333;2.5;37;20.66666667;15;260;244.3333333;147.3333333;65.33333334;39.66666667;12;79.33333332;92.66666666;331;207;54;143;87.33333333;108;108;38.33333333;218;206.3333333;98.33333334;74.66666667;81.00000001;141;90.66666667
OTU0487;0.666666667;0;0.333333333;1;0;1.333333333;3;0;2;0;0;0;0;4;0;1.666666667;0;0;0;0;0;2.333333334;0;0;0;0;0;0.666666667;2.333333333;0;0;0.333333333;1.333333333;1.333333333;0;0;0;0.333333333;0.666666667;0;0;6;0;0;0;1;0;0;0;9;0.333333333;0;0;1;0;0.666666667
OTU0488;0;0;0;0;0;7;0;0;0;0;0;0;0;2;0;0;0;0;0;0.333333333;0;0.333333333;0;0;0;5;0;0;0;0;0;0;0;4.666666667;0;0;0;0;0;0;0;1;5.333333333;0;0;6.333333333;0;0;0;4.333333333;1;3.333333333;0;0;0;0.333333333
OTU0489;36;7.666666667;0;0;102;91;0;1.666666667;0.333333333;71.33333333;28;15;34.66666667;173;54.66666666;32.33333334;35;88.33333333;96.00000001;78.66666667;46;179.3333333;70.33333333;113.3333333;76;68.33333334;160.3333333;55.66666666;25.33333334;0;0.333333333;3.333333333;10.33333333;72.33333333;121.6666667;97.33333333;25.33333334;0;3;120;42.33333334;221.3333333;181.6666667;78.66666667;125.6666667;75.66666667;121.6666667;123.6666667;80.33333333;178;128.6666667;92;104.3333333;48.99999999;131.3333333;126
OTU0490;0;0.333333333;0;0;0;20;0;0;0;2;0;0;0;7.333333333;0;0.333333333;0;7.333333333;3.333333333;3.333333333;1.666666667;2.333333333;0.333333333;0;2;1.666666667;0.666666667;0;0;0;0;0;0;7.333333333;2;0;0.666666667;0;0;0;0;45;4;0;0;0;0;0;0;1.333333333;0;0;0.333333333;0;0;0.333333333
OTU0491;0;0;0;0;0;9.666666667;0;0;0;6;0;0;0;5;0.333333333;0;0;1;0;0;0;0;0;0;0;0.333333333;0;0;0;0;0;0.333333333;0;65;0.666666667;0;0;2.666666667;0;0;0;10.66666667;1.666666667;0;0;4.666666667;0;0.333333333;0;21.33333333;0;0;0;0;0;0
OTU0492;0;0.333333333;0;0;3.333333333;83.66666667;0;0;0;12.33333333;0;2.333333333;5;157.6666667;0.666666667;2.333333333;3.333333334;21.66666667;0;5.333333334;1.333333333;16;0;2;4.666666667;0;2;4.333333333;0;2.5;0.666666667;0;0;65.33333333;3;11;1.666666667;0;0.666666667;6;0.666666667;82.66666666;35.66666667;0;1;10;2.333333334;9;5.666666667;295.6666667;3.333333333;4.666666667;2.666666666;2;2.333333333;3
OTU0493;0;0;0;0;0;4;0;0;0;0;0;0;0;0;0;0;0;0;0;0;0;0;0;0;0;0;0;0;0;0;0;0;0;3.333333333;0;0;0;0;0;0;0;0;0;0;0;0;0;0;0;0;0;0;0;0;0;0
OTU0494;0.666666667;0;0;0;0;48.33333333;0;0;0;1.333333333;0;0;0;1;0;0;0;0;0;0;0;2;0;0;0;0;0;0;0;0;0;0;0;9.333333334;0;0;0;0;0;0;0;1.333333333;0;0;0;0;0;0;0;0;0;0;0;0;0;0
OTU0495;0;0;0;0;0;6.333333333;0;0;0;0;0;0;0;0;0;0;0;0;0;0;0;0;0;0;0;0;0;0;0;0;0;0;0;1.666666667;0;0;0;0;0;0;0;0;0;0;0;0;0;0;0;0;0;0;0;0;0;0
OTU0496;0;0;0;0;0;14.66666667;0;0;0;0;0;0;0;0;0;0;0;0;0;0;0;0;0;0;0;0;0;0;0;0;0;0;0;0;0;0;0;0;0;0;0;5.333333333;0;0;0;0;0;0;0;4;0;0;0;0;0;0
OTU0497;2.666666667;0.333333333;0;0;0;1.333333333;0;0;1;7;3;0;1;1.666666667;2.666666666;0;2;3.000000001;1.666666666;1.666666667;0.666666667;2.333333333;2.999999999;0.333333333;2.666666666;1.333333333;2.000000001;0;3.333333333;2;0;0.333333333;0;1.666666667;3;1;0.666666666;4;1.333333334;3.666666667;0.666666667;1.666666667;5.333333334;3;1.666666667;2;1.333333333;1.666666666;2;4;1;6.333333333;2.666666665;6.333333334;1;2
OTU0498;0.666666667;0;0;0;0;0;0;0;0;0;0;0;0;0.333333333;0;0;0;0.333333333;2;1;0;1.333333334;0;0.666666666;2;0;0.666666667;0;0;0;0;0;0;1.333333333;0;0;0;0;0;0;0;2.333333333;1.333333333;0;0;2;0;1.666666667;0.666666667;6.666666667;1.333333334;2.333333333;0;0;0;0.666666667
OTU0499;0;0;0;0;0;0;0;0;0;0;0;0;0;0;0;0;0;0;0;0;0.333333333;0;0.333333333;0.666666667;0;0;0;0.333333333;0;0;0;0;0;0;0;0;0;0;0;0;0;0;0;0;0;0;0;0;0;0;0;0.333333333;0.333333333;0;0;1.666666667
OTU0500;0;0;0;0;0;0;0;0;0;0;0;0;0;0;0;0;0;0;0;0;0;0;0;0;0;0;0;0;0;0;0;0;0;0;0;0;0;0;0;0;0;0;0;0;0;0;0;0;0;0;0;1.333333333;0;0;0;0
OTU0501;0;0;0;0;0;0.666666667;0;0;0;0;0;0;0;0.333333333;0;0;0;0;0;0;0;0;0;0;0;0;0;0;0;0;0;0;0;0;0;0;0;0;0;0;0;0;0;0;0;0;0;0;0;0;0;0;0;0;0;0
OTU0502;1.666666666;0.666666667;1.333333333;1.333333333;1.333333333;4.333333334;1.666666666;0.333333333;0;291.3333333;1;0;0;0;0;0;0;0;0;0;0;0;0;0;0;0;0;0;0;0;0;0;0;0.666666667;0;0;0;1.333333333;0;0;0;0;0;0;0;0;0;0;0;0;0;0;0;0.333333333;0;0
OTU0503;5.333333333;0;0;0;3;44.33333334;0;0.333333333;0;0;0;7;0.333333333;28.33333333;5.333333333;0;6.666666667;4.333333333;11.33333333;27;1.333333334;15.66666667;3;8.666666666;3.666666667;11.33333333;0.666666667;3.333333333;0;0;0;0;0;52.66666667;8.666666667;4;8.333333334;0.333333333;0.333333333;4.333333333;1.333333333;49;20.33333333;6.666666667;6.666666667;37;15.66666667;11;2.666666667;42;18;24;4.333333333;33;1;15.66666667
OTU0504;0;0;0;0;0;19;0;0;0;0;0;0;0;3;0;1.333333333;0;3.666666667;0;0;0;1.333333333;0.333333333;0;0;0;0;0;0;0;0;0;0;0.666666667;0;0;0;0;0;0;0;6;0;0;0;0;0;0;0;0;0;0;0;0;0;0
OTU0505;0;0;0;0;0;0;0;0;0;0;0;1;0;9.333333333;0;0;0.666666667;0;0.666666667;3.666666667;0;1.666666667;0;0;0;4;0;0.333333333;0;0;0;0;0.666666667;7;0;0;0.666666667;0;0;0;0.666666667;0;4.666666667;0;0;17.66666667;1.666666667;1.666666667;0;23.66666667;0;1;0;14.66666667;0;2.666666667
OTU0506;0;0;0;0;0;0;0;0;0;0;0;0;0;0;0;0;0;0;0;3;0;0;0;0;0;0.666666667;1;0;0;0;0;0;0;0;0;0;0;0;0;0;0;0;0;0;0;0;0;0;0;0;0;0;0;0.333333333;0;0
OTU0507;0;0;0;0;0;0;0;0;0;0;0;0;0;0;0;0;0;0;0;0;0;0.333333333;0;0;0;0;0;0;0;0;0;0;0;0;0;0;0;0;0;0;0;0;0;0;0;0;0;0;0;0;0;0;0;1;0;0
OTU0508;0;0;0;0;0;0;0;0;0;0;0;2.333333333;0;0;0;0;1;0;0;0;0;0;0;0.666666667;0.666666667;0;0;0;0;0;0;0;0;0;0;0;0;0;0;0;0;0;0;0;0;0;0;0;0;0;0;0;0;0;0;0
OTU0509;0;0;0;0;0;13.66666667;0;0;0;2.333333333;0;0;0;2.333333333;0;0;0;0;0;0;0;0;0;0;0;0;0;0;0;0;0;0;0;4.333333333;0;0;0;0;0;0;0;0;0;0;0;0;0;0;0;1.333333333;0;0;0;0;0;0
OTU0510;7.333333333;0;0.666666667;2;10;2.333333333;0;0;0;0;0;11;2.333333333;5;1.333333333;2.333333333;8.666666666;1.666666667;5.333333334;8;0.666666667;10;5.666666667;10;7.666666667;0.666666667;7.666666666;2;2;0;0;0;0;4.333333334;4;4.333333333;3.666666667;0;0;3.333333333;0.333333333;0;10.33333333;4.666666667;13.33333333;5;11.33333333;7.666666667;4;0;7.333333333;0.666666667;3.333333333;4.666666666;4.333333333;4
OTU0511;0;0;3.333333333;0;2.333333333;2;0;0;0;0.333333333;0;3.666666667;1;0;0;0;2.666666667;0;0.666666667;6;1;0;1.666666667;3;5.333333333;4.333333333;0.333333333;0.666666667;0.333333333;0;1.333333333;0.333333333;0;3;0;0;0;0;0;0;0;1.666666667;1;0;2;4.666666667;0;2;1;0.666666667;4;2.333333333;0;3.666666667;0.666666667;0
OTU0512;2;0;0;0;0.333333333;2.333333333;0;0;0;0;0;0;0;4.666666667;0;0;0;0;0;1.333333333;0;3.666666667;0;0;0;5;0;0.333333333;0;0;0;0;0;7.333333333;0;0;0.333333333;0;0;0;0;1;0.666666667;0;0;5.333333333;4.666666667;2.666666667;0;20.66666667;0;4;0.666666667;34.66666667;0;3.333333333
OTU0513;13;0;21.66666667;2;13;1.333333333;1.666666667;5.666666666;2;0;19.33333334;54.66666666;1;16;8.000000001;18;102.6666667;12.66666667;33.33333334;26.66666667;29;32.66666666;78;22;46.66666667;36.33333333;25.66666667;46.99999999;13;0;10;5.333333333;0;2.333333333;28.33333333;33.33333333;30.33333333;2.666666667;3.666666667;12;2.666666667;1.666666666;43.66666666;12.33333333;52.33333334;95;68;37.33333333;6.333333333;22.33333333;80.66666667;50.66666666;33;78.33333333;13;93.66666668
OTU0514;3.666666666;0;0;0.333333333;3;1;0;0;0.666666667;1;2;2.333333333;1;7.666666667;0.333333333;0;18.33333333;0;3.666666666;10.33333333;9;9.333333334;6;7;7;2.666666667;3.333333333;5.333333333;0.666666667;0;0;0;1;11.66666667;0;6;0;0;0.666666667;2;0;0;9.666666667;8.666666666;0;18;5.333333333;17;5.333333333;10;27.33333334;14.33333333;9;8.666666667;1;9.666666667
OTU0515;0.333333333;0;0;0;0.333333333;0;0;0;0;0;0.666666667;0;0;0;0;0;0;0;0;0;0;0;0;0;1.333333333;0.666666667;0;1.666666667;0;0;0;0;0;0;0;0;0;0;0;0.666666667;0;0;0;0.333333333;0;0;0;0;0;0;0;3;0.333333333;0;0;0
OTU0516;3;0;0;0;1.666666667;0.333333333;0;0;0;0.666666666;0.666666667;0;1.333333333;5.333333333;1.666666667;0;3;5.333333333;2.333333333;1.333333333;0;3.333333333;4.333333333;5.333333334;1;2.333333333;6;13;3.333333334;0;0;0;0.333333333;0;4;1;1.666666667;0;0;2.333333333;1.333333333;0;6.666666666;0;5.666666667;2.666666667;4.666666667;1.333333333;0;3;0.333333333;0;0;4.666666666;7;0.666666667
OTU0517;1.666666667;0;0;0;4.333333333;104.6666667;0;0;1;44;0;0;4.333333333;33.66666667;11;1.333333333;6.333333333;22.33333333;6.333333333;7.333333333;1.666666667;10.33333333;0;1;2.666666667;1.333333333;1;0;0;0;1;0;0;170.3333334;4.666666667;8.333333333;0;0;0;6.333333333;2;65;18.66666667;1.666666667;0;8;3.666666667;12;3.666666667;25.33333334;3.666666667;2;8.333333333;5.333333333;4.333333333;10.66666667
OTU0518;0;0;0;0;0;0;0;0;0;0;0;0;0;8;0;0;0;0;0;0;0;0;0;0;0;0;0;0;0;0;0;0;0;2.666666667;0;0;0;0;0;0;0;2.666666667;0;0;0;0;0;0;0;0;0;0;0;0;0;0
OTU0519;8;1.666666667;2;4.666666667;13.66666667;234.6666666;7.333333333;2;3.333333333;186.3333334;8;9;14;55.66666667;35.33333334;8.333333334;24.33333333;24.33333333;16;12.66666667;18.66666667;11.66666667;16.66666667;11.66666667;24.33333333;25.66666666;12;12.66666667;6.666666667;1;13.66666667;3;5;253.3333334;19.33333333;14.33333333;4.333333333;2.333333334;7;19.66666666;14;57.66666667;43.33333334;13.33333333;17;28;25;16;12;56;14.33333333;15.33333333;22.66666667;28.33333334;14;15.66666667
OTU0520;0;0;0;0;0;0;0;0;0;0;0;0;0;0;0;0;0;0;0.333333333;0;0;0;0;0.666666667;0.666666667;0.333333333;1;1;0;0;0;0;0;0;0;0;0;0;0;0;0;0;0;0;0;0;0;0;0;0;2.333333333;0;0;0;0;0
OTU0521;4;0;0;1.333333333;2;0;0;0.333333333;1;0;1;0;0.666666667;6.333333334;0;0.666666666;8.666666666;3;2.333333333;1;7.333333333;2;7.666666667;2.666666667;6;6;4;1;8.666666667;2.5;1;2.999999999;0;1.333333333;2;1.666666667;1;2.333333333;1;0.666666667;0.333333333;2.333333333;4.333333334;1;4.666666667;2;3;3;0;0;4.666666666;0.333333333;7.999999999;0;0;0.666666667
OTU0522;4.666666666;0.333333333;0;0;2;0;0;0;0;0;1.333333333;0.333333333;0;1.333333333;0.333333333;0;1.999999999;1;3.666666667;1.333333333;1.333333333;3;4.333333333;2;0;4.333333333;2.666666667;5;1.666666666;0;0;1.333333334;0;0;0.333333333;2.333333333;1;0;0.666666667;1.333333333;0;0;2;0;0;8.333333333;2.333333333;3;0;0;5.666666667;4;3;8.666666666;1.333333333;1
OTU0523;0;0;0;0;0;0;0;0;0;0;0;0;0;0;0;0;0;0;0;0;0;0;1;0.666666667;0;0;0;0;0;0;0;1;0;0;0;0;0;0;0;0;0;0;0;0;0;0;0;0;0;0;0;0;0;1.333333333;0;0
OTU0524;4.666666667;0;0;0;3.666666666;1.333333333;0;0;0;1;0;1.666666667;0;7;1.666666667;0;2.666666666;7.666666667;5.666666666;13.66666667;0;14.33333333;7;2;1.333333333;5;2.666666667;6.666666667;0.333333333;0;0;0;0;2.666666667;1;8.666666667;0;0;0.666666667;8;0;7.666666667;8;0.333333333;2.666666667;1.333333333;4.333333334;6;0;2.666666667;9.333333333;6.333333333;5;0;1.666666667;3
OTU0525;0;0;0;0;0;0;0;0;0;0;0;0;0;0.666666667;0;0;0;0;0;1.333333333;0;0.666666667;0;0;0;0;0;0;0;0;0;0;0;0;0;0;0;0;0;0;0;0;0;0;0;0;0;0;0;0;0;0;0;0;0;0
OTU0526;1;0;0;0;0;0.333333333;0;0;0;0;0;0;0;1.999999999;0;0;0;2.666666667;0.333333333;4.333333333;0;7;0.666666667;1;0;4.333333333;0;0;0;0;0;0;0;2;0;0;0;0;0;0;0;1.666666667;11.66666667;0;0.666666667;5.333333333;1;3;0;0;4.333333334;0.666666666;1.333333333;0;0;1.333333333
OTU0527;0.333333333;0;0;0;0;0;0;0;0;2;0;0;0;5;0;0;0;0;0;1;0;0;0;0.333333333;0.333333333;0;0;0;0;0;0;0;0;5;0.333333333;0.333333333;0;0;0;0;0;1;3.333333333;0.333333333;0;0.333333333;4;0.333333333;0;0.333333333;0.666666667;0;0;0;0;0.333333333
OTU0528;0;0;0;0;0;0;0;0;0;0;0;0;0;0;0;0;0;0;0;1.333333333;0;0.666666667;0;0;0;0;0;0;0;0;0;0;0;0;0;0;0;0;0;0;0;0;0;0;0;0;0;0;0.666666667;0.333333333;0;1.333333333;0;0;0;0
OTU0529;5;0;0;2;9.999999999;0.333333333;0;0.333333333;0;5.666666666;1;6.666666666;50.33333333;31.33333333;2;5.333333333;17.33333333;29.66666666;12.66666667;28.66666667;10.66666667;27;129;24.66666667;12;5.666666667;20.33333333;84.33333334;3.333333333;0;0;0;1.666666667;21.66666667;0.333333333;9;19;0.666666667;0.333333333;1;0.333333333;21.66666666;23.33333333;8;13;33;24;14.66666667;24;28.33333333;3;14.33333333;32.66666667;9.333333334;3.333333334;11.33333333
OTU0530;1;0;0;0;0;0;0;33.33333333;0;0;0;4.333333333;6;4.666666666;5.333333333;5.333333333;9.333333333;2;0;0;2;1.333333334;6;0;0;0.333333333;1.333333333;1.333333333;22.33333333;0;1;0;0;0;0;0;0;0;2.666666667;1.333333333;5.666666667;0;4.333333333;0;4;0;9.666666667;0;1;0;0.333333333;0;11;0;0;0
OTU0531;0;0;0;0;0;0;0;0;0;0;0;0;0;0;0;0;0;0;0;0;0;0;0;0;0;0;0;0;0;0;0;0;0;0;0;0;0;0;0;0;0;0;0.333333333;0;0;1;0;0;0;0;0;0;0;0;0;0
OTU0532;0;0;0;0;0;0;0;0;0;0;0;0;0;0;0;0;0;0;0;0;0;0;0;0;0;0;0;0;0;0;0;0;0;0;0;0;0;0;0;29.66666667;0;0;0;0;0;0;66;5.333333333;0;0;0;0;0;0;0;0
OTU0533;136;0;1.666666666;3.333333333;91;1.666666667;2.333333333;63.66666667;1;2.666666667;48.66666667;30;53.66666667;5.666666667;50.66666667;36.33333334;83.33333333;42.00000001;158.3333333;89.33333333;258;54.33333333;215.6666667;77;41.66666667;152.3333333;83.66666666;118.6666667;124.3333333;0;0;8.999999999;10.66666666;30.33333333;38.33333334;147.3333333;96.33333334;0;3.333333333;51.33333333;45.33333333;4;56.66666667;49.33333334;141;201.3333333;246.3333334;172.3333333;70.99999999;102.3333333;176.6666667;115.3333333;272;552.9999999;97.33333333;629.6666667
OTU0534;22;0;1.333333333;3;34.33333333;0;0;1.333333333;3.666666667;0;1.666666667;3;15;0;5.666666667;0;17.33333333;1.333333333;14;3.333333333;11;5.333333333;7.666666667;6.333333333;4;0;7;9.666666667;3.666666667;0;0;0;0.666666667;0;7.666666667;8;10;0.666666667;0;2;1.666666667;0;1.666666667;0.333333333;32;0.666666667;20.66666667;0.666666667;11;0;8;1;19.33333333;1.333333333;5.666666667;19.66666667
OTU0535;0.666666667;0;0;0;4;0;0;0.666666667;0;0;0.333333333;33.66666667;2.333333333;0;3.666666667;0;8;4;42.66666666;1;0;1.333333333;73;0;8;5;13.66666667;11;17.33333333;0;0;0;0;0.666666667;20;0.333333333;28;0;0.333333333;5.666666667;0;0.333333333;5.333333334;3.333333333;12;37;34;5;0;5.666666667;0.666666667;0;13.66666667;1.333333333;0;0
OTU0536;0;0;0;0;0;0;0;0;0;0;0;0;0;1;0;0;0;0;0;0;0;3;0;0;0;1.333333333;0;0;0;0;0;0;0;0;0;0;0;0;0;0;0;0;8.333333333;0;0;0;1;0;0;1;1;0;0;0;0;2
OTU0537;46.66666667;0;0.333333333;0;22.33333333;0.333333333;0.333333333;5;1;0;1.666666667;25.66666667;50.99999999;0.666666667;18;0.333333333;34.33333333;0;59.66666667;24.66666667;25.66666667;4;95.33333333;21.33333333;20;30.33333333;32;90.66666666;47;0;0;0;16.66666667;0.666666667;3;2.666666666;50;0;1.333333333;21.66666667;18.66666666;1;7.666666667;80.66666667;142.6666667;125.6666667;31.33333333;90.66666667;7.666666667;9.333333333;10.66666667;4.666666666;127;29;5;5
OTU0538;1;0;0;0;0;0;0;0;0;0;0;0;0;0;0;0;1.666666667;0;0;0;6.333333333;0;56;0;0;0;6.666666667;20.66666667;6.666666667;2;0;0;0;0;0;0;0;0;0;0;0;0.666666667;0.666666667;0;22.33333333;0;24.33333333;0;4;0;2;0;86;6.666666666;0;0
OTU0539;28.66666667;1;6.666666667;46;80;129.6666667;62.66666667;121.3333333;67.33333334;26.33333334;133.3333333;124.3333333;170.6666666;2;251.3333333;9.666666667;140;51.66666666;61;24.66666667;75.33333333;28;122.3333333;20.66666667;20.66666667;34;76;162.6666667;261.3333334;0;31.33333334;12.66666667;41;71.33333334;92;75.33333333;101.3333333;7.666666667;46.66666667;48.66666666;125;65.33333333;68.33333334;313.6666667;187;40.33333333;25;35.33333333;37.33333334;21;43.33333333;52.66666666;13.66666667;30;350.6666666;512.6666667
OTU0540;0;0;0;0;0;0;0;0;0;0;0;0;0;0;0;0;0;0;1;0;0;0;0;0;0;13;0;0;0;0;0;0;0;0;0;3;0;0;0;0;0;0;0;42;0;7;0.333333333;0.666666667;0;0;0;0;0.333333333;0;3;4.333333333
OTU0541;1;0;0;0;0;0;0;0;0;0;0;0;0;0;0;0;0;0;0;0;0;0;0;37.33333333;0;3.666666667;0;36.33333333;0;0;0;0;0;0;0;0;3.666666667;0;0;0;0;0;0;0;0;0;0;0;0;0;0.333333333;0;0;0;0;0
OTU0542;0;0;0;0;0;0;0;0;0;0;0;0;0;0;0;0;0;0;0;0;0;0;0;0;0;0;0;0;3;0;0;0;0;0;2;0;0;0;0;0;0;0;0;0;0;0;0;0;0;0;0;0;0.666666667;0;0;0
OTU0543;0;0;0;0;0;0;0;0;0;0;0;0;0;0;0;0;0;0;0;0;0;0;0;0.333333333;0;0;0;0.333333333;0;0;0;0;0;0;0.333333333;0;0;0;0;0;0;0;0;0;0;0;0;0;0;0;0.666666667;0;0;0;0;0
OTU0544;0;0;0;0;0;0;0;0;0;0;0;0;0;0;0;0;0;0;0.333333333;0;14;5.666666667;106;3.333333333;0;0;0;0;0;0;0;0;0;0;0;0;0;0;0;0;0;0;0;0;0;0;0;0;0;0;0.333333333;0.333333333;0;0;0;0
OTU0545;9.333333333;0;0;1;39.33333333;0;0;0;0;0.333333333;0;0.666666667;0.666666667;0;6.666666667;0;3;9;77.33333333;52.33333333;0;0.333333333;6;13;21;7.666666667;4.666666667;0;9.666666667;0;0;0;0.666666667;95.33333333;19.66666667;57.33333333;36;0;1.666666667;0;0.333333333;55;24.66666667;2.666666667;13;13;3.333333333;13.33333333;1.333333333;17;101.3333333;157;0;8;0.333333333;17.33333333
OTU0546;0;0;0;0;0;0;0;0;0;0;0;0;0;0;0.333333333;0;0;0;0;0;0;0;0.666666667;0;0;29.66666667;0;0;0;0;0;0;0;0;1;0;0;0;0;0;0;0;0;3;0;9;0;0;0;0;0;0;0;0.666666667;0;0
OTU0547;0;0;0;0;0;0;0;0;0;0;0;0;0;0;0;0;0;0;2.333333333;0;0;0;0.666666667;0;0;200.6666667;0;0;0;0;0;0;0;0;0;0;2.666666667;0;0;0;0;0;0;10.33333333;0;20.66666667;0;8.333333333;0;0;0;0;0;1;0;0
OTU0548;0;0;0;0;0.333333333;0;0;0;0;0;0;0;0;0;0;0;2;0;1;0.333333333;1.333333333;0;0.666666667;0;0.333333333;0;2.666666667;0;0;0;0;0;0;2.333333333;0;0;5.666666667;0;0;2.333333333;0;0.666666667;0;0;0;0;4;0;0;0;0;0;0;0;0;0
OTU0549;0;0;0;0;0;0;0;0;0;0;0;0;0;0;0;0;0;0;0;0;0;0;0;0;0;0;0;0;0;0;0;0;0;0;0;0;3.666666667;0;0;0;0;0;28;0;0;21;0;0;0;0;0;0;0;0;0;0
OTU0550;0;0;0;0;0;0;0;0;0;0;0;0;0;0;0;0;0;0;0;0;2;0;0;0;0;0;0;0;0;0;0;0;0;0;0;0;0;0;0;0;3.666666667;0;0;0;0;0;0;0;0;0;0;0;21.66666666;0;0;0
OTU0551;0;0;0;0;0;0;0;0;0;0;0;0;0;0;0;0;0;0;2.666666667;0;0;0;0;0;0;0;0;0;0;0;0;0;0;0;0;0;0;0;0;0;0;0;1.666666667;0;0;0.666666667;1.666666667;5;0;0;0;0;0;0;0;0
OTU0552;5.666666667;0.333333333;0;0;16;12.33333333;2.666666667;7.333333333;0.666666667;2;0;2.333333333;6.666666667;702;296.3333333;87.33333333;3.333333333;189;64.33333333;4;12.33333333;369;20.66666667;35.33333333;11.66666667;47;0;4;34.66666667;0;16.66666667;17;1.333333333;87.33333333;41;192;28;4.666666667;4.333333333;204.3333333;57;283.6666667;711.6666667;39;41.33333333;265.3333334;485.3333333;149.6666666;27.33333333;228.3333333;42.00000001;2;176.3333333;68.66666666;10.33333333;139
OTU0553;14.66666667;0;0;0;14;0;0;1.666666666;0.666666667;0;1.666666667;6;13;0.666666667;10.33333333;2.666666667;25.33333334;8.666666667;52.33333333;6.666666666;27.66666667;27;56;2;1;3.333333333;11.66666667;70.66666667;4.666666666;0;0;0;0.333333333;0;1;57;39.33333334;0;0;4.666666666;0;0.666666666;9;0.333333333;40.66666667;22;89.66666666;11.66666667;15.66666667;3;17;3;61.33333334;0;15;111
OTU0554;44;0.666666667;0;13.66666667;128.6666667;0;0;18.33333334;7.333333333;0;34;13.33333333;57;4.666666667;23;1.333333333;151;92.66666666;131;45;112;67;212.6666667;93.66666667;80;71.33333333;91.66666667;159.3333334;133;0;0;0.333333333;10.66666667;10.33333333;34;184.3333334;50.33333333;0.333333333;0;34.66666667;35.33333333;9.333333333;37.66666666;227;70;41.33333334;143;70.33333334;56;5.333333333;45;34.66666667;111.6666667;96.66666667;138.6666667;232.3333333
OTU0555;39.33333333;0;0;0;12.33333333;0;0;2;81.33333333;0;9.333333333;1.333333333;21.66666667;27.33333333;0;1;9.333333334;2.333333333;24.66666667;3.666666667;40.66666667;25;14.33333333;13.33333333;44;3;16;28.66666667;16;0;0;0;1.666666667;46;0.999999999;1;27.66666666;0;2;0;10.66666667;367.6666667;104;3.666666666;1.666666666;153;13.66666667;8.333333334;45.66666667;537.3333333;20.66666667;7.333333333;27.33333333;25;17.33333333;13
OTU0556;30;0.666666667;4.333333333;0.666666667;34;1.333333333;0.333333333;5.333333333;1.666666667;0.333333333;42.66666667;12.66666667;24.33333334;1.333333333;8;18.33333333;63;12.33333333;71.66666667;11.66666667;77.66666667;5.666666666;90.66666666;17;17.66666667;55.00000001;32.66666667;79.66666667;117.6666667;0;0;0;15;9.666666666;4.333333334;100.3333333;24.66666667;0;3.333333333;11;18.33333333;2.666666666;33.33333333;33.33333333;55;54.66666667;46.00000001;67.66666667;43.66666666;15;67.66666667;28.33333333;186;24.33333333;54.66666667;60.33333333
OTU0557;0;0;0;0;0;0;0;0;0;0;0;0;0;0;0;0;0;0;0;0;0;0;0;0;0;0;0.333333333;0;0;0;0;0;0;0;0;0;0.666666667;0;0;0;0;0;0;0;0;0;0;0;0;0;1;0;0;0;0;0
OTU0558;0;0;0;0;0;0;0;0;0;0;0;0;0;0;0;0;0;0;0;0;0;0;0;0;0;0;0;0;0;0;0;0;0;0;0;0;1.333333333;0;0;0;0;0;3.666666667;1.333333333;0;2.333333333;5.333333333;2;0;0;0.333333333;0;0;0;0;0
OTU0559;0;0;0.666666667;9;0;0;2.666666667;1;0;0.666666667;0;0;1.333333333;0;0;0;0;1;0.666666667;8;1;5;2.333333333;1;0.333333333;17.66666667;9.666666667;6.666666667;6.333333333;0;0;0;0;1.666666667;0;0;4;0;0;0;0;1.666666667;0;0;0;0;0;0;0;0.333333333;0;6.666666666;0;0;0;0
OTU0560;1.666666667;0;0;0;0;0.333333333;0;0;0;0;0.333333333;0;0;0.666666667;0;0;0;0;17.33333333;3;2.333333333;1;21.66666666;2;0;13;18.66666666;17.66666667;0;0;0;0;0;0;0;6;9.666666667;0;0;0;0;0;0;8.666666667;0;2.333333333;0;0;7.333333333;0;22;15;10.66666667;47.33333333;3;68
OTU0561;12.66666667;0.333333333;0.666666667;2.333333333;31;0;116.3333333;6;18.33333333;0;113.6666667;19;14.66666667;3;18.66666667;5.666666667;75;54.66666667;17.66666667;89.33333333;30.33333333;10;35.33333333;7.666666667;146.6666667;11.33333333;8.666666667;96.33333333;18.66666667;0;0;5;0.333333333;9.666666667;10.33333333;13;3.666666667;10.66666666;498.9999999;8;11;4.666666667;22;12.33333333;29.66666667;0.666666666;24.66666666;7.000000001;30;0;1.333333333;0.666666667;10;0;18;0
OTU0562;0;0;0;0;0;1;0;0;0;0;1;3.333333333;0;22.66666667;13.66666667;0.333333333;2.666666667;17.66666667;6.333333334;21.66666667;0;13.33333333;2.666666666;29.33333333;0;54.66666667;47.33333333;0;0.333333333;0;0;0;0;9.666666667;102.6666667;8.666666667;6.333333334;0;0;15.66666667;0;14;6.333333333;91.66666667;3.333333333;17.33333334;21.33333333;23.33333333;0;35;4.333333333;37;0;0;1.333333333;79.33333333
OTU0563;0;0;0;3.333333333;0.666666667;0;0;0;0;0;0;0;0;0;0;0;0;0;0;0;0;0;0;0;0;0;0.333333333;0;0;0;0;0;0;0;0;0;3.666666667;0;0;0;0;0;0;2.666666667;0;0;0;0;0;0;0;4;0;1.333333333;0;0
OTU0564;10.33333333;0.666666667;0;0;7;0;0;4.666666667;0;0;5;0;2.333333333;2;10;3;8.333333333;1.666666667;9.666666667;0;38.33333333;11.66666667;37.66666667;18.66666667;35;4;72;28;4;0.5;0;0;0;1.333333333;38.66666667;4.333333334;29.33333334;0;2.666666667;1.666666667;0;10.66666667;0;11;1;2.333333333;8;4.333333333;2;3.333333333;29.66666667;26;1.333333333;4;15;54
OTU0565;6.666666667;0;0;0.333333333;24;3.333333333;1.333333333;43.66666667;1.666666667;1.666666667;0;1.333333333;35;0.666666667;36;41.33333333;33.33333333;284.3333333;40.33333333;74.33333333;0;96.66666667;308.6666667;187;23;320;81.33333333;151;2.666666667;0;0;4.666666667;23.33333333;0;56;305.3333333;34.66666667;13.66666667;6.333333333;33;8;3.333333333;62.66666666;488.3333333;13;101.3333333;33.33333334;174.3333333;101.3333333;15.33333333;169.3333333;189.3333333;331;288;21.33333333;208.6666667
OTU0566;0;0;0;0;2.666666667;0;0;5;0;0;18.66666667;1.333333333;9;0;3;0.666666667;18;0;20;4;4;5.666666667;132.6666667;12;0;0.666666667;21.66666667;84.66666667;13.33333333;0.5;0;0;7;0;3;12.33333333;19.33333333;0;0;14.33333333;3.333333333;0;6.666666667;8.333333333;7.666666667;4.666666667;54;18.66666667;24.33333333;0;25.66666667;1.333333333;51.33333333;0;13.33333333;0
OTU0567;0.333333333;0;0;0;0;0;0;0;0;0;0;0;0;0;0;0;1.333333333;0;0;0;0;0;0;0;0;0;0;0;0;0;0;0;0;0;0;0;0;0;0;0;0;0;0;0;0;0;0;0;0;0;0;0;0;0;0;0
OTU0568;62.33333333;0;2.333333333;7;159.6666667;12.66666667;0.666666666;14.66666667;3.333333334;15.33333333;5.666666667;24.66666667;144;29.33333333;14.33333333;19.66666667;30.66666666;41.66666667;119.3333333;432;80;49;70;340;174;67.33333333;269;134;42.33333334;0.5;4.333333334;11.33333333;51.66666666;158;65.33333333;67.66666667;72;12.33333334;24.33333333;62.33333333;51.66666666;54.33333334;11.33333333;219.3333333;24.66666667;39;177.6666667;75.33333333;132.6666667;97;80.33333333;393;27.33333333;30;100.6666667;83.66666667
OTU0569;93.66666666;0;28;25.66666667;52.66666666;0;18;29.33333333;52;0;38.66666667;24;38.33333333;0;0.666666667;8.333333333;36;4;50;72.33333333;59.66666667;8.666666667;26.33333333;223;61;0;16;138.3333333;60.33333333;6;18.66666667;4.333333333;8;0;0.666666667;14;178.3333333;0.666666667;42.66666666;2;44.66666667;0;3.333333333;0;6;0.666666667;28.33333333;12.66666667;316.6666667;0;28;65.33333333;26.33333333;1.333333333;74;0.666666667
OTU0570;4.333333333;4;1.333333333;3.666666666;19.66666667;25.66666667;5.666666667;29;9;41.33333333;23.33333333;23;161.3333334;6;26.33333333;23.33333333;14.33333333;44.66666666;138.6666667;88.66666666;150.3333333;13.66666667;46.33333333;132.6666666;266;75;179.3333333;67.66666666;4;0.5;1.333333333;15;2.666666667;247.6666667;21.33333333;27.33333333;78.66666667;5.333333333;40;44.66666666;24;129.3333333;23;438.9999999;22.33333334;173.6666667;125;97.33333333;93;169;131.3333333;617.3333333;32.99999999;51;143.3333333;217.3333333
OTU0571;93.33333333;1.333333333;6;50;149.3333333;6.333333333;8;9.333333333;34;2.333333333;27.66666666;59.66666667;124.3333333;35;32.33333334;21.33333333;75;85;209;84.66666667;46.33333334;115.6666667;143.3333333;136;66.33333333;12;78.00000001;204.6666667;73.33333334;0;0;1.333333333;15.66666667;39.66666667;17.33333333;139.6666667;106.6666667;0;21.33333334;85.66666667;51;38;96.00000001;11.66666667;68.33333333;130;253.3333334;76.66666667;32.66666667;90.33333333;194.6666666;140;116.3333333;22.66666667;50.33333334;91.33333333
OTU0572;0;0;0;0;0;39;0;0;0;2.333333333;0;0;0;32;0;0;0;1;0;1.666666667;0;6.333333333;0;0;0;1.333333333;0;0;0;0;0;0;0;18;0;0;0;0;0;0;0;36;12.33333333;0;0;6;0.333333333;6.666666667;0;52;1;0;0;2;0;4.666666667
OTU0573;0;0;0;0;0;0.666666667;0;0;0;0;0;0;0;0.666666667;0;0;0;0;0;0;0;0;0;0;0;0;0;0;0;0;0;0;0;0;0;0;0;0;0;0;0;0;0;0;0;0;0;0;0;3;0;1.333333333;0;0;0;0
OTU0574;0;0;0;0;1;10.33333333;0;0;0.333333333;2.333333333;0;0;0;27.66666667;1.666666667;1;2.666666667;6.333333333;0.666666667;3.333333333;0.666666667;6.666666667;0;1.666666667;0;3.666666667;0;0;0;0;0;0;0;26.66666666;3.666666667;1.666666667;0;0;0;0.666666667;0;31.33333334;25.33333333;6.666666667;0;17;4;6;0;25.66666666;5.333333333;4;0;3.333333333;1.333333333;9
OTU0575;0;0;0;0;0;0;0;0;0;0;0.333333333;0;0;0;0;0;0;0;0;0;0;0.333333333;0;0;0;2;0;0;0;0;0;0;0;0;0;0;0;0;0;0;0;0;0;0;0;0;0;0;0;0;0;0;0;2.666666667;0;0
OTU0576;0;0;0;0;0;0;0;0;0;0;0;0;0;0;0;0;0;0;0;0;0;0;0;0;0;0;0;0;0;0;0;0;0;4.333333333;0;0;0;0;0;0;0;0;0;0;0;0;0;0;0;0;0;0;0;0;0;0
OTU0577;1.333333333;0;0;0;2.333333334;0;0;0.333333333;0;1.333333333;0.333333333;1.333333333;0.333333333;4.333333333;2;1.666666667;12;2.333333333;12;1.333333333;10;5;14;6.666666666;8.333333333;20.33333333;11.33333333;5.999999999;3;0;1.666666667;0.666666667;0;5;3.666666667;6.333333334;4.333333333;0;0;1.666666667;1;6.333333333;9.666666666;8;5.333333333;27;17.33333334;26.33333333;1.666666667;14.66666667;13.66666667;16;7.666666667;12.66666667;4.333333333;11.33333333
OTU0578;1.333333333;0;0;0;0;0;0;0;0;0;0;0;0;0.333333333;0.666666667;0;1.666666667;0;0.333333333;0.333333333;1.666666667;0;0.666666667;1.333333333;0.666666667;0;2;0;0;0;0;0;0;0;0;0;3.333333333;0;0;0;0;0;0.666666667;0;0;1;0.666666667;2;0;1.666666667;0.666666667;0.333333333;0.333333333;1;0;0.666666667
OTU0579;6.666666667;0;0;3.333333333;17;5.333333333;0;0;0;0;6.666666667;3.333333333;11.66666667;11.33333333;2;14.66666667;9;7.333333333;11.66666667;18.66666667;10.33333333;18.66666667;11.33333333;4.333333333;25.33333333;9;11.66666667;2.333333333;0;0;0;0;0;14.66666667;4;9.666666667;0;0;2;0.666666667;1;10;16.33333333;8.333333333;6.666666667;36.33333333;13;14.33333333;0.333333333;4.333333333;21;9;8;17;12;23.66666667
OTU0580;13.66666667;1.666666666;14;2;19.33333334;1.666666666;1;4.333333333;0.333333333;10;5.666666667;21;15;10;9.333333333;23;51.33333334;13;29;25.66666666;42.33333333;20.66666667;46.66666667;21.33333334;37.66666666;33.66666667;40.33333333;7.666666667;9.333333333;0;7.333333333;0;0;8;14.33333333;15.66666667;8.666666667;3;3.666666667;11;9;33;35.33333334;11.33333333;28.33333333;76.00000001;52.33333333;40;6;15.66666667;40.66666667;26.66666667;65.33333333;52.33333333;19;42
OTU0581;0;0;0;0;0;0;0;0;0;0;0;0;0;0;0;0;0;0;0;0;0;0;0;0;0;0;0;0;0;0;0;0;0;0.666666667;0;0;0;0;0;0;0;0;1;0;0;0;0;1.666666667;0;0;2;0;0;0;0;0
OTU0582;1619.666666;22.33333333;18.66666667;23.66666667;730.3333334;274.3333333;47;53.33333334;30;111.3333333;172.6666666;520.3333333;366.6666667;1012.666667;640.6666667;135.3333333;1033.666667;761.3333333;1688;2231.666667;1030;2213;1237.666667;1984;612.6666667;2500.333333;1063.333333;857;428.3333333;30;45.33333333;10;50;619.6666667;482.6666667;1695;2080.333333;25;169;807.6666667;229.3333333;1141.666667;1149;1767.333334;735;4477.333333;1219.666666;3200.333333;234;2326;2942.666667;2714;1198.666666;1431.333333;1004;2178.333333
OTU0583;7.666666667;0;0;0;10.33333333;0.333333333;0;0;0;0;0;2.666666667;4.666666666;2.000000001;2.666666667;5.333333333;20.66666667;8.333333333;6;11;5.666666667;7.333333333;24;12.66666667;5.333333333;11.66666667;6.666666667;14;3.666666666;0;0;0;0;0.666666667;0;14.33333333;5;0;0;0;0;3.666666666;9.333333333;0;12.33333333;12;27.33333333;6.666666668;5;4.333333334;14.66666667;1;20.33333334;24.33333333;4;5.666666666
OTU0584;0;0;0;0;0;9.666666667;0;0;0;3.666666667;0;0;0;0;0;0;0;0;0;0;0;0;0;0;0;0;0;0;0;0;0;0;0;0;0;0;0;0;0;0;0;0;0;0;0;0;0;0;0;0;0;0;0;0;0;0
OTU0585;0;0;0;0;0;23.33333333;0;0;0;3.333333333;0;0;0;2;0;0;0;0;0;0;0;0;0;0;0;0;0;0;0;0;0;4.666666667;0;10.66666667;3;0;0;6.666666667;0;0;0;1.333333333;0;0;0;0;0;0;0;0;0;0;0;0;0;0
OTU0586;0;0;8.333333333;0;1.333333333;0;1;2.666666667;0;0;0;5.333333334;0;1.666666667;6;0;7.666666667;10;1.333333333;0;0;0;0.666666667;0;2;0.666666667;1.666666667;0.666666667;0;0;22.66666667;2.666666667;0;0;7.666666667;2;0;0;1.333333333;1.333333333;0;0;7.333333333;1;13;0.333333333;12.33333333;0;2;0;0;0;5;5.333333333;0;2
OTU0587;19.66666667;2.666666667;122.6666667;18.33333333;129.6666667;0;54.66666667;105.3333333;7;0;34;140;20.66666667;20.66666667;171.3333334;31;95.66666667;68;38.66666667;21.66666666;8.666666667;13.33333333;33;21.33333333;28;31.66666667;33.33333333;18.33333333;62.66666666;2;146.6666667;53.33333333;43.66666667;4.666666667;162.6666667;31.33333333;31.33333333;0.333333333;43.33333333;43.66666666;90.66666667;0;66.33333333;20.33333333;195;43.66666667;91;49.33333333;37.66666667;8;17.66666667;4.666666667;34.33333334;66.66666667;21;15
OTU0588;5.333333333;0;0;0;1.666666667;0;0;0;0;0;0;19.66666667;0;7.666666667;3.666666667;0;23.66666667;5.666666667;4.333333333;18;3.333333333;12.66666667;15;23.33333333;0;45.66666667;10;8;0;0;0;0;0;0;4;4.666666667;5.333333333;0;0;7.333333333;0;0;23.66666667;0;9.666666667;63.66666667;100.6666667;11.33333333;0;9;9.333333333;6.666666667;1;88.33333333;0;26
OTU0589;4.666666667;0;29;15.66666667;15;0.666666667;4.666666667;6.333333333;0;0;0;12.66666667;5;14.66666667;24.33333333;2.333333333;18.33333333;7;11.33333334;5.333333333;6.666666667;5.666666667;9.666666667;6.333333334;6;12;18.33333333;16.66666667;9;0;8.666666666;11;0;0.666666667;23.33333333;16;2.333333333;12.33333333;0;11;1.333333333;2.333333333;49;6;31.66666667;32;43.66666667;26.33333334;2;7.333333333;9.333333333;4.333333333;11.33333333;15.66666667;2.333333333;17
OTU0590;0;0;0;0;0;0;0;0;0;0;2.666666667;0;0;0.333333333;0;0.666666667;0;0;3.666666667;3.666666667;7.666666667;19;6.666666667;5;22.66666667;60.33333333;15.66666667;29.66666667;0;0;0;0;0;0;0;0;0;0;3.333333333;0;0.333333333;0;0;0;0;0;0.333333333;0;0;6.333333333;14.33333333;229;11.33333333;0;0;0
OTU0591;5;0;0;0;2;0;5;0;0;0.333333333;0.333333333;37;4;14.33333333;0;8.666666667;113;22.66666667;47.33333333;144.6666667;61.33333333;190.6666667;378.3333333;118.3333333;126;455.3333333;96.66666667;77;0;0;2.333333333;0;0;1;2.666666667;7;11;0;5.666666667;0;0;0;38;22;58.33333333;58.33333333;11.66666667;32.66666667;29.33333333;61.66666667;100;93;247.3333333;509.3333333;29.66666667;386
OTU0592;4;0;0;0;1.333333333;0;0;0;0;0;0;1.666666667;0;0.333333333;0;0;0;0;0;14.66666667;0;0;0;13;0;3;5;3;0;0;0;0;0;0;0;0;0;0;0;0;0;0;0;0;0;22.66666667;0;1;0;0;0;2;0;0.666666667;0;0
OTU0593;3;0;0;0;3.333333333;0;0;1.666666667;0;0;0;7;1.333333333;0.333333333;3.333333333;0;3.333333333;1.666666667;1.333333333;0;0;0;3.333333333;1;0;1.666666667;0;5;1.666666667;0;2.666666667;1.333333333;0.666666667;0;8.333333333;5.666666667;0;0.333333333;0.333333333;1.333333333;0.333333333;0;8.666666667;1.666666667;25.33333333;2;13.66666667;5.666666667;1;0;0;0;1.333333333;9;0.666666667;5.333333333
OTU0594;0;0;0;0;0;0;0;0;0;0;0;0;0;0;0;0;0;0;0;0;0;0;0;1.333333333;0;3.666666667;0;0;0;0;0.333333333;0;0;0;0;0;0;0;0;0;0;0;0;0;0;0;0;0;0;2;0;0;0;2;0;0
OTU0595;0;0;0;0;0;0;0;0;0;0;0;0;0;0.666666667;0;0;0;0;0;0;0;10;0;0;0;0.333333333;0;0;0;0;0;0;0;0;0;0;0;0;0;0;0;0;0;0;0;0;0;0;0;0;0;0;0;0;0;0
OTU0596;0;0;0;0;0;0;0;0;0;0;0;0;0;0;0;0;0;0;0;0;0;0;0;0;0;0;0;0;0;0;0;0;0;15.33333333;0;0;0;0;0;0;0;0;0;0;0;0;0;0;0;0;0;0;0;0;0;0
OTU0597;0;0;0;0;0;0.333333333;0;0;0;0;0;0;0;0;0;0;0;0;0;0;0;0;0;0;0;0;0;0;0;0;0;0;0;6;0;0;0;0;0;0;0;1.666666667;0;0;0;0;0;0;0;0;0;0;0;0;0;0
OTU0598;0;0;0;0;0;0;0;0;0;12;0;0;0;0;0;0;0;0;0.333333333;0;0;0;2.666666667;0;0;0;0;0;0;0;0.666666667;0;0;0;0;0;1.666666667;0;0;0;0;0;0;0;0;0;0;1;0;0;2.333333333;124;0;0;0;0
OTU0599;0;1.666666667;0;0;0;5.333333334;0;2.666666667;0;115;0;0;0;7.333333333;0;0;0;0;0;0;0;0;0;0;0;0;0;0;0;11;0;0.666666667;0;26.66666667;0;0;0;0;0;1;0;15.66666666;0;0;0;0;0;0;0;3;2.666666667;0;0;0;0;0
OTU0600;0;3;0;0;0.333333333;1;0;2;0;118;0;0;0;3;0;0;0;0;0.666666667;0;0;0;0;0;0;0;0;0;0;0;0;0;0;1.666666667;0;0;5.333333333;0;0;0;0;0;0;0;0;0;0;0;0;0;5;0;0;0;0;0.333333333
OTU0601;0;2.333333334;0;0;0;4.666666667;0;0;0;36;0;0;0;0;0;0;0;0;0;0;0;0;0;0;0;0;0;0;0;285.5;0;0;0;3.666666667;0;0;0;0;0;0;0;16.33333333;0;0;0;0;0;0;0;0;0;0;0;0;0;0
OTU0602;0;0;0;0;0;0;0;0;0;0;0;0;0;0;1;0;0;1;0;0;0;3.666666667;0;0;0;10;0;0;0;0;0;0;0;0;0;0;0;0;0.333333333;0;0;0;0;0;0;0;0;0;0;51.33333333;0;0;0;0;0;0
OTU0603;0;0;0;0;0;0;0;0;0;2.666666667;0;0;0;0.666666667;0;0;0;0;0;0;0;0;0;0;0;0;0;0;0;0;0;0;0;0;0;0;0;0;0;0;0;0;0;0;0;0;0;0;0;0;0;0;0;0;0;0
OTU0604;0;0;0;0;0;0;0;0;0;0;0;0;0;0;0;0;0;0;0;0;0;0;0;0;0;0;0;0;0;0;0;0;0;0;0;0;0;0;0;0;0;1.333333333;0;0;0;0;0;0;0;2.333333333;0;0;0;0;0;0
OTU0605;0;0;0;0;0;0;0;0;0;0;0;0;0;0;0;0;0;0;0;0;0;0;0;0;0;0;0;0;0;0;0;0;0;0.666666667;0;0;0;0;0;0;0;0;0;0;0;0;0;0;0;65;0;0;0;0;0;0
OTU0606;0;0;0;0;0;0;0;0;0;0;0;0;0;0;0;0;0;0;0;0;0;0;0;0;0;0;0;0;0;0;0;0;0;2;0;0;0;0;0;0;0;1.333333333;0;0;0;0;0;0;0;47.66666667;0;0;0;0;0;0
OTU0607;0;2.666666667;0;0;0;0;1.333333333;0;0;1.333333333;0;0;0;0;0;0.333333333;0.666666667;0;0;0;0;0;0.333333333;0;3;0;1.333333333;0;0;2;0;1.666666667;0;0;1;0;0;0.333333333;0;0;0;0;0;0;1;0;0;0;0;0;0;0;0;0;0;0
OTU0608;0.333333333;0;0;0;0;1.333333333;0;0;0;0;0;0;0;0;0;0;0;0;0;0;0;0;0;1.666666667;0;5;0;0;0;0;0;0;0;4;0;0;0;0;0;0;0;8;0;0;0;0;0;0;0;3.333333333;0.333333333;0;0;1.333333333;0;0
OTU0609;4.000000001;19;1;0;8.333333334;2.333333333;0;0;0;19.33333333;0;1;13;17;8.333333333;7.333333333;8;15.33333333;12.33333333;22;6.666666666;13.33333333;9.666666666;16.33333333;8.333333333;13.66666667;11.33333333;5.333333334;1.333333333;8.5;7.333333333;0.333333333;5.666666667;17;1.333333333;10.33333333;2.666666667;1.333333333;0.666666667;6.333333334;3.666666667;18.33333333;20.66666667;3.333333333;4;8.999999999;8.999999999;10.66666667;0.666666667;7;6.666666666;7;4.333333333;14.66666667;1.666666667;3.666666666
OTU0610;0;0;0;0;2.666666667;1;0;0;0;0;0;0;0;1;0;0;2.333333333;5.666666667;1.333333333;2.333333333;0;5.666666667;2.333333333;0.333333333;0.333333333;0;0;0;0;0;0;0;0;0.666666667;0;1.666666667;0;0;0;0;0;4.666666667;4;1;2;0.666666667;0.666666667;0.666666667;0;1;0.666666667;1.666666667;0;3.333333333;0;0.666666667
OTU0611;0;0;0;0;0;1;0;0;0;0;0;0;0;1;0;0;0;3;0;0;0;0;0;0;0;0.333333333;0;0;0;0;0;0;0;0.333333333;0;0;0;0;0;0;0;0.333333333;0;0;0;0.666666667;0;0;0;3;0;0.333333333;0;0;0;0
OTU0612;0;1.333333333;0;0.666666667;4;1.666666667;1;0;2.666666667;1;0.333333333;0;0;2.666666667;0.666666667;0.333333333;3.333333333;3;1.666666667;0.333333333;1.666666667;0;0;1.333333333;2.333333333;4.333333334;0.666666667;0;1;2.5;1.666666667;0;1;0;0;1.666666667;0;0;0;0;0;2.666666667;3;0;2.333333333;0.333333333;0;0;1;0.666666667;0;1;0;2;1;1
OTU0613;0;0;0;0;0;0;0;0;0;0;0;0;0;0;0;0;0;0;0;0;0;0;0;0;0;0;0;0;0;0;0;0.333333333;0;0;2;0;0;2.666666667;0;0;0;0;0;0;0;0;0;0;0;0;0;0;0;0;0;0
OTU0614;0;0;0;0;0;0;0;0;0;0;0;0;0;0;0;0;0;0;0;0;0;0;0;0;0;0;0;0;0;0;0;0;0;0;0;0;0;0;0;0;0;7.333333333;0;0;0;0.333333333;0;0;0;0;0;0;0;0;0;0
OTU0615;1;20;25.66666667;49;5.333333333;7;7.333333333;17.66666667;8.666666667;37.33333333;1.666666667;8.666666667;0;6;6.333333333;4;2.666666667;9.666666667;1.333333333;4;0;4.666666667;2;2.666666667;5.333333333;3.666666667;1.333333333;0.666666667;0;24.5;14.33333333;12;24.33333333;9.333333333;3.666666667;8;7.666666667;22.33333333;6.666666667;13;11.33333333;31.33333333;7.333333333;2.666666667;10.66666667;6;3.666666667;5.666666667;9.666666667;14;0;6.666666667;1;0;10.33333333;1.666666667
OTU0616;0;0;0;0;0;20.66666667;0;0;0;2.333333333;0;0;0;0;0;0;0;0;0;0;0;0;0;0;0;0;0;0;0;0;0;0;0;0;0;0;0;0;0;0;0;0;0;0;0;0;0;0;0;0;0;0;0;1.333333333;0;0
OTU0617;0;0;0;0;2.666666667;0;0;1;1.666666667;0;0.333333333;4.333333333;2.333333333;0.333333333;4.333333333;1;2.666666667;2;0;1.666666667;2.333333333;1.333333333;0;0;1;1;0;5.333333333;0;0;0.333333333;3;0;0.333333333;0;1.666666667;4.666666667;2;0.333333333;0.666666667;4.666666667;0.666666667;0;1.666666667;5.666666667;2.666666667;0;3.666666667;3.333333333;1.333333333;1;1;1;0.666666667;3.333333333;0
OTU0618;3.333333333;0;0;0;13;0;0;0;0;0;0;0;0;1.333333333;0;0;0;0;1;0;0;0;1.333333333;0;0;0;0;0;0;0;0;0;0;0;1;2.333333333;0;0;0;0;4.666666667;0;3.666666667;0;10;0;1.666666667;1;0;2.666666667;3;0;7;0;0.333333333;0
OTU0619;261;177.3333333;294.6666666;469;388.3333333;136;224.3333333;252.3333334;461.3333334;190.3333333;138;266;148.6666667;88;208.3333333;115.6666667;212.3333333;119.3333333;204.3333333;136.3333333;253;63.00000001;140.3333333;191;280.6666666;118.6666667;290.3333334;171.6666667;305.3333333;299.5;210.6666667;287;372.6666667;74;140;198.6666667;171.6666667;101.3333333;150.6666667;128.6666667;247;55.66666667;134.3333333;63.66666667;255.3333333;95;140;130.3333333;238;44.33333334;171.3333333;128;142;79.66666667;110;63.66666666
OTU0620;5.333333333;6.666666667;5;9;2.333333333;1;2.666666667;3.666666666;1.333333333;1.666666667;2.666666667;0;1;0;4;0;8.333333333;0;23;1.333333333;5.333333333;0;10.66666667;0;3.333333333;0.666666667;9.666666666;5;1.666666667;1;0;0;2;0;6;2;17.33333333;2;0;0;13.33333333;5;0;0;0;0.333333333;0;1.333333333;6;0.333333333;0.666666667;1;1.333333334;0;1;0
OTU0621;3;4;3;0;0;0;2;0;0;2.333333333;0;0;0;0;0;1;0;0;13.66666667;6.666666667;11.33333333;1.333333333;1;15.33333333;0;0;25;3.333333333;0;0;0;0;2;2.666666667;0;0;13;0;0;0;0;3.333333333;2.333333333;0;0;3.666666667;0;1.333333333;0;4;9.333333333;2.333333333;0;0;0;0.333333333
OTU0622;0;0;0;0;0;0;0.666666667;0.333333333;0;0;0;0;0;0;0;0.333333333;0;0;3.333333333;0;0;0;1;0;0;0;0;0;0;0;0;0;0;0;0;0;0;0;1.333333333;0;0;0;0;0;0;0.333333333;0;0;0;0;0;0;0;0;0.666666667;0
OTU0623;0;0;0;0;0;0;0;0;0;0.333333333;0;0;1.333333333;0;0;0;0;0;2;0;0;0;0;10.66666667;0;0;0.333333333;0;0;0;0;0;0;0;1.333333333;5.333333333;0;0;0;0;0;0.666666667;0;0.666666667;1;0;0;0;0;0;0;0;0;0;0.333333333;0
OTU0624;0;0;0;0;0;0;0;0;0;0;0;0;0;0;0;0;0;1.333333333;0;0;0;0;0.666666667;0;0;1;0;0;0;0;0;0;0;0;0;0;0;0;0;0;0;0;0;0;0;0;0;0;0;0;0;0;0;0;0;0
OTU0625;2;0;2.333333333;0.333333333;1.666666667;0;6.333333334;0.333333333;0.333333333;0;1;0.666666667;0;1;2.333333334;0;0.666666667;0;1.666666667;0;0;0;0.333333333;0;1;0;0.333333333;5.666666667;2.333333333;2.5;0.666666667;0;10.66666667;0;0;1.333333333;0;0.333333333;1.333333333;3;0.333333333;0;0.666666667;0;2.333333333;0.333333333;1.333333333;1;1.666666667;0;0;0;0.333333333;0.666666667;0.333333333;0
OTU0626;0;0;0;0;0;3.666666667;0;0;0;0;0;0;0;0;0;0;0;0;0;0;0;0;0;0;0;0;0;0;0;0;0;0;0;1;0;0;0;0;0;0;0;0;0;0;0;0;0;0;0;0;0;0;0;0;0;0
OTU0627;0;0;0;0;0;0;0;0;0;0;0;0;0;0;0;0;0;0;0;0;0;0;0;0;0;0;0;0;0;0;0;0;0;0;0;0;0;0.333333333;0;0;0;0;0;0;0;0;0;0;0;0;0;0;0;0;0;0
OTU0628;10.66666667;0;4;2.333333333;2;0;0.333333333;4;1.666666666;0;1.333333334;0.333333333;0.666666667;3.666666667;4.333333333;0.333333333;4.333333333;2;4.666666666;10;5;1.333333333;4.333333333;6.666666667;5.666666666;4.333333334;8.333333333;1.333333333;2.333333333;0;0.666666667;2.333333333;5.333333333;1.333333333;1.333333333;3.666666667;5.333333333;0;1.666666667;2;2;0.666666667;0.333333333;0;3.666666667;0;1.999999999;0;5.666666667;0;3.666666667;2;4.333333333;13.33333333;6.666666667;5.333333333
OTU0629;0;0;0;0;0;0;0;0;0;0;0;0;0;0;0;0;0;0.333333333;0;0;0;0;1.666666667;0;0;0;0;0;0;0;0;0;0;0;0;0;0.666666667;0;0;0;0;0;0;0;0;0;0;0.666666667;0;0;0.333333333;0;0;0.666666667;0;0
OTU0630;0;0;0;0;0;0;0;0;0;0;0;0;0;0;0.666666667;0;0.333333333;0.666666667;1;0;0.666666667;0.666666667;2;0.333333333;0;0;2.333333333;1.333333333;0;0;0;3.333333333;0;0;1.333333333;0;3;0;0;0;0;0;0;0;3;0;0;0;0;0;0;0.333333333;0;2;0;0
OTU0631;0;0;0;0;0.333333333;0;0;0;0;0;0;0;0;1.333333333;0;0;0;0;0;0.333333333;0;0;0;0;0;0;0;0;0;0;0;0;0;0;0;0;0;0;0;0;0;0;0;0;0;0;0;0;0;0;0;0.333333333;0;0;0;0
OTU0632;0;0;0;0;0;0;0;0;0;0;0;0;0;0;0;0;0;0;0;0;0;0;0;0;0;0;0;0;0.333333333;0;0;0;0;0;0;0;0;0;0;0;0;0;0;0;0;0;0;0;0;0;0;0;0;0;0;0
OTU0633;2.333333333;19.66666667;2;4.333333333;1.666666666;5.666666666;2.666666666;4.333333332;0.333333333;16;0.333333333;6.333333333;9.666666668;4.666666665;18;3;8;2;4.999999999;9.333333333;3;5.333333333;3.333333332;11;11;2.666666666;16;2.666666666;3.666666666;17;1.333333333;4.666666666;10.33333333;0.333333333;1.999999999;6;3.333333334;6.999999999;4.333333332;2.666666666;1.333333333;5;0.666666666;4.666666667;11.66666667;6.999999999;3.999999999;9.666666667;3.333333333;7.666666667;4.000000001;0;0;5.333333333;4.333333334;10.33333333
OTU0634;0;0;0;0;0;1.333333333;0;0;0;0;0;0;0;0;0;0;0;0;0;0;0;0;0;0;0;0;0;0;0;3;0;0;0;0;0;0;0;0;0;0;0;0;0;0;0;0;0;0.333333333;0;0.333333333;0;0;0;0;0;0
OTU0635;0;0;0;0;0;0;0;0;0;0;0;0;0;0.333333333;0;0;0;0;0;1.333333333;0;0;0;0;0;0;0;0;0;0;0;0;0;0.333333333;0;0;0;0;0;0;0;0;0;0;0;0;0;0;0;0;0;0.666666667;0;0;0;0
OTU0636;0;0;1.666666667;0;0;0;0;0;0;0;0;0;3.333333333;0;0;0.666666667;0;0;0;0;0;0;0;0;0;0;0;0;0;0;2.666666667;0;4;0;0;0;0;0;0;1;0;0;0;0;0;0;0;0;0;0;0;0;0;0;0;0
OTU0637;0;0;0;0;0;0;0;0;0;0.666666667;0;0;0;0;0;0;0;0;0.666666667;0;0;0;0;0;0;0;0;0;0;0;0;0;0;0;0;0;0;0;0;0;0;0;0;0;0;0;0;0;0;0;0;0;0;0;0;0
OTU0638;0;2.666666667;6;0;4.333333333;0;5.666666667;2;0.666666667;3.333333333;1.333333333;1.333333333;0;0;1.666666667;0.333333333;7.333333333;1;0.333333333;0;0;1;0.333333333;0.666666667;0;0;0;0;0;1;0;0;0;4.666666667;5;5.333333333;1;0.666666667;2.333333333;0.666666667;0;8.333333333;10.66666667;5.666666667;5.333333333;5;92.33333333;20;5.666666667;0;7.666666667;23;12.66666667;0;1.333333333;1.333333333
OTU0639;0;0;0.666666667;2.666666667;0;0;0;0;1.333333333;0;0;0;0;0;0;0;0;0;0.666666667;0;0;0;0;0.333333333;0.666666667;0.333333333;0.333333333;0;0;0.5;0;0;0;0;0;0;0;0.666666667;0;0;0;0;0;0;1.666666667;0;0;1;0;0;0;0;0;0;0;0
OTU0640;0;0;0;0;0;0;0;0.333333333;1;0;0;0.666666667;0;0;0.666666667;0;0.666666667;0.333333333;1;0;0;0;0;0;0;1;0;0;0;0;0;0;0;0;0;0;0;0;0;0;0;0;0;0;0;0;0.666666667;0;0;0;0;0;0;0;0;0
OTU0641;1;1.333333333;8;0;0;0;4.666666666;0.666666667;1.666666666;0.333333333;4.333333334;4.333333333;1.666666667;1.333333333;0.666666667;3.333333333;14.33333333;0;1.666666666;2.333333334;0.666666666;2.333333333;6;2.000000001;4.333333333;0;1.333333333;0;0.333333333;0;0.666666667;0.666666667;1.333333334;0.666666666;2.666666667;1.333333333;12.33333333;0;5.666666666;1;4.333333333;1.666666667;2;1.333333334;0.666666667;1.333333333;0.666666666;1;0.666666666;2.333333333;3.000000001;0.333333333;0.333333333;0;1;1
OTU0642;1.666666667;3;2;2;6.666666667;0.333333333;1;1.333333333;0.333333333;0;1.333333333;5;5;2.666666667;1.333333333;8.333333333;2.333333333;0;0;0.333333333;0.333333333;0.333333333;0;0;1;0.666666667;0;0;0;0;0;0.333333333;1;0;0;0.666666667;0;0.666666667;0;2.666666667;0.333333333;0;0;0.666666667;8.666666667;0;5.666666667;0;0;0;0;0;0;0.666666667;1;0
OTU0643;0;0;0;0;0;0;0;0;0;0;1.333333333;3.666666667;0;1;2;0;0;0;0;0;0;0;0.666666667;1.333333333;0;0;0.333333333;0;0;0;2.666666667;1.333333333;0;0.333333333;10.66666667;0.666666667;0;0;2;1.666666667;0;1.666666667;0;0.666666667;0;0;2;1.666666667;0;1.666666667;2.333333333;0;0;1;2.666666667;0
OTU0644;0.333333333;0.333333333;0;0.333333333;0;1;0;0;0;3.333333333;0.333333333;0;1;2.333333333;0;0.333333333;0.666666667;0;0.333333333;5;0;0;1.333333333;0;1;0;0;0;0;0;0;0;0.333333333;0;0;0;0.333333333;0;1.333333333;0;0;0;0.666666667;0.333333333;0.333333333;0;0;0;0.666666667;0;0;0;1;1.333333333;0;0
OTU0645;0.666666667;6;10.66666667;0.333333333;4.333333333;0.666666667;3;0;0;1.666666667;0;1.666666667;0;1;0;0.333333333;1;0.333333333;3.333333334;0;0;0;13.33333333;2.333333333;3;1.333333334;0.333333333;1.333333333;0;12;14;3.666666667;0;5.333333334;0;1;0;0.333333333;3.333333333;5;0;2.333333333;10.66666667;2.333333333;1;9.333333333;5.666666666;1;0;2;1;0;0;0;2.666666666;0.333333333
OTU0646;0;0;0;0;0;0;0.333333333;0;0;0;0;0;0;0.666666667;0;0.666666667;0;0;0;0;0;0;0;0.666666667;1.333333333;0;0.333333333;0;0;0;0;0;0;0;0;0.333333333;0;0;0;0.333333333;0;0.666666667;0;0;0;0;0;0;0;0;0.333333333;1.333333333;0;0;0;0.666666667
OTU0647;2.333333332;19.66666667;13.66666667;6.666666667;6.666666666;1.666666666;6;3;3;4.333333333;3.333333333;10.66666667;4.999999999;3;4.666666667;5.333333333;10.66666667;0.666666667;4.000000001;8.666666666;8.333333331;1.666666667;11.66666667;7.333333333;6.999999998;0.333333333;4.666666668;9.666666667;1.333333334;12;6;1.666666666;5.666666667;6;0;6.333333333;1.333333333;1;9;6;5;4;1.666666667;1;3.999999999;6.333333333;7.333333335;4;1.666666666;6.333333333;5.333333334;4.666666666;5;2.333333334;3;9
OTU0648;0;0;0;0;0;0;0;0;0;0;0;0;0;0;0;0;0;0;0;0;0;0;0;0;0;0;0;0;0;0;0;0;0;0;0;0;0;0;0;0;0;0;0;0;0;0;0;0;0;0;0;0;0;2;0;0
OTU0649;1;0;0;0.666666667;0;0;0;0;0;0;0;0;0;0.333333333;0;0;0;0;0.333333333;1;0;0;0;0;0;0;0;0;0;0;0;0;0;0;0.333333333;0.333333333;0;0;0;0.333333333;0;1;0;0;0;1;0;0;0;0.666666667;0;0.333333333;0;2;0.666666667;2
OTU0650;3.666666667;3.333333332;2;8;7.333333332;2;0;10.66666667;9.666666667;0;2.333333334;8;17.66666667;1.333333333;1;6.666666667;0;0.666666666;2.666666666;37.66666667;1.333333333;0.666666667;1.333333333;5.333333334;13.66666667;1;4;1.333333334;0;0;5.666666667;0.666666667;29.66666667;0.666666667;0;5;0.333333333;1;1.666666667;6.333333333;4;6.666666667;4;14.66666667;1;4.333333333;10.33333333;2.666666666;7.333333333;0.333333333;4.666666666;15.66666667;1.333333333;14.66666667;11.66666667;5.666666666
OTU0651;3;10;1;0.666666667;5.333333333;4;3.333333333;1.666666667;1;0;4.666666666;3.999999999;1;2;3.333333333;1.333333333;9.666666665;1.333333333;3.333333334;3.333333334;3.666666667;4.666666666;6;6.000000001;13;1;7;6.666666666;2;1.5;4.333333333;1;1;2.999999999;1.333333334;1.333333333;1;0;2.333333333;3.666666667;0.666666667;4;7.000000001;3.333333333;6.666666665;5.333333334;11;3.333333332;0;0.666666667;3;2.666666667;2.666666666;3.666666665;2.333333333;2
OTU0652;0;0.333333333;0.333333333;0.666666667;0;116.3333333;0;0.666666667;0;24;0;0;0;5.333333333;0;0;0;0;0;0;0;0;0;0;0;1.333333333;0;0;0;0;0;0;0;17;0;0;0;0;0;0;0;1.333333333;0;0;0;0;0;0;0;0;0;0;0;0;0;0
OTU0653;0;0;0;0;0;0;0.333333333;0;0;0;0;0;0;0;0;0;0;0;0;0;0;0;0;0;0;0;0;0;0;0;0;6;0;0;0;0;0;3.666666667;0;0;0;0;0;0;0.333333333;0;0;0.666666667;0;0.666666667;0;0;0;0;0;0
OTU0654;0;0;0;0;0;0.666666667;0;0;0;2;0;0;0;0;0;0;0;0;0;0;0;0;0;0;0;0;0;0;0;0;0;0;0;0;0;0;0;0;0;0;0;0;0;0;0;0;0;0;0;0;0;0;0;0;0;0
OTU0655;0;0;0;0;0;10.66666667;0;0;0;8.333333333;0;0;0;0;0;0;0;0;0;0;0;0;0;0;0;0;0;0;0;0;0;0;0;0;0;0;0;0;0;0;0;0;0;0;0;0;0;0;0;0;0;0;0;0;0;0
OTU0656;0.666666667;0.666666667;0.333333333;0;0.333333333;77;0.333333333;1;1.333333333;34.66666667;0;0.666666667;0;0;0;0;0;0;0;0;0;0;0;0;0;0;0;0;0;0;0;0;0;3.333333333;0;0;0;0;0;0;0;0;0;0;0;0;0;0;0;5;0;0;1;0;0;0
OTU0657;1;0;0;0;0;4.333333333;0;0;0;0.333333333;0;0;0;0;0;0;0;0;0;0;0;0;0;0;0;0;0;0;0;0;0;0;0;2;0;0;0;0;0;0;0;1.333333333;0;0;0;0;0;0;0;1.666666667;0;0;0;0;0;0
OTU0658;0.666666667;0;0;0.666666667;0.333333333;28.33333333;0;0.333333333;0;48.66666667;0.333333333;0;0;4;0;0;0;0;0;0;0;0;0;0;0;0;0;0;0;0;0;0;0;2.666666667;0;0;0;0;0;0;0;31.66666667;1;0;0;9.333333333;0;0;0;9.666666667;0;0;0;0;0.333333333;0
OTU0659;0;0;0;0;0;2.666666667;0;0;0;0;0;0;0;0;0;0;0;0;0;0;0;0;0;0;0;0;0;0;0;0;0;0;0;4.666666667;0;0;0;0;0;0;0;0;0;0;0;0;0;0;0;0;0;0;0;0;0;0
OTU0660;0;0;0;0;0;24.33333333;0;0;0;5.666666667;0;0;0;0;0;0;0;0;0;0;0;0;0;0;0;0;0;0;0;0;0;0;0;1.333333333;0;0;0;0;0;0;0;6.666666667;0;0;0;0;0;0;0;1.333333333;0;0;0;0;0;0
OTU0661;0;0.666666667;0.666666667;0;0;99;0.333333333;0;0;47;0;0;0;11.33333333;0;0;0;7.666666667;0;0;0;0;0;0;0;2.333333333;0;0;0;0;0;12.33333333;0;25.66666667;20;0;0;51.66666666;0;0;0;6.666666667;0;0;0;0;0;0.333333333;0;0;0;0;0;0;0;0
OTU0662;0;0;0;0;0;1.333333333;0;0;0;1.666666667;0;0;0;1;0;0;0;0.666666667;0;0;0;0;0;0;0;0;0;0;0;0;0;0;0;0.666666667;0.333333333;0;0;0;0;0;0;0;0;0;0;0;1;0;0;0;0;0;0;0.666666667;0;0
OTU0663;0;0;0;0;0;0;0;0;0;0;0;0;0;0;0;0;0;0;0;0;0;0;0;0;0;0;0;0;0;0;0;0;0;3;0;0;0;0;0;0;0;0;0;0;0;0;0;0;0;0;0;0;0;0;0;0
OTU0664;0;0;0;2.666666667;1.666666667;16.33333333;1;0;0;7;0;0;0;0;0;0;0;3.666666667;8;0.666666667;0;0;6;0.666666667;0;0;0;0.666666667;0;0;1.666666667;0;0;54.33333333;0;0;0;2.333333333;0;0;0;7.666666667;2.333333333;0.333333333;0;0;8;4.666666667;0;2;29.33333333;7;0;0.666666667;0;2.666666667
OTU0665;0;2.333333333;0.333333333;3;4.666666667;209.6666667;0.666666667;0;3.333333334;163.6666667;3;27;0.666666667;23.66666667;0;0;0;28.66666666;26.66666667;21.33333333;0;0;1.333333333;0;0;77.66666667;18.33333333;0;0;1;0;1.666666667;0.333333333;235.3333333;166;35.33333333;1.666666667;12.33333333;0.666666667;41;1.333333333;58.66666666;51.66666667;92.33333333;0.666666667;44.33333333;177.3333333;19.66666667;1;32.66666667;56.33333333;32.66666666;0;94.66666667;5;104
OTU0666;0;0;0;0;0;0;0;0;0;0;0;1;0;0;0;0;0;0;0;0;0;0;0;0;0;0;0;0;0;0;0;0;0;0;0;0;0;1.666666667;0;0;0;0;0;0;0;0;0;0;0;0;0;0;1.666666667;0;0;0
OTU0667;0;0;0;0;0;0;0;0;0;0;0;0;0;0;0;0;0;0;0;0;0;0;0;0;0;0;0;0;0;0;0;0;0;9.333333333;0;0;0;0;0;0;0;0;0;0;0;0;0;0;0;0;0;0;0;0;0;0
OTU0668;0.333333333;0;2;0;3.333333333;84.33333333;0;0.333333333;3;163.6666667;0;20.66666667;0;17.33333333;9.666666667;0;0;45;14.66666667;28;0;0;1.333333333;0;0;9.333333333;0;0;0;1;4;88;0;86.66666667;45.66666667;15.33333333;0;39.66666667;5.666666667;18;0;60.66666667;28.33333333;31;0;10;22.33333333;20;0;15;5;2.666666667;0;70.66666667;2;13.66666667
OTU0669;0;0;0;0;0;14;0;0;0;14.33333333;0;0;0;0;0;0;0;0;0;0;0;0;0;0;0;0;0;0;0;0;0;0;0;0;0;0;0;5.666666667;0;0;0;0;0;0;0;0;0;0;0;0;0;0;0;0;0;0.333333333
OTU0670;0;0;0;0;0;20;0;0;0;49.66666667;0;0;0;0;0;0;0;0;0;0;0;0;0;0;0;0;0;0;0;0;0;0;0;0;0;0;0;1.333333333;0;0;0;0;0;0;0;0;0;0;0;0;0;0;0;0;0;0
OTU0671;0;0;0;0;0;8.666666667;0;0;0;6;0;0;0;1.666666667;0;0;0;0;0;0;0;0;0;0;0;0;0;0;0;0;0;0;0;1.333333333;0;0;0;1.666666667;0;0;0;0.666666667;0;0;0;0;0;0;0;0;0;0;0;0;0;0
OTU0672;0;0;0;0;0.666666667;19.66666667;0.333333333;0;1.333333333;33.33333333;0;0.333333333;0;0;0;0;0;0;0;0;0;0;0;0;0;0;0;0;0;0;0;0;0;0;0;0;0;0;0;0;0;0;0;0;0;0;0;0;0;0;0;0;0;0;0;0
OTU0673;0.666666667;0.333333333;0;0;0;16.66666667;0.333333333;0;2;105.6666667;0;0;0;4.333333333;0;0;0;0.666666667;0;0;0;0;0;0.333333333;0;0;0;0;0;0;0;0;0;4.333333333;0.333333333;0;0;0;0;0;0;9;1.666666667;0;0;0;0;0;0;1;0;0;0;0;0.333333333;0
OTU0674;0;0;0;0;0;10.33333333;0;0;0;13.33333333;0;0;0;6.666666667;0;0;0;0.666666667;0;0;0;0;0;0;0;0;0;0;0;0;0;9.333333333;0;18;3.333333333;0;0;48.33333334;0;2.666666667;0;13;12.66666667;0;0;7;24.66666667;1.666666667;0;1.333333333;0.666666667;0;0;0;0;0
OTU0675;0;0;0.666666667;0;0;41.33333333;0.666666667;0;0;0;0;0;0;0;0;0;0;0;0;0;0;0;0;0;0;0;0;0;0;0;0;0;0;12.66666667;0;0;0;0;0;0;0;0;0;0;0;0;0;0;0;0;0;0;0;0;0;0
OTU0676;0;0;0;0;0;0;0;0;0;10;0;0;0.666666667;0.333333333;0;0;0;0;0;0;0;0;0;0;0;0.666666667;0;0;0;1;0;1.333333333;0;3;8.333333333;0;0;0;0;0;0;0.666666667;1;0;0;0;5;0;0;0;0;0;0;6;0;0
OTU0677;0;0;0;0;0;8;0;0;0;0;0;0.333333333;0;3;0;0;0;0;0;0;0;0;0;0;0;0;0;0;0;0;0;0;0;0.666666667;0;0;0;0;0;0;0;1;0;0;0;0;0;0;0;0;0;0;0;0;0;0
OTU0678;0;0;0;0;0.666666667;27;0.333333333;0.333333333;0;51.66666667;0.333333333;1;0;1.666666667;0;0;0;0;0;0;0;0;0;0;0;0;0;0;0;1.5;0;1.333333333;0;12.66666667;0;0;0;27;0;0;0;1.333333333;0;0;0;0;0;0;0;2;0;0.333333333;0;0;0;0
OTU0679;0;0;0;0;0;0.333333333;0;0;0;0;0;0;0;0;0;0;0;0;0;0;0;0;0;0;0;0;0;0;0;0;0;11.66666667;0;0;0;0;2.333333333;110.6666667;0;0;0;0.666666667;0;1;0.333333333;0;0;2.666666667;0;0;0;1;0;0;0;0
OTU0680;0;0;0;0;0;0;0;0;0;0;0;0;0;0;0;0;0;0;0;0;0;0;0;0;0;0.666666667;0;0;0;0;0;0;0;0;0;0;0;0;0;0;0;0;0;0;0;0;0;0;0;0;0;0;0;0;0;0
OTU0681;0;0;0;0;0;3;0;0;0;2;0;0;0;5;0;0;0;0;0;0;0;0;0;0;0;0;0;0;0;0;0;0;0;0;0;0;0;0;0;0;0;0.333333333;0.666666667;0;0;0;0;0;0;0.333333333;0;0;0;0;0;0
OTU0682;0;0;0;0;0;0;0;0;0;0;0;0;0;3.666666666;0;0;0;0;0;0;0;0;0;0;0;0;0;0;0;0;0;0;0;0;0;0;0;0;0;0;0;0;0;0;0;0;0;0;0;0;0;0;0;0;0;0
OTU0683;0;6;3.333333333;0.666666667;0;0;0;0;0;0;0;1.666666667;0;0;0;0;0;0.666666667;0;0;0;0;0;0;0;0;0;0;1.333333333;1.5;7.666666667;0;0;0;0;0;0;0;1;0;0;0;0;0;0;0;0;0;0;0;0;0;0;0;0;0
OTU0684;1;0;0;0;3;0;0;0;0.666666667;0;0;0;0;0;0;0;4.333333333;0;0.333333333;2;2.333333333;0;1.333333333;2.333333333;0;4.333333333;2;0;3;0;0;0;0;0;0;1.666666667;5.666666667;0;0.333333333;2;0;0;1.333333333;0.333333333;5;0;3;1.666666667;1;0.333333333;0;0;1.333333333;19;0.333333333;4
OTU0685;4;28;6.333333333;3.666666667;2.333333333;1.333333333;4.333333333;5;6.333333333;1.666666667;3.666666667;10;1.666666667;5;5.333333333;6;2.666666667;1.333333333;0;0;3.666666667;4.666666667;3.333333333;6.333333333;11.66666667;2;6.666666667;8;3.333333333;16.5;0.666666667;7.666666667;8.666666667;0.666666667;1;4;2.333333333;4.666666667;4.333333333;0;1.333333333;1.666666667;1;2.333333333;3.333333333;0;0.333333333;1;18;2.666666667;2.333333333;0.666666667;3.666666667;7.666666667;7.333333333;0.333333333
OTU0686;5;2;2;2.333333333;9.333333333;6.333333334;5.666666666;6.999999999;1.333333333;4;3.333333333;17.66666667;4.666666667;3;13.33333333;7.333333334;14;2.666666666;4.333333333;7;15.66666666;1.333333333;9.333333333;6;28.66666666;14;9.666666667;6;9;17.5;14;9.333333333;9.666666666;1.666666667;6.666666666;4.333333333;6.666666667;10;4.666666667;3.666666667;8.333333332;0.666666667;5;0;11.33333333;1;5.666666667;2.666666666;9;1.666666667;4.666666667;1.333333333;1.666666666;18;3.666666667;9.666666666
OTU0687;0.666666667;0.666666667;0;0;4;0;0;0;2;0.666666667;0;8.333333333;0;0.333333333;0.333333333;0;5.666666667;0;0;3.333333333;0;0;4.666666667;3.666666667;0.666666667;8;0;2;0;1.5;4.666666667;0;0;0;0;0;1;0;0;0;1;0;0;0;2.666666667;0;0;0;0;0;0;0;3;0;0.333333333;2.666666667
OTU0688;1.666666667;19.33333334;12.33333333;15.33333333;14.33333333;0.333333333;20.66666666;6.666666667;8;0.666666667;10;9.333333333;4;5.333333334;2;11.33333333;10;7.666666667;5.333333333;8.333333333;8;0;13;5.666666667;12.33333333;12.33333334;20.66666667;1.666666667;4.333333333;25;14.33333333;24.66666666;17.33333333;2.666666667;2.666666667;6.333333333;3.666666666;9.666666666;12.66666667;1.666666667;0.666666667;2.666666667;5.333333334;1.666666667;5.333333333;0.333333333;0;4.666666667;6.666666667;2.333333333;5.333333334;4.333333333;6.333333333;28;0.666666666;10.33333333
OTU0689;0;0;0;0;0.333333333;1.333333333;0;0;0;0;0;0;0;0;0;0;0.333333333;0;0;2.666666667;0.333333333;0;0;0;1;0;0;0;0;0;0;0;0;0;0;0;0.333333333;0;0;0;0;0;0.333333333;0;0;0;0;0.333333333;0;0.666666667;0.666666667;0;0;0;0;1.333333333
OTU0690;0;0;0;0;0;1.666666667;0;0;0;0;0;0;0;0;0;0;0;0;0;0;0;0;0;0;0;0;0;0;0;0;0;0;0;0;0;0;0;0;0;0;0;0;0;0;0;0;0;0;0;0;0;0;0;0;0;0
OTU0691;0.333333333;0;0;0;2.666666667;0;0;0.666666667;0;0;0;1.666666667;0;0.333333333;2;0.333333333;1.333333333;0;0;0;0;0;0;1.666666667;0.333333333;2;0.666666667;0;0;0;0;0.333333333;0;0;0;3.666666667;0;2.333333333;0;0;0;0;0;1.333333333;9;4.333333333;2.666666667;0;1.666666667;3.333333333;2.666666667;0;3.666666667;1.333333333;1.333333333;0
OTU0692;0;0;0;0;0;0;0;0;0;15.66666667;0;0.666666667;0;3.666666667;0;0;0;0.666666667;0;0;0;0;0;0;0;0;0;0;0;0;0;5.666666667;0;1;8.666666667;0;0;20.33333333;0;0;0;0.666666667;0;0;0;0;0;0;0;1.333333333;0;0;0;0;0;0
OTU0693;5.333333333;0.666666667;0;1;1.333333333;5;0;0;0;10.66666667;2;0;0;0.666666667;0;1;0;1;0;5.333333333;0.666666667;0;2;1.333333333;3.666666667;0.666666667;0;0;0;0;3;0;0;2.333333333;0;0;0;1.333333333;4;0;2.333333333;1.666666667;5.333333333;0;0;0;0;4;0;8;2.333333333;14.33333333;0;3.333333333;0;0
OTU0694;0;0.333333333;1.333333333;0.333333333;0;0;4.333333333;0;0.666666667;2.333333333;2.333333333;0;0;0;0;0;1.666666667;0;0.333333333;0;0.666666667;2;0;0.333333333;4.333333333;2.666666667;0.666666667;4.666666667;1;0;0;0.333333333;0;0;0;0;0.666666667;0;0.333333333;0.333333333;1.333333333;0;0;0.333333333;0;0;0;0;1.666666667;0;1;4;0;1.333333333;0.333333333;0
OTU0695;9.333333333;2;4.666666666;2.333333334;21.33333333;1;2.333333333;0.333333333;1;0;14.33333333;6.666666666;0.666666667;1.666666667;5.333333334;5.666666666;12;3.333333333;23.33333333;3.333333333;6;6.666666667;20.66666666;11.66666667;8.666666666;26.33333333;6;19.33333333;4;0;1.333333334;8.333333333;1.333333333;14.33333333;10.33333333;8.666666667;6.666666667;0.666666666;3.666666667;5;15;10.33333333;11.33333333;12.33333333;25;23;24.33333333;18.66666667;15;9.666666667;13;9;8.666666667;19.33333334;5;10.66666667
OTU0696;0.333333333;0.666666667;4.333333333;0;10;4.666666667;3.666666667;3.666666667;0;6.333333333;6.333333333;4.333333333;1;0;8.666666667;7.333333333;7;1.666666667;3.333333333;2.333333333;0;10.33333333;5.333333333;5;3.666666667;17.66666667;0;6;2.666666667;0;0.333333333;1;1.333333333;17.33333333;8.333333333;6.666666667;0;2.333333333;0;3.666666667;3;13;6.666666667;3.333333333;5;18.33333333;11.66666667;9.666666667;10;14.66666667;7.666666667;6.666666667;0;12.33333333;9.333333333;9
OTU0697;1;0;0;0;0;4.666666667;1.333333333;0;0;6.666666667;0;0;1;0;3;0;1.666666667;0;1;0;0.333333333;1.666666667;0.333333333;0;0;0;0;0;0;0;0;1.333333333;0;0;0;0;0;0.666666667;0;0.666666667;1;0;0.666666667;0;0;0;0;0;0;2.666666667;0.666666667;0;3.666666667;0;0;0
OTU0698;0;0;0;0;5.333333334;9.333333333;0.666666667;0.333333333;0;0;0;2;0.666666667;2.666666667;2.666666667;0;2.333333333;2.333333333;1.666666667;0.666666666;1;6.666666667;1;0;2;1.333333333;4.666666667;2;0;0;0;0;0;3.666666666;0;3;2;0;1.666666667;1;2.333333333;4.333333334;3.666666668;3.333333334;6;8.333333334;11.66666667;4.333333333;1.333333333;14.66666666;3.333333333;11;3.666666667;1;2;4.333333333
OTU0699;0;0;0;0;0;0;0;0;0;0;0;0;0;0;0;0;1;0;0;0.666666667;0;0;2;0;0;0;0;0;0;0;0;0;0;0;0;0;0;0;0;0;0;0.333333333;0;0;1.666666667;0;1;0;0;1.333333333;0;0;0;4;0;1.333333333
OTU0700;2;0;0;0;0.333333333;2.333333333;0;0;0;0;0;0;0;1.666666667;0;0;0;1.333333333;0;1.666666667;0;0;0;0.666666667;4;3.666666667;0.333333333;0;0;0;0;0;0;0;0;0;0;0;0;0;0;0;0;0;0.666666667;0;0;1;0;2.666666667;1.333333333;0.666666667;0;3.333333333;0;0
OTU0701;0;0;0;0;0;0;0;0;0;0;0;0;0;0;0;0;0;0;0;0;0;0;0;0;0;0;0;0;0;0;0;0;0;0;0;0;0;0;0;0;0;0;0;0;0;1;0;0;0;0;0;0;0;1.333333333;0;0
OTU0702;17.66666667;0;0;0;0;0;0;0;0;0;3.333333333;0.333333333;0;15;0;0;0.333333333;0;4;37.66666667;0;39.33333334;0;68.33333333;0;7;1.666666667;0.333333333;0;0;0;0;0;0;0;0;119;1;0;0;0;0;0.333333333;0;0;5.333333333;0;0.333333333;0;0;21.66666666;0.666666667;0;55;0.666666667;0
OTU0703;0;0;0;0;0;1.333333333;0;0;0;1.666666667;0;0;0;0;0;0;0;0;0;0;0;0;0;0;0;0;0;0;0;0;0;0;0;2.333333333;0;0;0;1.333333333;0;0;0;0;0;0;0;0;0;0;0;0;0;0;0;0;0;0
OTU0704;0;2.666666667;0;0;3.666666667;3;0;0;0;1;0;0;0;0.333333333;0;2.666666667;0;1;2.333333333;1.333333333;0;1.333333333;2.666666667;2;1;0.333333333;2;0;0;0;0;0;0;1.333333333;0.666666667;0;0;0;1;0;0.333333333;2.333333333;0;0.666666666;0.333333333;0;0.666666667;2.666666667;1.333333333;0.333333333;1.666666667;5.666666667;1;0;4.666666667;0
OTU0705;17.33333333;64.66666667;28;18.33333333;51.66666667;35.33333333;20.66666667;27.33333333;10;18.66666667;19.33333333;63.66666667;16.66666667;21.33333333;16.33333333;19.33333333;49.33333334;13;34.66666667;39.66666667;23;24;34;37.33333334;53.66666667;32;23.33333333;22.66666667;8.666666667;92;70.66666667;13;30.66666666;30.33333334;19.33333333;29.33333333;20;6.333333333;13.66666667;19.66666666;13.66666667;24;35.66666666;14.33333333;47.33333333;20;33;36.33333333;31.33333333;14.66666667;27.66666667;44.66666666;25.33333334;40.33333333;28.33333334;32
OTU0706;0;0.333333333;0;0;0.666666667;9.666666667;0.666666667;0.333333333;0;138.3333333;0.333333333;0;0;1.333333334;0;0;0;0;0;0;0;0;0;0;0;0;0;0;0;0;0;2;0;20.66666667;0;0;0;2.333333333;0;0;0;1.666666667;0;0;0;0;0;0;0;0;0;0;0.333333333;0.333333333;0;0
OTU0707;0;0;0;0;0;6;0;0;0.333333333;3.333333333;0;0;0;0.666666667;0;0;0;0;0;0;0;0;0;0;0;0;0;0;0;0;0;0;0;0.333333333;0;0;0;0;0;0;0;0;0;0;0;0;0;0;0;0;0;0;0;0;0;0
OTU0708;0;0;0;0;0;0;0;0;0;0.333333333;0;0;0;0;0;0;0;0;0;0;0;0;0;0;0;0;0;0;0;0;0;0;0;0;0;0;0;0;0;0;0;0;0;0;0;0;0;0;0;0;0;0;0;0;0;0
OTU0709;0;0;0;0;0;0.666666667;0;0;0;0;0;0;0;6.666666667;0;0;0;0.333333333;0;0;0;4.666666667;0.333333333;0;0;0;0;0;0;0;0;0;0;3.666666667;0;0;0;0;0;0;0;0;5.333333333;0;0;0;0;0.333333333;0;0.333333333;7;1.333333333;0;13.66666667;0;1.333333333
OTU0710;0;0.333333333;0;0;0;20;0;0;0;0;0;0;0;3.333333333;0;0;0;0;0;0;0.666666667;0;0;0;0;0;0;0;0;0;0.666666667;0;0;6.666666667;0;0;0;0.333333333;0;0;0.333333333;5.333333333;6;0;0;0;1.333333333;0;0;1.666666667;0;0;0;0;1.333333333;0
OTU0711;0;0;0;0;0;19.66666667;0;0;0;10.33333333;0;0;0;2.333333333;0.333333333;0;0;10;0;0;0;0;0;0;0;0;0;0;0;0;0;0.666666667;0;17.66666667;9;12;0;0.333333333;0.333333333;12.33333333;0.333333333;49.66666667;4.666666667;0;0;0;32.66666667;0.333333333;0;3;0;0;0;0;0;0
OTU0712;0;0;0;0;0;0;0;0;0;2.333333333;0.666666667;0;0;0;0;0;0;0;0;0;0;0;0;0;0;0;0;0;0;0;0;0;0;0;0;0;0;0;0;0;0;2;0;0;0;0;0;0.333333333;0;0.666666667;0;0;0;0;0;0
OTU0713;0;0;0;0;0;0;0;0;0;2.666666667;0;0;0;0;0;0;0;0;0;0;0;0;0;0;0;0;0;0;0;0;0;0;0;0;0;0;0;0.333333333;0;0;0;0;0;0;0;0;0;0;0;0;0;0;0;0;0;0
OTU0714;0;0;0;0;0;0;0;1.333333333;0;0;1;0;0;0;0;0;0;0;0;0;0;0;0;0;0;0;0.333333333;0;0;0;0;0;0;0;0;0.666666667;0;0;0;0;0;0;0;0;0.333333333;0;0;0;0;0;0;0;0;0;0;0
OTU0715;2.666666667;0;0.333333333;0;1;1.666666667;0.666666667;0;0;0;0;0;0;0;0;0;0.333333333;0;0;0;0;0;0;0;38.66666667;0;3.333333333;0;1.333333333;0.5;0;0;0;0;0;0;2.333333333;0;0;0;0;0;0;0;0;0;0;0;0;0;0;0;0;0;0;0
OTU0716;0.333333333;0.333333333;0;0;0;0;0;0;1.666666667;0;0;0;1.333333333;0;0;0;0;0;0;0;4;0;0.333333333;0.333333333;4;0.666666667;0;0;0;0;0;0;0;0;0;0;0.333333333;0;0;0;0;0;0;0;0;0;0;0;0;0;0;0;0;0;0;0
OTU0717;0;0;0;0;0;0;0;0;0;0;0;0.666666667;0;0;0.333333333;1.333333333;0;0;0;0;0;0;0;0;0;0;0;0;0;0;0;0;0;0;0;3.333333333;0;0;0;1.666666667;0;0;0.666666667;0;0;0;0.333333333;0;0;0;4.333333334;0.666666667;0;0;0;0
OTU0718;0;0;0;0;0;0;0;0;0;0;0;0;0;0;0;0;0;0;0;0;0;0;0;0;0;0;0;0;0;0;15.33333333;0;0;0;0;0;0;0;0;0;0;0;0;0;0;0;0;0;0;0;0;0;0;0;0;0
OTU0719;0;0.333333333;2.333333333;0;0;0;3.666666667;0;0;1.666666667;5.333333332;9.333333333;2.666666667;0;0;22.66666667;0;0;3.666666667;8.333333333;0;3.333333334;0;1;0;0;0;0;0;0;7;0;0;0;1.333333334;22;4.666666667;0;6.333333333;27.33333333;0;0.666666667;6.333333334;0.333333333;0.333333333;0;14;7;3.666666667;1.333333333;56.66666667;2;1;0;0;0
OTU0720;0;0;0;0;0;0;0;0;0;0;0;0;2;0;0;0;0;0;0;0;0;0;0;0.333333333;0;0;0;0;0;0;0;0;0;0;0;0;0;0;0;0;0.666666667;0;0;0;0;0;0;1;0;0;1;0.666666667;0;0;0;0
OTU0721;0;0;0;0;0;0;0;0;0;0;0.666666667;2;0;0;0;0;0;1;0;0;0;0;0;0;0;0;0;0;0;0;0;0;0;0;0;0;0;0;0;0;0;0;0;0;0;0;0;0;0;0;0;0;0;0;0;0
OTU0722;0;0;0;0;0;0;0;0;0;0;0;0;0;0;0;0;0;0;0;0;0;0;0;0;0;0;0;0;0;0;0;0;0;0;0;1.333333333;0;0;0;0;0;0;0;0;0;0;0;0;0;0;3;0;0;0;0;0
OTU0723;0;0;0;0;0.666666667;0;0;1;0;0;0;0;0;0;0;1.333333333;0;0;0.666666667;0;0;0;0;0.666666667;0;0;0.333333333;0;0;0;0.666666667;1;0;0;0.333333333;0;0.333333333;0;0;0;0;0;0;0;0.333333333;0;0;0.333333333;0;0;0;0;0.333333333;0;0;0
OTU0724;2;0;0;0;0;0;0;0.666666667;0;0;0;0;0;0;0;0;0;0;0;0;0;0;0;0;0.666666667;0;0;0;0;4;0;0;0;0;0;0;0;0;0;0;0;0;0;0;0;0;0;0;0;0;0;0;0;0;0;0
OTU0725;1.333333333;0;0;0;0;0;0;0.333333333;0;0;0;0;0;0;0;0;0;0;0;0;0;0;0;0;0;0;0;0;0;0;0;0;0;0;0;0;0;0;0;0;0;0;0;0;0;0;0;0;0;0;0;0;0;0;0;0
OTU0726;2.333333333;0;0;0;0.333333333;0;1.333333334;3.333333334;0;0;0.666666667;0;1;0.333333333;0;1.333333333;0;0;0.666666667;0.333333333;1;0.666666667;0;2;0.333333333;0;0.333333333;0;0;1;0;0.333333333;0;0.333333333;0;0.333333333;3.333333333;0;0;0.666666667;0.333333333;1.666666667;0.333333333;0.333333333;0;0;0;0.333333333;0;0;1.333333333;0;2;1.333333333;0;0
OTU0727;0;0;0;0;0;0;0;0;0;0;0;0;0;0;0;0;0;0;0;0;0;0;0;0;0;0;0;0;0;0;1.666666667;0;0;0;0;0;0;0;0;0;0;0;0;0;0;0;0;0;0;0;0;0;0;0;0;0
OTU0728;0;0;0;0;0;0;0;0;0;0;0;0;0;0;0;0;0;0;0;0;0;0;0.666666667;0;0;0;0;0;1;0;0;0.666666667;0;0;0;0;0;0;0;0;0;0;0;0;0;0;0;0;0;0;0;0.333333333;2.333333333;0;0;0
OTU0729;0;0;0;0;0;0;0;0.666666667;0.333333333;0;0;0;0;0.333333333;0.666666667;0;0;0;0;0;0;0;0;0;0;0;0.666666667;0;0;0.5;2.333333333;3.666666667;0;0.666666667;0;0;0;0;0;0;0;0;0;1.333333333;1.333333333;0;0;1.333333333;0;0;0;0;0;0;0;0
OTU0730;0.666666667;0;0;0;0;0;0;0.666666667;0;0;0;0.666666667;0;0;1.666666667;1.666666667;0;0;0.666666667;0;1.333333333;0;0.333333333;52;9.333333334;3.333333333;0.333333333;4;0;1;0;0;0;0;0;0;0;0;0.333333333;0;0;0.333333333;0;0;0;0;0;0;0;1.333333333;0;0;0;1;2.666666667;0
OTU0731;0;0;0;0;0;5;0;0.666666667;0;0;0;0;0;0.333333333;0;0;0;63;0;0;0;0;0;0.666666667;0;0.666666667;0;0;0;0;0;0;0;6.666666667;0;0.666666667;0;0;0;0;0;1.333333333;0;0.333333333;0;0;3;0;0;3;0;0;0;1.666666667;0;0
OTU0732;0;0;0;0;0;0;0;0;0;1;0;0;0;0;0;0;0;0;0;0;0;0;0;0;0;0;0;0;0;0;0;0;0;0;0;0;0;0;0;0;0;0;0;0;0;0;0;0;0;0;0;0;0;0;0;0
OTU0733;0;0;0;0;0;0;0;0;0;0.333333333;0;0;0;0.666666667;0;0;0;0;0;0;0;0;0;0;0;0;0;0;0;0;0;0;0;0.666666667;0;0;0;0;0;0;0;0;0;0;0;0;0;0;0;0;0;0;0;0;0;0
OTU0734;0;0;0;0;0;0;0;0;0;0;0;0;0;0;0;0;0;1.333333333;0;0;0;0;0;0;0;0;0;0;0;0;0;0;0;0;0;0;0;0;0;0;0;0;0;0;0;0;0.666666667;0;0;0;0;0;0;0;0;0
OTU0735;0;0;0;0;0;2.333333333;0;0;0;1.333333333;0;0;0;4.666666667;0;0;0;6.333333333;0;0.333333333;0;1.666666667;0;0.666666667;0;0;0;0;0;3.5;0;0;0;0.333333333;0;0;1;0;0;0;0;3;0;0;0;5.666666667;0;0;0;0.666666667;0;0;0;2;0;0
OTU0736;0;0;0;0;0;9;0;1.333333333;0;6.666666667;0;0.333333333;0;3.333333333;0.666666667;2;0;12.33333333;4.666666667;1.333333333;0.666666667;0.666666667;1.666666667;1;0;5.666666667;2;0;1;2.5;2;1.333333333;0;13.66666667;3;2.666666667;1.333333333;4.333333333;1.333333333;6;0;9;3;3.333333333;1.333333333;6;7.333333333;10.33333333;0;16.33333333;2;4.333333333;0;8.666666667;3.333333333;1.333333333
OTU0737;0;0;0;0;0;0;0;0;0;0;0;0;0;0;0;0;0;0;0;0;0;0;0;0;0;0;0;0;0;0;0;0;0;5.333333333;0.666666667;0;0;2.333333333;0.333333333;0;0.333333333;0;0;0;0;0;5.333333333;0;0;1.333333333;2;0;0;0;0;0
OTU0738;0;0;0;0;0;2.333333333;0;0;0;1;0;0;0;1;0;0;0;0.333333333;0;0;0;0;0;0.666666667;0;0;0;0;0;3;0;0;0;4.333333333;0;0;0;0.333333333;0;0;0;6.666666667;0;0;0;2;0;0.333333333;0;3.666666667;0;0.333333333;0;0;0;0
OTU0739;0;0;0;0;0;0;0;0;0;0;0;0;0;0;0;0;0;0;0;0;0;0;0;0;0;0;0;0;0;0;0;0;0;1;0;0;0;0;0;0;0;0;0;0;0;0;0;0;0;0;0;0;0;0;0;0
OTU0740;0;0;0;0;0;0;0;0;0;0;0;0;5;0;0;0;0;0;0;0;0;0;0.333333333;0;0;0;0;0;0;0;0;0;0;0;0;0;0;0;0;0;0;0;0;0;0;0;0;0;0;0;0;0;0;0;0;0
OTU0741;2.666666667;0;0;0;0.666666667;0;1.333333333;0;0.666666667;0;1;0.666666667;7.333333334;0;0;0.333333333;0;0.666666667;0;0;0;1.333333333;0.333333333;0;0;0;0;0.666666667;1;1.5;0;0.333333333;0;0;0;0.333333333;0.333333333;0;1;1.333333333;12;0;0;0;1;0;1.666666667;0;0.333333333;0;1;0;0;0;0;0
OTU0742;1;0;0;0;0;0;0;0;0;0;0;0;0;0;1.333333333;0;0;0;0;0.666666667;0;1.333333333;0;0;0.333333333;0;0;0;0;0;0;0;0;0;0;0;0;0;0;0;0;0;0;0;0;0;0;0;0;0;0;0.333333333;0;0;0;0
OTU0743;0;0;0;0;0;1;0;0;0;0;0;0;6;0;0;0.666666667;0;0;0;0;0.666666667;0;0;0;0;0;0;0;0;0;0;0;0;0;0;0;0;0;0;0;0;0;0;0;0;0;0;0;0;0;0;0;0;0;0;0
OTU0744;0;0;0;0;0;0;0;0;0;0;0;0;0;0;0;0;0;1;0;0;0;0;0;0;0;0;0;0;0;0;0;0;0;1;0;0;0;1;0;0;0;0;0;0;0;0;0;0;0;0;0;0;0;0;0;0
OTU0745;0;0;0;0;0;0;0;0;0;2;0;0;0;0;0;0;0;1.333333333;0;0;0;0;0;0;0;0;0;0;0;0;0;0;0;2.333333333;0;0;0;0;0;0;0;2;0;0;0;0;0;0;0;1;0;0;0;0;0;0
OTU0746;0;0;0;0;0;0;0;0;0;1.333333333;0;0;0;0;0;0;0;0;0;0;0;0;0;0;0;0;0;0;0;0;0;0;0;0;0;0;0;0;0;0;0;0;0;0;0;0;0;0;0;0;0.333333333;0;0;0;1.333333333;0
OTU0747;0.333333333;0;0;0;0;3.333333333;0;0;0;6;0;0;0;1;0;0;0;0;0;0;0;0;0;0;0;0;0;0;0;0;0;0;0;0;0;0;0;0;0;0;0;0;0;0;0;0;0;0;0;0;0;0;0;1;0;0
OTU0748;0;0;0;0;0;0.333333333;0;0.666666667;0;0;0;0;0;0;0;0;0;0;0;0;0;0;0;0;0;0;0;0;0;0;0;0;0;0.333333333;0;0;0;0;0;0;0;0;0;0;0;0;0;0;0;0;0;0;0;0;0;0
OTU0749;0;0;0;0;0;1;0;0;0;6;0;0;0;0;0;0;0;0;0;0;0;0;0;0;0;0;0;0;0;0;0;0;0;0;0;0;0;0;0;0;0;0;0;0;0;0;0;0;0;0;0;0;0;0;0;0
OTU0750;0;0;0;0;0;2;0;1;0;1.333333333;0;1.666666667;0;0.333333333;0;0;0;0.333333333;2.333333333;1;0;0;0.666666667;1.666666667;0;4.333333333;0;0;0;0;0;0;0;10;0;1.333333333;0;0;0.666666667;1.333333333;0;6.333333333;3;0.666666667;0;21;4;1.333333333;0;15.66666667;5.333333333;0.666666667;0;12.33333333;0;0
OTU0751;0;0;0;0;0;7.666666667;0;0;0;0.333333333;0;0;0;0;0;0;0;0;0;0;0;0;0;0;0;0;0;0;0;0;0;0;0;3;0;0;0;0;0;0;0;0;0;0;0;0;0;0;0;0;0;0;0;0;0;0
OTU0752;0;0;0;0;0;0.666666667;0;0;0;0;0;0;0;0;0;0;0;0;0;0;0;0;0;0;0;0;0;0;0;0;0;0;0;0;0;0;0;0;0;0;0;0;0;0;0;0;0;0;0;0;0;0;0;0;0;0
OTU0753;0;0;0;0;0;0;0;0;0;2.666666667;0;0;0;0;0;0;0;0.333333333;0;0;0;0;0;0;0;0;0;0;0;0;0;0;0;0;0;0;0;0;0;0;0;0;0;0;0;0;0.666666667;0;0;0;0;0;0;0;0;0
OTU0754;0;0;0;0;0;0;0;0;0;0.333333333;0;0;0;0;0;0;0;1.333333333;0;0;0;0;0;0;0;0;0;0;0;0;0;0;0;0;0;0;0;0;0;0;0;0;0;0;0;0;0;0;0;0;0;0;0;0;0;0
OTU0755;0;0;0;0;0;1.666666667;0;0;0;0.666666667;0.666666667;0;0;0;0;0;0;0;0;0;0;0;0;0;0;0;0;0;0;0;0;0;0;2;0;0;0;0;0;0;0;0;0;0;0;0;0;0;0;0;0;0;0;0;0;0
OTU0756;0;0;0;0;0;0;0;0;0;0;0;0;0;0;0;0;0;0;0;0;0;0;0;0;0;0;0;0;0;0;0;0;0;0;0;0;0;0;0;0;0;0;0;0;0;0;0;0;0;0;0.333333333;0;0;0;0;0
OTU0757;1.333333333;4.333333333;0.333333333;3;5.999999999;0;7.666666667;0;0;0.666666667;4.333333333;1;1;1;1.333333334;0.666666666;1.999999999;1.333333333;3;0.666666667;5.999999999;7.333333333;1.666666666;2;6.666666667;0;4.666666667;1.333333333;3.333333333;2.5;4.666666667;5.666666666;0;0;0;6.333333334;0;4.666666667;0.333333333;0;1;0.333333333;2.333333333;0.333333333;3.666666666;0;1;1.666666667;0;0;3;0.666666667;0;3.000000001;0;0
OTU0758;0;0;0;0;0;0;0;0;0;0;0;0;0;0;0;0;0;0;0;0;0;0;0;0;0;0;0;0;0;0;0;0;0;0;0;0;0;0;0;0;0;0;0;0;0;0;0;0;0;0;0;0;0.333333333;0;0;0
OTU0759;0;0;2.333333333;0;0;0;1.666666667;0.666666667;1;0;0;0;0;0;0;0;0;0;0;0;0;0;0;0;0;0;0;0;0.333333333;0;1.666666667;6;0;0;3.666666667;0;0;2;0;0;0;0;0;0;0;0;0;0;0;0;0;0;0;0;0;0
OTU0760;0;0;0;0;0;0;0;0;0;0;0;0.333333333;0;0;0;0;3.333333333;0;0;0.333333333;0;0;0;0;0;0.333333333;0;0.666666667;0;0;0;0;0;0;0;0;0;0;0;0;0;0;0;0;0;1.666666667;3.666666667;0;0;0;0.666666667;0;0;0.333333333;0;0.333333333
OTU0761;0;0;0;0;0;7.666666667;0;0;0;0;0;0;0;7;0.666666667;0.666666667;0;10.33333333;0;0;0.333333333;12.33333333;0;0;0;0;0;0;0;0;0;0;0;0;0;0.333333333;0.333333333;0;0;0;3.333333333;1.333333333;8;0;0;0;0;0;0;6;0;2.333333333;1.666666667;0;3;0
OTU0762;0;0;0;0;0.666666667;0;0;0;0;0;0;0;0;3.333333333;0;0;0;1.666666667;0.333333333;1;0;5.666666667;0;0;0;1;0;0;0;0;0;0;0;0;0;0.333333333;1;0;0;4.666666667;0;0;24;1.666666667;0.333333333;0;5.666666667;0;0;0;5.666666667;0;0;0.333333333;1;0
OTU0763;15.33333333;2.666666667;7;0;38.66666667;0;4;0.666666667;0;0;6.666666667;6.666666667;2.333333333;8;7;7.666666667;19.66666667;4;16.33333333;10.33333333;19.66666667;20.66666667;38;9.333333333;6.333333334;15.66666667;24.33333333;3;14.66666666;0;9;0.333333333;2.666666667;0;5;40;15;0;6.666666666;8.333333333;38.33333333;3;55.66666666;1;95.33333333;9.666666667;52.66666666;25.66666667;12.33333333;14.66666667;64.33333333;45.66666667;40;53.66666667;18.33333333;55.33333333
OTU0764;1.666666667;0;0;0;2;16;1.333333333;0;0.666666667;3;1;0;0.666666667;56;5.666666667;10.33333333;2.333333333;35.33333333;19;19;3.666666666;35.66666666;6.333333333;13;0.666666667;27;9.666666667;4;1;0;0;0;0;5.333333334;9;13.33333333;6.333333333;0;4.333333334;14;24.66666667;36;90.66666667;19.66666667;20.66666666;79.66666666;27.66666667;43;8;65;57;58.33333333;20;22;17.66666667;37.66666667
OTU0765;0;0;0;0;0;0;0;0;0;0;0;0;0;0;0;0.333333333;0;0;0;0;0;0;0;0.333333333;0;0;0;0;5;0;0;0;0.666666667;0;0;0.666666667;0;0;0;0;0.333333333;0;0;0;0;0;0;0;2.666666667;0;0.666666667;0;0;0.666666667;0;0.666666667
OTU0766;0;0;0;0;0;0;0;0;0;0;0.333333333;0;0;0;0;0;0;0.666666667;1.333333333;1.666666667;0;0;0;0;0;0;0;0;0;0;0;0;0;1;0;0;0;0;0;0;0;1.666666667;0;0;0;0;0;0;0;0;0;0;0;0;0;0
OTU0767;0.333333333;0;0;0;0;0;1;0.333333333;0;0;2;0;0.333333333;0;0;0;0;0;0;0;0.333333333;0.333333333;0;0.333333333;1;0;0.666666667;0;1;0;0;0.666666667;0;0;0.666666667;2.333333333;0;0;0;0;2.333333333;0;1.333333333;1.333333333;0;2.666666667;0.333333333;0.333333333;0;0;0;1.666666667;0;0;0.333333333;0
OTU0768;0;0;1;0;0;0;0;1;0;0;0;0;0;0;0;0;0;0;0;0;0;0;0;0;0;0;0;0;0;0;0;0;0;0;0;0;0;0;0;0;0;0;0;0;0;0;0;0;0;0.333333333;0;2;0;0;0;0
OTU0769;0;0;0;0;0;17;0;0;0;0;0;0;0;0;0;0;0;0;0;0;0;0;0;0;0;0;0;0;0;0;0;0;0;0;0;0;0;0;0;0;0;0;0;0;0;0;0;0;0;0;0;0;0;0;0;0
OTU0770;0.333333333;1.333333333;0;0;2;4.333333333;0.333333333;0;0;0;3.333333333;0.333333333;1.333333333;14;1.666666667;6;2;13.33333333;5;4;1.333333333;14;4;1.666666667;10;19.66666667;1;4.333333334;0;0;0.666666666;0;0;13;0;1;0;0.666666667;1.666666667;0;4;7;18;9.333333333;1.333333334;3;4.666666667;4.333333333;3.666666666;9;6.666666667;4.333333333;9;12.66666667;10.33333333;38.33333333
OTU0771;0;0;0;0;0;0;0;0;0;0;0;0;0;0.333333333;0;0;0;0;0;0;0;1.666666667;0;0;0;5.333333333;0;0;0;0;0;0;0;0;0;0;0;0;0;0;0;0.333333333;0;0;0;0;0;0;0;15;0;0;0;0;0;1.333333333
OTU0772;15.66666666;0.666666667;3;5.333333333;26.66666666;40.66666666;14.66666667;1.333333334;4.333333334;5.666666667;15.66666666;18;12;59;17;33.33333333;22.33333333;45.33333333;26;18.66666667;23;31;1.666666667;33;52;74;17.33333333;12.66666667;1.666666667;0.5;23;0.333333333;6;26.66666667;24.66666667;17.66666667;6.333333333;4.333333333;13.33333333;21.33333334;45.33333333;48.33333333;79.66666666;14;47.33333333;94;40.33333333;47;9.333333333;136.6666666;29;48;10;56.66666667;34.66666667;32
OTU0773;0;0;0;0;0.666666667;0;0;0;0;0;0;0;0;3;0;0;0;0;0;0;0;1.333333333;0;0;0;0;0;0;0;0;0;0;0;0.666666667;0;0;0;0;0;0;0;0.333333333;0.333333333;0;0;0.333333333;0;0;0;3;0;0;0;0;0;0
OTU0774;0;0;0;0;0;7;0;0;0;0;0;0.666666667;0;2;0;0;0;0;0;0;0;0;0;0;0;0;0;0;0;0;0;0;0;4.666666667;0;0;0;0;0;0;0;0;0;0;0;0;0;0;0;0;0;0;0;0;0;0
OTU0775;22.33333333;0;1;0;10;17.66666666;0;0.333333333;0;0.666666667;3;14.33333333;0.666666667;2.666666666;4;1.666666666;18.66666667;0.666666667;10;40.33333333;2;6.333333334;4.666666667;30;4.333333333;18.66666667;6.666666666;7.666666667;1.333333333;0;0;0.333333333;0;11;13;1.333333333;7.666666667;0;0;2.666666666;0.666666667;5.333333333;7.333333334;0;7.333333334;12;4;4.666666666;1;40;14.66666667;11.33333333;5.666666667;36;0.333333333;15
OTU0776;0;0;0;0;0;0;0;0;0;0;0;0;0;8;0;0;0;0;0;0;0;0;1;0;0;3;0;0;0;0;0;0;0;0;0;0;0;0;0;0;0;4;3.666666667;0;0;12;0;6.666666667;0;20;0;0;0;0;0;1
OTU0777;0;0;0;0;0;6;0;0;0;0.666666667;0;0;0;0;0;0;0;0;0;0;0;0;0;0;0;0;0;0;0;0;0;0;0;0;0;0;0;0;0;0;0;0;0;0;0;0;0;0;0;0;0;0;0;0;0;0
OTU0778;0;0;0;0;0.333333333;1;0;0;0;6;0;0;0;0;0;0;0;0;0;0;0;0;0;0;0;0;0;0;0;0;0;0;0;0;0;0;0;0;0;0;0;0;0;0;0;0;0;0;0;0;0;0;0;0;0;0
OTU0779;0;0;0;0;0;6;0;0;0;0;0;0;0;0;0;0;0;0;0;0;0;0;0;0;0;0;0;0;0;0;0;0;0;0.666666667;0;0;0;0;0;0;0;0;0;0;0;0;0;0;0;0;0;0;0;0;0;0
OTU0780;0;0;0;0.333333333;0;0.666666667;0;0;0;0;0;0;0;0;0;0;0;0;0;0;0;0;0;0;0;0;0;0;0;0;0;0;0;0;0;0;0;0;0;0;0;0;0;0;0;0;0;0;0;0;0;0;0;0;0;0
OTU0781;0;0;0;0;0;6.000000001;0;0;0;1;0;0;0;2.666666667;0;0;0;1;0;0;0;1;0;0;0;0;0;0;0;0;0;0;0;8;0;0;0;0;0;0;0;0;0.333333333;0;0;0;0;0;0;1;0;0;0;0;0;2
OTU0782;0;0.333333333;0;0;0;6;0;0;0;0;0;0;0.333333333;5.666666667;0;0;0;1.666666667;0;0;0;0;0;0.666666667;0;0;0;0;0;0;0;0;0;13.66666667;0.666666667;0;0;0;0;0;0;2;1;0;0;0;0;0;0;0;0;0;0;0;0;0
OTU0783;0;0;0;0;0;20.66666667;0;0.666666667;0;6.333333333;0;0;0.333333333;10.33333333;0.666666667;0;0;0;0;0;0;2.333333333;0;0;0;0;0;0;0;0;0;0;0;6.666666667;0;0;0;0;0;0;0;0.333333333;0;0;0;0;0;0;0;0;0;0;0;0;0;2.333333333
OTU0784;0;0;0;0;0;0;0;0;0;2.666666667;0;0;0;1.333333333;0;0;0;0;0;0;0;0;0;0;0;0;0;0;0;0;0.333333333;1;0.666666667;232.6666667;0;0;0.333333333;0;0.666666667;0;0;43.66666667;0;0;1;12;0;1;0;33.66666667;0;0;0;0;0;0
OTU0785;0;1;0;0;0;22;0.333333333;0.333333333;0;0;0;0;0;36.66666667;6.333333333;0;0;4.333333333;0;0;2.333333333;1.333333333;0;2;0;0;0.333333333;0;0;0;0;0;0;0;1.666666667;0.666666667;0;0.333333333;0;6;0;0;11.66666667;0;0;0;5.333333333;0;0;0;0;0;0;0;1;0
OTU0786;0;0;1.666666667;0;0;56.33333333;0;0;0;5.333333334;0;0.666666667;0;27.33333334;0.333333333;0;1;1.333333333;0.666666667;0;0;0;0;0;0;0;0;0;0;0;0;2.333333333;0;27.33333334;2.333333333;0;0;5.333333333;0;0;0;3.333333333;5.666666667;0;0;2.666666667;0;1.666666667;0;0;0;0;0;0;0;0.666666667
OTU0787;0;0;0;0.666666667;1.666666667;34;0;0;0;33.33333333;0;0;0;1.333333333;0;0;0;0;0;0;0;0;0;0;0;0;0;0;0;0;0;0.666666667;0;7.666666666;0;0;0;0;0;0;0;0.333333333;0;0;0;0;0;0;0;0;0;0;0;0;0;0
OTU0788;2.666666667;0;0;0;2.333333333;12.33333333;0;0;0;0;0.333333333;23;1.666666667;31.33333334;0.666666667;0.333333333;0.666666667;0.666666667;3.666666667;10;0;19;0;9;0;0;0;0.333333333;0.666666667;0;0;0;0;6;2.666666667;0;10.33333333;0;0;0;0;3;16.33333333;1.333333333;6;39.66666667;25.33333333;4.666666667;0;56.66666667;2.333333333;3;6;5;1;22.33333333
OTU0789;0;0;0;0;0;0;0;0;0;1.333333333;0;0;0;0.666666667;1.333333333;0;0;0;0;0;0;0;0;0;0;0;0;0;0;0;0;0;0;0;0;0;0;0;0;0;0;0;1;0;0.666666667;0;3.333333333;0;0;0;0;0;0;0;0;0
OTU0790;0;0;0;0;0.333333333;0;0;0;0;0;0;0;0;0;1.666666667;0;0;0;0;0;0;0;0;0;0;0;0;0;0;0;0.333333333;0;0;0;0;0.666666667;0;0;0;0;0;0;0;0;0.666666667;0;0;0;0;0;0;0;0;0;0;0
OTU0791;0;0;0;0;0;0;0;0;0;0;0;0;0;0;0;0;0;0;0;0;0;0;0;0;0;0.666666667;0;0;0;0;0;0;0;0;0;0;0;0;0;0;0;0;0;0;0;0.666666667;0;0;0;0;0;0;0;0;0;0
OTU0792;0;0;0;0;0;0;0;0;0;0;0;0;0;0;0;0;0;0;0;0;0;0;0;0;0;0;0;0;0;0;0;0;0;0;0;0;0.333333333;0;0;0;0;0;0;0;0;0;0.666666667;0;0;0;0;0;0;0;0;0
OTU0793;0;0;0;0;0;18.66666667;0;0;0;0;0;0;0;0;0;0;0;0;0;0;0;0;0;0;0;0;0;0;0;0;0;0;0;1.666666667;0;0;0;0;0;0;0;0;0;0;0;0;0;0;0;0;0;0;0;0;0;0
OTU0794;0;0;0;0;14.66666667;0;0;1;0;0.666666667;0;0.333333333;0;1.666666667;4;0;0;2;0;0;22;0.333333333;0;0;0;5.333333333;0.666666667;0;18;0;1.666666667;0;0;1;5.333333333;0.666666667;0;0;0.333333333;5.666666667;0.333333333;3.333333333;3.666666667;2;61;4;12;4.333333333;0.333333333;0.333333333;0;0;1.333333333;4.666666667;0;1
OTU0795;0;15.66666667;2.666666667;0;11.33333333;1;0;0;0;0;0;4;0;1.333333333;6;0.666666667;9;0;3.666666667;9;13;2.333333333;7.333333333;3.333333333;5.333333333;2.333333333;18.33333333;4;6;257;57;1;26.33333333;6;0;1;9;0;0;0;0;0;2.333333333;3.666666667;3.666666667;0;1.333333333;2.333333333;3.333333333;0;7.333333333;0.666666667;10;1.333333333;2;5
OTU0796;0;20;3;6.666666666;0;0;7;4.333333334;2.333333333;1;0.333333333;0.666666667;1.333333333;0;0.333333333;0;4;1.666666667;0;0;1.666666667;0;4.333333333;0;2;0.333333333;0;0.666666666;8.666666666;31.5;10.33333333;9;7.333333334;0;0;2.666666667;0.333333333;3.333333333;3.333333333;1.666666667;2.333333333;0;0.333333333;0.333333333;0;0;0;0;1.666666667;0;1.333333333;0;1.666666667;1;1.666666667;0
OTU0797;0;15.66666667;3.333333333;2.333333333;0.666666667;0;7.333333334;2;0;1.666666667;1.333333333;2;1;0.666666667;1;2.333333333;2.666666667;3;0;0;1;0.666666667;0;0.333333333;3;0.666666667;3;0.333333333;1.333333333;14;2;1.666666667;3.333333333;1;0;1;0;3.333333333;3;1.333333333;1.666666666;0;0;1;0.333333333;0;0;0;2;0;0;0;2.333333333;2.666666667;0.333333333;0
OTU0798;0;6.333333333;0;0;2.333333333;2.666666666;0;1.333333333;0;6.666666667;0;3.666666666;2.333333333;11;3.666666666;0.666666666;0.666666667;4;4.666666667;3.333333333;0.666666667;0.333333333;0;0;0.666666667;26.66666667;0;1;2.666666667;27.5;2;0;0;13.66666667;4.333333334;0.333333333;0;0;1.333333333;0;5;2.333333333;1.333333333;0;1.333333333;5.000000001;0;1.666666667;0;31;10.33333333;11.66666667;2;4.333333334;0;1.333333333
OTU0799;1.333333333;6.666666667;0.666666667;0;0.333333333;5.666666667;2.333333333;0;0;4.333333334;0;0;1;3.333333333;1.333333333;0;4.666666667;2;2.333333333;7.666666667;4;2.666666667;4.333333334;1.666666667;0;9;4;2;0.666666667;8;11.66666667;0;1.666666667;20;0;8.333333333;4;0;2.333333333;1;1.666666667;1.333333333;1.333333334;1.666666667;1.333333333;25.66666667;0;3;3.333333333;50.33333333;1.333333333;12.33333333;1.333333333;20;4.333333333;4.666666667
OTU0800;0;2;0;0;0;4;0;0;0;16;0;0;0;1.333333333;0;0;0;0;0;0;0;0;0;0;0;0.333333333;0;0;0;0;0;0;0;0;0;0;0;0;0;0;0;1.333333333;0;0;0;0;0;0;0;0;0;0;0;0;0.333333333;0
OTU0801;4.666666666;70.99999999;28.66666666;24;20.33333333;14.66666667;24.66666667;31;19;28.66666667;12.33333333;33.33333334;11;6.333333334;17.33333333;6.666666667;17;16.66666667;22.33333333;12.66666667;5;6.333333334;12.66666667;16;17.33333334;7;12.66666667;8;5;91.5;27;21.33333333;28.33333333;25.33333333;11;15.66666667;1.666666667;11.66666667;14;14.66666667;23.66666667;21;13.66666667;1.666666667;13.33333333;21;6.333333334;15;15;31.66666667;9.333333333;14.66666667;11.66666667;2.666666667;18;9.333333333
OTU0802;0;0;0;0;0;1;0.333333333;0;0;1.666666667;1;0;0.333333333;2.333333333;0;0;0;1.666666667;0;0;0;0.666666667;0;0;0;0;0;0;0;0;0;0;0;0;0;0;0;0;0;0;0;0;0;0;0;0;0;0;0;0;0;2.666666667;0;0;0;0
OTU0803;12.33333333;26;3;28.66666666;19.33333333;8.333333333;26;18;8.666666667;10.66666667;19;3.666666667;45;7.666666666;15.66666667;29.66666667;15.33333333;10.33333333;5;15;11;12;5.333333334;1.333333333;3.333333334;9.333333333;1;12.66666667;3.666666666;3.5;3.666666667;0.666666667;11.66666667;10.66666667;3.666666667;8.666666667;8;6.666666666;21.33333333;12.33333333;19.33333333;4.333333334;5.333333333;8.333333333;24.33333334;6;4;15.33333333;38.00000001;6;5.666666667;12.33333333;2.333333333;10.66666667;21.66666666;9.333333333
OTU0804;0;0;2;3;4.666666667;0;3.333333333;0;2.666666667;0;0;1.333333333;6;0;0.333333333;3.666666666;4;0;0;1.333333333;5.333333334;0;7;7.333333334;3;5.666666667;4.666666667;2.333333333;7.333333333;0;0;0;9;0;0;0.333333333;0.666666667;0;3.666666667;1;0;0;0;0;0;0;0;0.333333333;2;0;0;0;0;3.333333333;0;0
OTU0805;1.333333333;0;0;0;0;18.66666667;0;0;0;0;0.333333333;0;0;0;0;0;0;0;0;0;0;0;0;0;0;0;0;0;0;0;0;0;0;0;0;0;0;0;0;0;0;0.666666667;0;0;0;0;0;0;0;4;0;0;0;0;0;0
OTU0806;9.333333333;56.33333333;25.33333333;18.66666667;13;1.333333333;7.666666667;11;4.666666667;6.333333333;7;12.33333333;4.666666666;3.333333333;12.66666667;17;17.33333333;6;2.333333333;2.333333333;11;3;12.66666667;7;10;6.666666667;11.33333333;14.33333333;9;65.5;20;0.666666667;31;5.666666667;6.666666667;10.66666667;3.333333333;0;10;4.666666666;12.66666667;1;1.333333333;0.666666667;9.666666667;1.666666667;2.333333333;2;20.66666667;0;2.666666667;1.666666667;14.33333333;5;10.33333333;9.333333333
OTU0807;2.666666667;0.666666667;0;0;1.666666667;0;0;0;0;0.333333333;0;0;0;4.666666666;1.333333333;0;0;1;0;1.333333333;2;1.333333334;1.333333333;1.666666667;0;0;0.666666667;1;2;0;0;0;0;4.666666667;1;2.333333333;2;0;0;0.666666667;0.666666667;1.333333333;1.333333333;2;3.666666667;4.333333333;1.666666667;1.333333333;2;8;1.666666667;2;3;1;0;0.666666667
OTU0808;0;0;0;0;0;7;0;0;0;0;0;0;0;0.333333333;0;0;0;0;0;0;0;0;0;0;0;0;0;0;0;0;0;0;0;2.666666667;0;0;0;0;0;0;0;1.666666667;0;0;0;0;0;0;0;0;0;0;0;0;0;0
OTU0809;14.33333333;11;0;5.000000001;6.333333333;21;3.333333334;2.666666667;1.333333333;13;2;1;4.666666666;19;5.333333333;4;2.666666667;4.333333333;9;15;5.666666667;13;12.33333333;10;3.333333333;35;19.66666667;6.666666666;2.666666666;1;0.333333333;0;1.666666666;9.333333333;3.333333333;20.66666666;5.666666667;0.666666667;3.333333333;9.666666667;2.333333333;8.333333333;8.666666666;5;6;4.666666667;1;11;3.333333333;76.66666667;23.66666666;11.66666667;9;13.33333333;6;10.66666667
OTU0810;0;0;0;0;0;5.666666667;0;0;0;0;0;0;0;0;0;0;0;0;0;0;0;0;0;0;0;0;0;0;0;0;0;0;0;7.333333333;0;0;0;0;0;0;0;0;0;0;0;0;0;0;0;0;0;0;0;0;0;0
OTU0811;0;2.333333333;0;0;0;5.666666667;0;0;0;2;2.666666667;0;0;3;0;0;0;2;0;0;0;0;0;0;0;0;0;0;0;0;0;0;0;0;0;0;0;0;0;0;0;0;0;0;0;0;0;0;0;0;0;0.333333333;0;0;0;0
OTU0812;0;0;0;0;0;1.666666667;0;0;0;11.66666667;0;0;0;0;0;0;0;0;0;0;0;0;0;0;0;0;0;0;0;0;0;0;0;8;0;0;0;0;0;0;0;0;0;0;0;0;0;0;0;0;0;0;0;0;0;0
OTU0813;20.33333333;71.33333333;34.33333334;27.33333333;56;21.66666667;60;147;27.33333333;40.33333334;45.33333333;37;59;76.33333333;68;28.33333333;28.33333334;35.33333334;29.33333334;28;48.33333333;55;36.33333333;39.66666667;41.33333334;113.3333333;45.33333334;62.33333333;48.66666667;164.5;106.3333333;153.3333333;129.6666667;44;94.33333333;60;25.33333334;48.66666667;84.66666667;102.6666667;72;98.66666667;56.33333333;71.33333333;26;22;48.66666667;47.33333333;63.33333333;41;25;50.33333333;36.66666666;55.66666667;28;40.66666667
OTU0814;0;0;0;0;0;23.33333333;0;0.333333333;0;1.666666667;0;0;0;10.66666667;0;0;0;0.666666667;0;0;0;1;0;0;0;0;0;0;0;0;0;0;0;8;0;0;0;0;0;0;0;11;2;0;0;0;0;0;0;7.333333333;0;0;0;0;0;1.666666667
OTU0815;28.66666667;12.33333333;21.33333333;18.33333334;22;0;32.66666667;28.33333333;22.33333334;10;26.33333334;27.33333333;28;12.66666667;21;17.33333333;14.33333333;12.66666667;38;18.33333333;31;9.999999999;24;34;28.33333333;40;22.66666667;8.333333333;44.66666667;23.5;6.666666667;33;40.66666667;19.66666666;23.33333333;21.33333334;28;9.333333334;48.00000001;26.66666667;46.66666666;7.000000001;5.333333334;7;34;3.333333333;12.33333333;11;25.66666667;22.66666666;25;1.333333334;5.333333334;26.33333333;7.666666667;16.33333333
OTU0816;0;3.333333333;0;0;0;24;0;0;0;45;0;0.333333333;0;2.333333333;0;0;0;1;0;0;0;2;0;0;0;0;0;0;0;0;0;0;1;14;0;0;0;0;0;1.666666667;0;0;0;0.666666667;0;0;2;0;0;0;0;0;0;0;4;0
OTU0817;0;0;0;0;0;2.666666667;0;0;0;0;0;0;0;11;0;0;0;0;3.666666667;0;0;1.666666667;0.666666667;0;0;2.666666667;0;1;0;0;0;0;0;3.666666667;0;0;0;0;0;0;0;0.333333333;0;0;0;0;0;0;0;0;0;0;0;0;0;0
OTU0818;0;0;0;0;0;0;0;0;0;0;0;0;0;0;0;0;0.333333333;0;0;1;0;0;0;2;0;0;0.333333333;0;0;0;0;0.666666667;0.333333333;1.666666667;0.666666667;0;0;0;0.333333333;0;0;0;0;0;0;0;1.666666667;0;0;0;0;0;0;1;0;0
OTU0819;2.666666667;1.333333333;0.666666667;0;3;0;2.333333334;0.333333333;2;0;2.666666667;0;3;7.666666666;1.666666666;3;3.333333333;1.333333333;1;7.999999999;3.333333333;0;0.666666667;1;3;0;5.666666667;1.333333333;3.666666667;0;1;3;2;2.666666667;1;5.666666667;5.666666667;0;5.333333333;4.666666667;6;0;4.333333334;5.333333333;13.66666667;1;0;9;0.333333333;0;0.666666667;0;0.666666667;0;12;1.333333333
OTU0820;0;0.333333333;0;0;0;0;0;0;0;0;0.333333333;1.333333333;1;0;0;0;0;0;0;0;0;0;0;1;4.666666666;0;0;0;0;0;1.333333333;0;0;0;0;0.666666667;0;1.666666667;0;0;0;1.333333333;0.666666667;0.333333333;0;0;0;0;1.666666667;0;0.333333333;0;0;1.333333333;1.666666667;0
OTU0821;0;0;0;0;0;12.66666667;0;0;0;4;0;1.666666667;0;7;0;0;0;0.333333333;0;0;0;1;0;0;0;0;0;0;0;0;0;0;0;4.333333333;0;0;0;0;0;1.666666667;0;5;0.666666666;0.666666667;0;0;0;3.333333333;0;8.666666667;0;0;0;0;1.666666667;0
OTU0822;0;1.333333333;0;0;0;0;0;0;0;0;0;0;0;1.666666667;0;0;0;0;0;0;0;0;0;0;0;0;0;0;0;0;0;0;0;0;0;0;0;0;1.666666667;0;0;0;0;2;0;0;0;0;0;0;0;0;0;0;0;0.666666667
OTU0823;0;0;0;0;0;0;0;0;0;0;1;0;0;0;0;0;0;0;0;0;8.333333333;0.333333333;0;0;0;0;0;0;0;0;0;1;0;0;0;2;0;0;0;0;0;0;0;3.333333333;0;0;0;0;0;0;0;0;0;0;5;0
OTU0824;26.33333333;13.66666667;9;2;66.33333333;28.33333333;29.66666667;1.333333333;4.666666667;7.333333333;80.33333333;8;7.666666667;81.66666667;17.66666667;32.66666667;26.66666666;25.33333334;27.33333333;20.33333333;19.33333333;43.66666666;41.33333334;7.333333333;120.6666667;6;7.333333333;22.33333333;5;0;1;3;1;15.33333333;4.333333334;20.33333334;5;6.333333333;12.66666667;22.33333333;9.333333333;15;13;6;29;11;2;17.33333334;20.66666667;6;5.333333333;1;42.66666666;26;40.66666667;15
OTU0825;13;31.33333333;0;7.333333333;31.66666667;37.33333333;14.33333333;16;13;31.66666667;10.66666667;17.66666667;24.66666667;17.33333333;13;17.66666667;16;14.33333333;7;10.66666667;9.666666667;16.33333333;14.33333333;24;10.66666667;83.33333333;11;8.666666667;10.33333333;24;2.333333333;0;12.66666667;14;2;6.666666667;5;2.333333333;9.666666667;6.666666667;14;14.66666667;8;12;5;39.66666667;15.66666667;20.33333333;15.33333333;64;46.66666667;26.33333333;10.66666667;68.33333333;14;20.33333333
OTU0826;43.66666666;12.33333333;7;0;25.66666667;53.33333333;8.333333333;17.66666667;7.666666667;22.66666667;25;8;19;80.99999999;29;20.33333333;46;42.33333334;44.99999999;63;107.6666667;61;156;59.66666667;66.66666667;216.3333333;111.6666667;76.66666667;16;23.5;14.33333333;2;20;44;11.66666667;34.66666666;20.33333333;1.333333333;24.33333333;14;21.66666667;66.33333333;43.66666666;49;63;159;49.33333334;73.33333333;80.33333334;102.3333333;117;23.66666667;89.33333333;195;40.33333334;37.66666666
OTU0827;0;0.666666667;0;0;0;0;0;0;0;0;0;0;0;0;0;0.333333333;0;0;0;0;0;0;0;0;0;0;0;0;0;0;1.333333333;0;0;0;0;0;0;0;0;0;0.666666667;0;0;0;0;0;0;0;0;0;0;0;0;0;0;0
OTU0828;0;0;0;0;0;4.333333333;0;0;0;1.333333333;0;0;0;3;0;0;0;0;0;0;0;0;0;0;0;0;0;0;0;0;0;0;0;0;0;0;0;0;0;0;0;1.666666667;0;0;0;0;0;0;0;0;0;0;0;0;0;0
OTU0829;89.66666666;199.3333333;43.66666667;29.66666667;106.6666667;333.3333333;113.3333333;78.66666666;31.33333333;473;127.6666667;80.66666667;128.3333333;452.3333333;119.3333333;69.66666667;90;191;169;216.6666667;181;374;200.6666667;171.3333333;134.3333333;300;139.3333333;156.6666667;53.33333333;69;53.33333333;20.66666667;47.33333334;373.6666666;72.66666667;143;68;25.33333333;160;134.3333333;170;272;243;91.66666667;155;232;97.33333333;200.6666667;162;320.6666667;238.6666667;348.6666667;169.3333333;316.6666667;117.6666667;209.3333333
OTU0830;38.33333333;33.66666667;8.666666667;7;27.33333333;118.6666667;18;16;12;74.33333333;43;9.666666667;47;116.6666667;22.66666667;51.66666667;12.33333333;71.33333333;75.66666667;80.33333333;80.33333333;164.6666667;61.66666667;40.66666667;91.33333333;11;61;118.6666667;11;2.5;2;4.666666667;1;116.6666667;5.333333333;46.33333333;10;2;22;53.66666667;44.66666667;226;95.66666667;28.66666667;44.66666667;19.66666667;30.33333333;34;52.66666667;134;14;223.6666667;86.66666667;131;125;28
OTU0831;0;0;0;0;0;19;0;0;0;0;0;0;0;34.66666667;0;0;0;0;0;0;0;24.33333333;0;0;0;0;0;0;0;0;0;0.666666667;0.333333333;2.666666667;0;0;0;0;0;0;4;1.333333333;0;0;0;0;0;0;0;0;0;0;0;0;0;0
OTU0832;0;0;0;0;0;9.666666667;0;0;0;0.333333333;0;0;0;0;0;0;0;0;0;0;0;0;0;0;0;0;0;0;0;0;0;0;0;0;0;0;0;0;0;0;0;0;0;0;0;0;0;0;0;0;0;0;0;0;0;0
OTU0833;0;0;0;0;0;128;0;1;0;18.66666667;0;0;0;9;0;0;0;0;0;0;0;0;0;0;0;0;0;0;0;0;0;0;0;118.6666667;0;0;0;0.333333333;0;0;0;10.66666667;0;0;0;0;0;0;0;2.666666667;0;0;0;0;0;0
OTU0834;2.666666667;0;0;0;0;2;0;0;0;0;0;0;0;16.66666667;0;0;0;0;0;0;0;6.666666667;0;0.666666667;0;0;0;0;0;0;0;0;0;3;0;0;0;0;0;0;0;0;0;0;0;0;0;1.666666667;0;0;0;0;0;0;0;0
OTU0835;0;0;0;0;0;16.33333333;0;0;0;15.66666667;0;0;0;0;0;0;0;0;0;0;0;0;0;0;0;0;0;0;0;0;0;0;0;0;0;0;0;0;0;0;0;0;0;0;0;0;0;0;0;0;0;0;0;0;0;0
OTU0836;5.333333333;22.33333333;10.33333333;0;14.33333333;3;5.666666667;10.33333333;7.333333333;12.66666667;5.666666667;6.666666667;13.33333333;14.33333333;12;6.333333333;13.66666667;10;23;11;14;9;15.66666667;20;12;19;25.66666667;38.66666667;11.66666667;21.5;22.33333333;7.333333333;6.333333333;15.33333334;12.33333333;26.33333333;14.66666667;1.666666667;16.33333333;12.66666667;12;9.333333333;17.33333334;12.33333333;16.33333333;16;7;12;11.33333333;24;19.66666666;34.33333333;14;7.666666667;14;17.33333333
OTU0837;35.66666667;0.666666667;0.333333333;0;0;203.6666667;0;2.666666667;0;1.333333333;2;7.333333333;0;61.66666667;6;7;0;6.333333333;1;10.66666667;0;23.33333333;6.333333333;2;0;29;1.666666667;0;0;0;0;0.333333333;0;3;0;1;0;0;0;0;0;15.66666667;18.33333333;0;4.666666667;18;7.333333333;3.666666667;0;24;8.333333333;3.666666667;0;12;0;3.333333333
OTU0838;0;28.33333333;0;0;0;5.666666667;0;0;0;28.66666667;0;0;2.333333333;12.66666667;0.666666667;1;0;14;0;0;0;5.333333334;0;0;0;0;0;0;0;0;0;0;0;3.333333333;0;0.666666667;0;0;0;0;2.666666667;6;0;0;0.666666667;0;0;0;0;2;0;2.333333333;0;0;0;0
OTU0839;0;0;0;0;1;1.666666667;0;0;0;8;0;0;0;11;0;0;1.333333333;7;0.666666667;0.333333333;1.666666667;0;0;0.666666667;3.333333333;1.666666667;2;0.666666667;1.666666667;0;0;0;0;9.666666666;3.333333333;2;0.333333333;0;0;2.333333333;0;8;5;1;1;1;2.333333333;4;4;0.333333333;0;1.333333333;2;7.666666667;1.333333333;2.666666666
OTU0840;3.333333333;0;0;0;2.333333333;62.66666667;0;0;0;10;0;1.666666667;7.333333333;4.666666667;0;2.333333333;0;2.666666667;0;13.33333333;0;20.66666667;0;0;0;0;0;2;0;0;0;9.333333333;0;27;0;0;13.33333333;4.666666667;0;0;0;18;20.33333333;0;0;5.666666667;0;5.333333333;1.666666667;13.66666667;0;0;0;0;0;0
OTU0841;3.666666667;32;0;0;0;0;0;0;0;6.666666667;0;0;0;23;11.66666667;3.333333333;0;12.33333333;8;5;3;17;4;7.666666667;3.666666667;3.333333333;0;1.333333333;0;0;0;0;0;4.333333333;0;0.333333333;2.666666667;0;0;0;13.66666667;11;2;0.333333333;4.333333333;0.333333333;0.666666667;2;0;5.333333333;7.333333333;3.333333333;2;0.666666667;0;0
OTU0842;165.6666667;91.33333333;116;125.6666666;175.3333333;8;168.6666667;127;365.3333333;10.33333333;228.3333333;166.6666667;201.3333333;30;120;145.6666667;294;70;116.6666667;73.66666667;134.3333334;48.33333333;133.6666667;81.66666667;274.6666667;68.33333333;152.3333333;116.3333333;244;105;99.66666667;210.6666667;235;19.66666666;105;161.6666667;94.66666667;113;139.6666667;170;151.3333333;30.66666667;50;162.6666667;126;49;93;89.33333333;324;8.333333333;112;97.66666667;109;69;151.6666667;97
OTU0843;254.6666667;512.3333333;436;447.6666666;296;118.6666667;403;265.6666666;538.3333333;146.3333333;479;303.3333333;441.3333333;98.66666667;238.6666667;281.6666667;346;148;203;121.3333333;256.6666667;192.6666667;268;206.3333333;325.3333334;93.99999999;225.3333333;290.6666667;300;594.5;272.6666667;184.6666667;331.6666667;157.6666667;144.3333333;276.3333334;242.3333333;166.6666667;449.3333333;264.3333334;286.6666667;111.3333333;204.3333334;191;228;117;189.3333333;192.3333333;442;82.66666667;187.6666666;162.3333333;210.3333333;125.6666667;221.3333333;125
OTU0844;0;0;0;0;1.333333333;1;0;0;0;15.66666667;0;0;0;6.666666667;4;0;0;5.666666667;4;7;0;12.33333333;0;4.666666667;2.666666667;24;2;0;0;0;0;0.666666667;0;11;1.333333333;0;1;0;0;8.333333333;0;6.333333333;14;8.666666667;0;7.666666667;5.666666667;14.33333333;3.333333333;22.66666667;2;6.666666667;2.333333333;8.666666667;3.333333333;8
OTU0845;389;104.6666667;173.6666667;19;269.6666667;34;167;96.99999999;67.66666667;166.6666667;272.6666667;143.6666667;72.66666666;171.3333333;91.33333334;203.3333334;294;164.3333333;197.3333333;285;203.3333333;168;194.3333333;264;336.6666666;302;424;347;144.3333334;67;66;40.33333333;60.33333333;189.3333333;73;217;124.3333333;17.33333333;121.6666667;173.6666666;83.33333333;176;131.6666667;182.6666667;200.3333334;175.3333333;131.3333333;241;309.6666667;369.3333333;200;619.3333334;274.6666666;265.3333334;217;374.6666667
OTU0846;0.666666667;4.666666667;0;0;3;12.33333333;0;0.333333333;0.333333333;12.66666667;0;0;2.333333333;7.333333334;3;8;0;0;0;0;2.333333333;3.666666667;4.333333333;0;3;0;3;1;2.333333333;0;6.333333334;0;3.333333333;7.666666667;0.333333333;0;0;1.666666667;1;6.666666666;2.666666667;9.666666667;2.333333333;0;0;11;2;3.666666667;0;2.666666667;6.666666667;6;2;0;1.333333333;3.333333333
OTU0847;34;0.666666667;0;0.666666667;153.6666667;7;1;2.666666667;0;0;0;18;74;16.33333333;23.33333333;17.66666667;53.33333333;37.66666667;131;28.66666667;85.33333333;15.66666667;11.66666667;107;143.6666667;75;49.66666667;51.66666667;0;0;0;1.333333333;0;15;14;185.3333333;42;0.333333333;0;98;16.66666667;9.666666667;72;18.66666667;93;20;26.66666667;111.6666667;20;15.33333333;60.33333333;3.666666667;16.66666667;0;91;0
OTU0848;305.6666666;1229.666667;870.3333333;692.3333333;1024.666667;487.6666667;643;936;449.6666666;466.6666667;548;690;991.3333333;654;633.6666667;792.3333333;518.6666667;509.6666667;824.6666666;504;369;657.6666666;433.6666666;597;454;660.3333333;465.3333334;651.3333333;293.3333334;962;1467;543.6666667;1107;490.3333333;800.0000001;910.3333333;616.6666666;376;508;764.6666666;1357.333334;659;641.6666667;449.6666666;1011.333333;267.3333333;619.3333334;567.6666667;778;259.6666667;407.6666667;463.3333333;494.6666667;280.3333334;1334.333333;306.3333334
OTU0849;0;0;0;0;0;2;0;0;0;0;0;0;0;0;0;0;0;0;0;0;0;0;0;0;0;0;0;0;0;0;0;0;0;0;0;0;0;0;0;0;0;0;0;0;0;0;0;0;0;3.333333333;0;0;0;0;0;0
OTU0850;2;0;0;0;0;4.666666667;0;0;0;0;0;0;0;1.666666667;0;0;0;0;0;1;0;0;0;0;0.333333333;0.333333333;0;0;0;0;0;0;0;1.666666667;0;0;1;0;0;0;0;1.333333333;0;0;0;3;0;1.666666667;0;0;0;0;0;0.666666667;0.333333333;0
OTU0851;0;0;0;0;0;22;0;0;0;0;0;0;0;2.333333333;0;0;0;1.333333333;1;1.666666667;0;18;0;0;0;0;0;0;0;0;0;0.333333333;0;13.33333333;0;0;0;0;0.666666667;0;0;32.66666667;0;0;0;0;0;0;0;18.33333333;0;7.333333333;0;0;0;0
OTU0852;0;0;0;0;0;0;0;0;0;0;0;0;0;7.666666667;0;0;0;0;0;0;0;0;0;0;0;0;0;0;0;0;0;0;0;0;0;0;0;0;0;0;0;0;0;0;0;0;0;0;0;0;0;0;0;0;0.666666667;0
OTU0853;0;0;1;0;0;0;2.333333333;0;0;0;0;0;0;42.66666667;0;0;0;0;0.333333333;0;0;1;0;0;0.333333333;0;0;0;0;0;0;0;0;1;0;0;0;0;0;0;0.333333333;0;0.666666667;0;0;0;0;0;0;0;0;0.666666667;0;0;0;0
OTU0854;0;0;0;0;0.333333333;0.666666667;0;0;0;0;0;0;0;2;0;0;0;1.333333333;0;0;0;0;0;0;0;0;0;0;0;0;0;0;0;0;0;0;0;0;0;0;0;0;2;0;0;0;0;0;0;0;0;0;0;0;0;0
OTU0855;8.666666667;48.66666667;2;0;26;18.33333333;13.33333334;8;0;54;6.333333333;18.66666667;8.666666666;18.33333333;4;20.33333334;3.666666666;21.66666667;21.66666666;18.66666667;17;18;3;16.66666666;18.66666667;33.33333333;15;8;2;32;11;4.666666667;8.666666667;16;10;17.33333334;7;4;2.333333333;19.33333333;34.33333333;48.33333333;16.66666666;7.333333333;10.33333333;14.66666667;11;16.66666666;32.33333334;21.66666667;22.33333334;7.333333333;6.333333334;8;14;8.333333333
OTU0856;0;0.333333333;0;0;0;6.333333333;0;0;0.666666667;24.33333334;0;0;7.333333333;5.333333334;0;0;0;3;0;0;0;3;0;0;0;0;0;0;0;0;0;0;0;5.000000001;0;0;10.66666667;0;0;0;0;3.999999999;3;0;0;1;0;0;0;0;0;1;9;5.666666667;0;1
OTU0857;0;0;0;0;0;0;0;0;0;0;0;0;0;1.666666667;0;0;0;1;0;0;0;0;0;0;0;0;0;0;0;0;0;0;0;4.666666667;0;0;0;0;0;0;0;19;0;0;0;0;0;0;0;2;0;0;0;0;0;0
OTU0858;0;0;0;0;0;0;0;0;0;0;0;0;0;3;0;0;0;2.666666667;0.333333333;1.666666667;0;0;0;0;0;0;0;0;0;0;0;0;0;0.333333333;0;0;0;0;0;0;0;2.666666667;0;0;0;0;0;0;0;0;1.333333333;0;0;1;0;0
OTU0859;0;0;0;0;0;7.333333333;0;0;0;0;0;0;0;1.333333333;0;0;0;0;0;0;0;0;0;0;0;3;0;0;0;0;0;0;0;0;0;0;0;0;0;0;0;0;0;0;0;0;0;0;0;0;0;0;0;0;0;13
OTU0860;20.66666667;86;33;25.66666667;16;3.666666666;53.33333333;30.66666667;64.66666667;30;62.66666667;50.66666667;44.66666667;11.33333333;15.66666667;29.33333334;27.33333333;7.333333333;6.666666666;14;14.66666667;12;26;17;30.33333334;18;36.33333333;38.33333333;9.666666667;37;18.66666667;23;20;6.666666666;8.666666667;17.66666667;27.66666667;5.333333333;27.33333334;10.33333333;35.33333333;13.33333333;20.66666667;13.33333334;5;13;9;15.33333333;31;26.33333333;14.33333333;12;23;10.66666667;24.33333334;18.33333334
OTU0861;7.666666667;3;0;0;1;0;0.333333333;3;0;0;0;2.666666667;9;2;1.333333333;1.333333333;4.333333334;8;4;6.333333333;0;15.33333333;2.666666667;6;2;8.333333333;22;3;0;3.5;2.333333333;2.333333333;3.666666667;4;1.333333333;5.333333333;5.666666666;0;1;3.333333333;2;4;5.333333334;5.666666667;0.666666667;6.666666667;6.999999999;13.66666667;2.333333333;4.333333333;9;18;1.666666666;6.333333333;4.666666667;9.666666667
OTU0862;76.00000001;40.66666667;4;10;36.33333333;42.33333333;16.66666667;14;0;64;24.33333333;19.66666667;28.66666666;42.66666667;14;22.33333333;15;65.00000001;23;41.66666667;9;36.33333333;20.66666666;47.33333333;56;40.66666666;46.33333334;31;13;26;10.66666667;17.66666667;15.33333333;36.66666667;35.33333334;30.33333334;16.66666667;27;11.66666667;22.33333334;15;61.66666666;28.33333334;39.66666666;27;39.66666667;43.33333334;24.33333334;38.33333334;61.33333333;20.33333333;51;36.66666666;32.66666667;44.66666667;39.33333333
OTU0863;7.666666666;0;0;0;9.666666667;0.666666667;1.333333333;12;0;0;3.333333333;4.333333334;25;10.33333333;12.33333333;8.666666667;7;3.666666667;11.33333333;3;16.66666667;10.66666667;10;3.333333334;9.666666667;8.333333334;11.33333333;7.666666667;7.666666667;3;3;0.333333333;6.666666667;3;6.666666666;11.33333333;23.66666666;0;7;12;4.666666666;7.666666667;10;1;18.33333334;7.333333334;3.333333333;9.666666666;5.333333333;1.666666667;7;1.666666667;11.66666667;14.33333333;2.666666667;3
OTU0864;0;0;0;0;0;0;0;0;0;0;0;0;0;0;0;0;0;0;0;0;0;0;0;0;0;0;0;0;0;0;0;0;0;0;0;0.333333333;0;0;0;0;0;0;0;0;0;0.666666667;0;0;0;0;0;0;0;0;0;0
OTU0865;0;0;0;0;0;0;0;0;0;0;0;0;0;0;0;0;0;0;0;0;0;0;0;0;0;0;0;0;0;0;0;0;0;0;0;0;0;0;0.666666667;2;0;0;0;0;0;0;0;0;0;0;0;0;0;0;0;0
OTU0866;0;0;0;0;0;0.333333333;0;0;0;0;0;0;0;0.333333333;0;0;0;0;0;0;0;0;0;0;0;0;0;0;0;0;0;0;0;0;3.666666667;0;0;0;0;0;0;0;2.333333333;0;0;1.666666667;6;0.666666667;0;0;0;0;0;0;0;0
OTU0867;0;0;0;0;0;2.666666667;0;0;0;0;0;0;0;0.666666667;1;0;0.666666667;1;1;0;0;0;0.666666667;0;0;0;0;0.666666667;0;0;0;0;0;1.666666666;0.666666667;0.333333333;0;0.333333333;0;0;0.333333333;0;0;0;1.333333333;0;1.333333334;0;0;0;0;0;0.666666667;1.333333333;0;1.333333333
OTU0868;0;0;0;0;0;0;0;0;0;0;0;0;0;0;0;0;0;0;0;0;0;0;0;0;0;0;0;0;0;0;0;0;0;0;0;0;0;0;0;0;0;0;0;0;0;0;0;0;0;0;0;0;0;0;0.333333333;0
OTU0869;0;0;0;0;0;3;0;0;0;0;0;0;0;0;0;0;0;0;0;0;0;0;0;0;0;0;0;0;0;0;0;0;0;0;0;0;0;0;0;0;0;0;0;0;0;0;0;0;0;0;0;0;0;0;0;0
OTU0870;0;0;0;0;0;0.333333333;0;0;0;1.333333333;0.333333333;0;0;0;0;0;0;0;0;0;0;0;0;0;0;0;0;0;0;0;0;0;0;0.333333333;0;0;0;0;0;0;0;0;0;0;0;0;0;0;0;0;0;0;0;0;0;0
OTU0871;0;0;0;0;0;0;0;0;0;0;0;0;0;0.333333333;0;0;0;1.333333333;0;0;0;0;0;0;0;0;0;0;0;0;0;0;0;0;0;0;0;0;0;0;0;1.666666667;1;0;0;0;0;0;0;0;0;0;0;0;0;0
OTU0872;0;0;0;0;0;4.999999999;0;0;0;0;0;0;0;0;0;0;0;0;0;0;0;0;0;0;0;0;0;0;0;0;0;0;0;0.333333333;0;0;0;0;0;0;0;0;0;0;0;0;0;0;0;0;0;0;0;0;0;0
OTU0873;0;0;0;0;0;1.666666667;0;0;0;0.333333333;0;0;0;0;0;0;0;0;0;0;0;0;0;0;0;0;0;0;0;0;0;0;0;0.666666666;0.333333333;0;0;0;0;0;0;0;3.333333333;0;0;2;0.333333333;1.333333333;0;0;0;0;0;0;0;0
OTU0874;0;0;0;0;0;2;0;0;0;0;0;0;0;0;0;0;0;0;0;0;0;0;0;0;0;0;0;0;0;0;0;0;0;3;0;0;0;0;0;0;0;0;0;0;0;0;0;0;0;0;0;0;0;0;0;0
OTU0875;0;0;0;0;0;74.66666667;0;0;0;8;0;0;0;24.66666667;0;0;0;0;0;0;0;0;0;0.666666667;0;2;0;0;0;0;0;11.66666667;0;115.3333333;1.333333333;0;0;9.666666667;2;4;0.333333333;37.33333333;16.33333333;11;0;158.6666667;1;7;0;18.33333333;0;0;0;0;0;0
OTU0876;0;0;0;0;0;0;0;0;0;0;0;0;0;2.666666667;0;0;0;0;0;0;0;0;0;0;0;0;0;0;0;0;0;0;0;2.333333333;0;0;0;0;0;1.333333333;0;0.666666667;1;0;0;0;0;0;0;0;0;0;0;0;0;0
OTU0877;0;0;0;0;0;0;0;0;0;0;0;0.666666667;0;0;1;0;0;0;2.333333333;2;0;0;0;0.666666667;0;0;0.666666667;0;0;0;0;0;0;0;0;0.666666667;0;0;0;0;0;0;0;0;0;0;1;1;0;0;0;0.333333333;0;0;0;0.333333333
OTU0878;0;0;0;0;0;0;0;0;0;0;0;0;0;0;0;0;0;0;0;0;0;0;0;0;0;0;0;0;0;0;0;0;0;11;0;0;0;0;0;0;0;0;0;0;0;0;0;0;0;0;0;0;0;0;0;0
OTU0879;0;0;0;0;0;0;0;0;0;0;0;0;0;4.666666667;0;0;0.333333333;0;0;0;0;5.666666667;1.333333333;0.666666667;0.666666667;1.666666667;1;0;0;0;0;0;0;0;0.666666667;0;0;0;0;0;0;0;1;0;0;5;0;0.666666667;0;4.666666667;4.666666667;0;0;11;1.333333333;0.333333333
OTU0880;0;0;0.666666667;0.333333333;1;0;0;1;0;0;0;6;1;0.333333333;5.333333333;1.666666667;6;2.333333333;2;2.333333334;1.333333333;12.66666667;0.333333333;3.333333333;7;19.66666667;2.333333333;1;0.333333333;0;0;0;0.666666667;0;2;2;1.666666667;0;0;2.333333333;1.666666667;0;1;1.666666666;5;2.333333333;4.333333333;3.666666667;1.333333333;2;3;0.666666667;4.333333334;57;3.666666667;25
OTU0881;2.666666667;0;0;0;0;0;0;0;0;0;0.333333333;3.666666667;0;24.33333333;0;0;0;0;0;12.66666667;0;4.666666667;0;9;5.333333333;24.66666667;7.666666667;1.666666667;0;0.5;0;0;0;8.666666667;3;1;0;0;0;0;0;0.666666667;0.333333333;0.666666667;0.333333333;7.333333333;0;6.666666667;0;46.33333333;0.666666667;22.66666667;0;19.33333333;1;10.66666667
OTU0882;0;0;0;0;0;14;0;1.333333333;0.666666667;0;0;0;0;15.33333333;0;0;0;4.666666667;0.333333333;2;0;0;0;2;0;5.333333333;0;0;0;0;0;0;0;20.66666667;14;2.333333333;0;0;0;0;0;8;1.333333333;0;0;6.666666667;15.66666667;0;0;2.666666667;0;2;0.666666667;30;0;6.666666667
OTU0883;0;0.666666667;0;0;0.666666667;383.3333333;1.333333333;2.666666667;0;194;0;0;0;42;24;0;0;15;0;0;0.333333333;0;0;0.333333333;0;19.33333333;0;0;0;1.5;9.333333334;72.33333333;0;197.3333333;155;9.666666667;1;48.66666667;6;29.33333334;0;58.66666667;35.33333334;28.66666667;0.333333333;79.33333333;89.66666666;9.666666666;0;20;0;0.333333333;0;23.33333333;1;4.333333333
OTU0884;0;0;0;0;0;0;0;0;0;0;0;0;0;20.66666667;0;0;0;0;0;0;0;0;0;0;0;0;0;0;0;0;0;0;0;0;0;0;0;0;0;0;0;0;0;0;0;0;0;0;0;0;0;0;0;0;0;0
OTU0885;0;0;0;0;0;0;0;0;0;2;0;0;0;0;0;0;0;0;0;0;0;0;0;0;0;0;0;0;0;0;0;0;0;0;0;0;0;0;0;0;0;0;0;0;0;0;0;0;0;0;0;0;0;0;0;0
OTU0886;0;0;0;0;0;0;0;0;0;0.666666667;0;0;0;0;0;0;0;0;0;0;0;0;0;0;0;0;0;0;0;0;0;0;0;0.333333333;0;0;0;0;0;0;0;0.666666667;0;0;0;0;0;0;0;0;0;0;0;0;0;0
OTU0887;0;0;0;0;0;0;0;0;0;0;0;0;0;0;0;0;0;0;0;0;0;0;0;0;0;0;0;0;0;0;0;0;0;0;0;0;0;0;0;0;0;0.333333333;0.666666667;0;0;0;0;0;0;0;0;0;0;0;0;0
OTU0888;0;0;0;0;0;0.666666667;0;0;0;0;0;0;0;0;0;0;0;0;0;0;0;0;0;0;0;0;0;0;0;0;0;0;0;0;0;0;0;0;0;0;0;0;0;0;0;0;0;0;0;0;0;0;0;0;0;0
OTU0889;0;0;0;0;0;0;0;0;0;0;0;0;0;1;0;0;0;0;0;0;0;0;0;0;0;0;0;0;0;0;0;0;0;0;0;0;0;0;0;0;0;0;0;0;0;0;0;0;0;0;0;0;0;1;0;0
OTU0890;0;0;0;0;0;0;0;0;0;0;0;0;0;0;0;0;0;0;0;0;0;0.333333333;0;0;0;0;0;0;0;0;0;0;0;0;0;0;0;0;0;0;0;0;0;0.333333333;0;0;0;0;0;0;0;0;0;0;0;0
OTU0891;0;0;0;0;0;0;0;0;0;2;0;0;0;0.666666667;0;0;0;1.666666667;0;0;0;0;0;0;0;0;0;0;0;0;0;0;0;7.666666667;0;0;0;0;0;0;0;2;0;0;0;0;0;0;0;0;0;0;0;0;0;0
OTU0892;0;0;0;0;0;0;0;0;0;1;0;0;0;0.333333333;0.333333333;0.333333333;1;0;0;0;0;0;0;0;0;0;0;0;0;0;0;0;0;0;0;0;0;0;0;0.333333333;0.666666667;2;3.333333333;0;0;0;0;0;0;0;0;0;0;0;0;0
OTU0893;0;0;0;0;0;0.333333333;0;0;0;0;0;0;0;0;0.333333333;0;0;0;0;0;0;0;0;0;0.666666667;0;0;0;0.333333333;0;0.666666667;0;0;0;0;0;0;0;0.333333333;1;0.666666667;0;0;0;0;0;0;0;0;0;0;0;0;0;0;0
OTU0894;0;0;0;0;0;0;0;0;0;0;0;0;0;0;0;0;0;0.666666667;0;0;0;0;0;0;0;0;0;0;0;0;0;0;0;1;0;0;0;0;0;0;0;0;0.666666667;0;0;0;0;0;0;0.333333333;0;0;0;0.333333333;0;0
OTU0895;0;0;0;0;0;0;0;4.333333333;0;0;0;0;0;0;0;0;0;0;0.333333333;0;0;0.666666667;0;0;0;0;0;0;2.333333333;0;0;0;0;0;0;0;0;0;0;0;0;0;0;0;0;0;0.333333333;0;0;0;0;0;0;0;0;0
OTU0896;0;0;0;0;0;0;0;0;0;0;0;0;0;0;0.333333333;0;0;0;0;0;0;0;0;0;0;0.333333333;0.333333333;0;0;0;0;0;0;0;0;0;0;0;0;0.333333333;0;0;0;0;0;0;0;0;0;0;0;0;0;0;0;0
OTU0897;4;0;0.333333333;0;0.666666667;0;1.333333333;0;0;0;0.333333333;0;0.666666667;0;0;0.333333333;0;0;0.333333333;0.333333333;0;1.333333333;0;0;0;0;0;0;0;0;0;0;0;0;0;0;0;0;0;0;0;0;0;0;0;0;0;0;0;0;0;0.666666667;0;0;0;0
OTU0898;0;0;0;0.333333333;0;0;0;0.333333333;0;0;0;0;0;0;0;0;0;0;0;0;0.333333333;0.666666667;0;0;0;0;0;0;0;0;0;0;0;0;0;0;0;0;0;0.333333333;0;0;0;0;0;0;0;0;1.666666667;0;0;0;0;0;0;0
OTU0899;0;0;0;0;0;0.333333333;0;0;0;0;0;0;0;0;0;0;0;0;0;0;0;0;0;0;0;0;0;0;0;0;0;0;0;0;0;0;0;0;0;0;0;0;0;0;0;0;0;0;0;0;0;0;0;0;0;0
OTU0900;0;0;0;0;0;0;0;0;0;0;0;0;0;0;0;0;0;0;0;0;0;0;0;0;0;0;0.333333333;0;0;0;0;0;0;0;0;0;0;0;0;0;0;2;0;0;0;0;0;0;2;0;0;0.333333333;0;0;0;0
OTU0901;0;0;0;0;0;1;0.333333333;0;0;0;0;0;0;0.666666667;0;0;1.666666667;0.333333333;0;0;0;1.333333333;0;0;0.666666667;0;0;0.666666667;0;0;0;0;0;0;0;0;0;0;0.333333333;0;0;0;0;0;0;0;0.333333333;0;0;0;0;1;0;0;0;0
OTU0902;0;0;0;0;0;0;0;0;0;3.333333333;0;0;0;0;0;0;0;0;0;0;0;0;0;0;0;0;0;0;0;0;0;0;0;0;0;0;0;0;0;0;0;0;0;0;0;0;0;0;0;0;0;0;0;0;0;0
OTU0903;0;0;0;0;0;0;0;0;0;0;0;0;0;0;0;0;0;0;0;0;0;0;0;0;0;0;0;0;0;0;0;0;0;0;0;0;0;0;0;0;0;0;0;0;0;0;0.333333333;0;0;0;0;0;0;0.333333333;0;0
OTU0904;0;0;0;0;1;0;0;0;0;0;0;0;0;0;0.666666667;0;0;0;0;0;0;0;0;0;0;0;0;0;0;0;0;0;0;0;0;0;0;0;0;0;0;0;0;0;0;0;0;0;0;0;0;0;0;0.333333333;0;0
OTU0905;0;0;0;0;0;0;0;0;0;0;0;0;0;0;0;0;0;0;0;0;0;0;0;0;1.666666667;0;0;0;0;0;0;0;0;0;0;0;0;0;0;0;0;0;0;0;0;0;0;0;0;0;0;0;0;0;0;0
OTU0906;0;0;0;0;0;0;0;0;0;0;0;0;0;0;0;0;0;0;0;0;0;0;0;0;0;0;0;0;0;0;0;0;0;0.666666667;0;0;0;0;0;0;0;0;0;0;0;0;0;0;0;0;0;0;0;0;0;0
OTU0907;0;0;0;0;0;0;0;0;0;0;0;0;0;0;0;0;0;0;0;0;0;0;0;0;0;0;0;0;0;0;0;0;0;0;0;0;0;0;0;0;0;0;0;0;0;0;0;0;0;2;0;0;0;0;0;0
OTU0908;0.666666667;0;0;0;0;0.666666667;0;0;0;0;0;0;0;0;0;0;0;0;0;0;0;0;0;0;0;0;0;0;0;0;0;0;0;0;0;0;0;0;0;0;0;0;0;0;0;0;0;0;0;0;0;0;0;0;0;0
OTU0909;0;0;0;0;0;0.666666667;0;0;0;0;0;0;0;0;0;0.666666667;0.333333333;1;0.333333333;0;0;0;0;0;0;0;0;0;0;0;0;0;0;0;0;1.333333333;0;0;0.666666667;0;0;0;0;0;0;0.333333333;0;0;0;0;0.666666667;0;0;0;0;0
OTU0910;0;0;0;0;0;0;0;0;0;0;0;0;0;0;0;0;0;0;0;0;0;0;0.333333333;0;0;0;0.333333333;0.333333333;0;0;0;0;0;0;0;0;0;0;0;0;0;0;0;0;0;0;0;0;0;0;0;0;0;0;1;0
OTU0911;0;0;0;0;0;0;0;0;2;0;0;0;0;0;0;0;1.333333333;0;0.666666667;0;0.666666667;0;0.333333333;0;0;0;0.666666667;3;0;0;0;0;0;0;0;0;0;0;0;0.333333333;0;0;0;0.666666666;0;0;0.666666666;0;3.666666666;0.333333333;0.333333333;0.666666667;2;1.333333333;0;0.666666667
OTU0912;0;0;0;0;0;0;0;0;0;0;0;0;0;0;0;0;0;0;0;0;0;0;0;0;0;0;0;0;0;0;0;0;0;0;0;0;0;0;0;0;0;0;0;0;0.666666667;0.333333333;0;0;0;0;0;0;0;0.666666667;0;0
OTU0913;0;0;0;0;0;0;0;0;0;0;0;0;0;0;0;0;0;0;0;0;0;0;0;0;0;0;0;0;0;0.5;0;0.333333333;0;0;0;0;0;0;0;0;0;0;0;0;0;0;0;0;0;0;0;0;0;0;0;0
OTU0914;0;0;0;0;0;0;0;0;0;0;0;0;0;0;0;0;0;0;0;0;0;0;0;0;0;0;0;0;0;0;0;0;0;0;0;0;0;0;0.666666667;0;0;0;0;0;0.666666667;0;0;0;0;0;0;0;0;0;0;0
OTU0915;6.333333334;5.666666667;12;5;6.666666667;4.333333334;12;4.666666666;18.33333333;10.66666667;7.000000001;7;8.666666668;3.333333334;12.33333333;4.333333334;5.333333334;10;2;1.333333333;10.33333333;0.666666666;3.666666666;0.666666666;15.66666667;5.333333332;2.333333333;5;5.666666666;26.5;17.66666667;3.666666667;21;4.666666666;11.66666667;2;3;11;7.666666667;11;8.333333334;22.33333333;3.666666666;3.333333334;19.33333334;3;9;7.666666666;4.666666666;5.666666666;1.333333333;6.333333333;5.333333333;6.333333333;6.333333333;2
OTU0916;0;0;0;0;0;0;0;0;0;0;0;0;0;0;0;0;0;0;0;0;0;0;0;0;0;0;0;0;0;0;0;0;0;1;0;0;0;0;0;0;0;1.666666667;0;0;0;0;0;0;0;0.333333333;0;0.333333333;0;0;0;0
OTU0917;0;0;0;0;0;0;0;0;0;0;0;0;0;0;0;0;0;0;0;0;0;0;0;0;0;0;0;0;0;0;0;0;0;0;0;0;0;0;0;0;0;0;0;0;0;0;0;0.333333333;0;0;0;0;0;0;0;0
OTU0918;0;0;0;0;0;0;1.333333333;0;0;0;0;0.666666667;0;0;0.333333333;0;0;0;0;0;0.333333333;0;0;0;0;0;0;0;0;0;0;0;0;0;0;0;0;0;0;0;0;0;0.333333333;0;0;0;0;0;0;0;0;0;0;0;0;0
OTU0919;0;0;0;0;0;0;0;0;1.666666667;0;0;0;0;0;0;0;0;0;0;0;0;0;0;0;0.333333333;0;0;0;0;0;0;0;0;0;0;0;0;0;0;0;0;0;0;0;0;0;0;0;0;0;0;0;0;0;0;0
OTU0920;0;0;0;0;0;0;0;0;0;0;0;0;0;0;0;0;0;0;0;0;0;0;0;0;0;0;0;0;0;0.5;0;0;0;0;0;0;0;0;0;0;0;0;0;0;0;0;0;0;0;0;0;0;1;0;0;0
OTU0921;0.333333333;0;0;0;0;0;0;0;0;0;0;0;0;0.333333333;0;0;0;0;0;0;0;0;0;0;0;0;0;0;0;0;0;0;0;0.666666667;0;0;0;0;0;0;0;1.333333333;0;0;0;0;0;0;0;0;0;0;0;2;0;0
OTU0922;0;0;0;0;0;0.333333333;0;0;0;0;0;0;0;0;0;0;0;0;0;0;0;0;0;0;0;0;0;0;0;0;0;0;0;0;0;0;0;0;0;0;0;0;0;0;0;0;0;0;0;0;0;0;0;0;0;0
OTU0923;0;0;0;0;0;1.333333334;0;0.333333333;0;3.333333333;0;0;0;0;0.333333333;0;0;1;0.333333333;0.333333333;0;0;0;0;0;0;0;0;0;0;0;0;0;0.666666667;0;1.333333333;0;0;0;0;0;2;1.333333333;0;0;0.333333333;3;0;0;2;0;0;0;4.333333333;0;0
OTU0924;0;0;0;0;0;0.666666667;0.666666667;0;0;0;0;0;0;0;0;0;0;0;0;0;0;0;0;0;0;0;0;0;0;0;0;0;0;0;0;0;0;0;0;0;0;0.666666667;0;0;0;0;0;0;0;0;0;0;0;0;0;0
OTU0925;0;0;0;0;0;0;0;0;0;0;0;0;0;0;1;0.666666667;0;0.333333333;0;0;0;0;1.333333333;0;0;1;0;0;0.333333333;0;0;0;0;0;0;0;0;0;0;0;0;0;0;0;0;0;1;0;0;0;0;0.666666667;0;3.666666667;0;0
OTU0926;0;0;0;0;0.333333333;0;0;0;0.666666667;0;0;0;0;0;1;0.333333333;0;0;0;0;0.666666667;0;0;0;0;0;0;0;0;0;0;0;0;0;0;0;0;0.333333333;0;0;0.333333333;0;0;0;2;0;0.333333333;0;0;0;0;1;0;0;0.333333333;0
OTU0927;0.666666667;0.333333333;0;0;0;0.666666667;0;0;0;0;0;0;0;1;0.333333333;0;0.666666667;0.666666666;0;1;0.666666667;0;0;0;0;1.333333333;1.333333333;1.333333333;0;0.5;0;0;0.333333333;2.333333333;3.666666666;1.333333333;0;1;0;0;0.333333333;3.333333333;0.333333333;0;0;0.333333333;0;0;0;0.666666667;0;2.666666666;0.333333333;1;0;1
OTU0928;0.333333333;0.333333333;0.666666667;0;3;0;1;0;0;0;0;0.333333333;0.333333333;0;0;0;0;0;0;0;0;0;0;1;0;0;0;0;0;0;0.666666667;0;0;0;0;0;0;0;0;0;0;0;0;0;0;0;0;0;0;0;0;0;0;0;0;0
OTU0929;0;0;0;0;0;1.333333333;0;0;0;0;0;0;0;0;0;0.333333333;0;2.666666667;0;0;0;0;0;0;0;0;0;0.333333333;0;0;0;0;0;0;3;0;0;0;0;0;1.333333333;0;0;0;0.333333333;0;0;0;0;0;0;0;0;0;0.333333333;0
OTU0930;0;0;0;0;0;0;0;0;0;0;0;0;0;0;0;0;0;0;0;1.333333333;0;0;0;0;0;0;0;0;0;0;0;0;0;0;0;0.333333333;0;0;0;0;0;0.333333333;1.333333333;0;0;0;0;0;0;0;0;0;0;3.666666667;0;0
OTU0931;1;0;0.666666667;0;0;0;0.333333333;0;0;0;0;1;2.333333333;0.333333333;0;0;0.333333333;0;0;0.333333333;0;1.333333333;0;0;0.666666667;0;0;0;0;0;0.333333333;0.333333333;0;0.666666667;1;0.666666667;0;0;0;1.666666667;0.333333333;0.333333333;0;0;3.666666667;3;0.333333333;1;1;0;0;0;0;2;0;0
OTU0932;0;0;0;0;0;0;0;0;0;0;0;0;0;0;0;0;0;0.333333333;0;0;0;0;0;0;0;0;0;0;0;0;0;0;0;0;0;0;0;0;0;0;0;0;0;0;0;0;0;0;0;0;0;0;0;0;0;0
OTU0933;0;0;0;0;0.333333333;0.666666667;0;0;0;0;0;0;0;0;0;0;0;0;0;0;0;0;0;0;0.666666667;0;0;0;0;0;0;0;0;1.333333333;0;0;0;0;0;0;0;0.666666667;0.333333333;0;0;0;0.666666666;0;0;0;0;0.333333333;0;0.666666667;0;0.666666667
OTU0934;0;0;0;0;0;3.333333333;0;0;0;16.33333333;0;0;0;0;0;0;0;0;0;0;0;0;0;0;0;0;0;0;0;0;0;0;0;0;0;0;0;0;0;0;0;0;0;0;0;0;0;0;0;0;0;0;0;9.666666667;0;0
OTU0935;0;0;0;0;0;0;0.666666667;0;0;0;0;0;0;0;0;0;0;0;1;0;0;0;0;0;0;0;0;0;0;0;0;0;0;0;0;0;0;0;0.333333333;0;0;1.666666667;2;0.333333333;0;0;0;0;0;0;0;1.333333333;0;0;0;0
OTU0936;0;0;0;0;0;0;0;0;0;0;0;0;0;0;0;0;0;0;0;0;0;0;0;0;0;0;0;0;0;0;0;0;0;0;0;0;0;0;0;0;0;0;0;0;0.666666667;0;0;0;0;0;0;0;0;0;0;0
OTU0937;0;0;0;0;0;0;0;0;0;0;0;0;0.666666667;0;0;0;0;0;0;0;0.333333333;0;0;0;0;0;0;0;0;0;0;0;0;0;0;0;0;0;0;0;0;0.666666667;0;0;0;0;0;0;0.333333333;0;0;0;0;0;0.666666667;0
OTU0938;0;0.333333333;0;0;0;0;0;0.666666667;0;0;0;1;0;0.333333333;1.333333333;0;0;0;0.666666666;0;1;0;0;0;0;0;0;0;0;0;0;0;2.666666667;0.666666667;0;0;0.666666667;0;1.666666667;0;0.333333333;0.666666667;0;0;0;0;0;0;2.333333333;0;0;0;0;1;0;0
OTU0939;3.666666667;2.666666666;0.333333333;1;2.666666667;6.333333333;1.666666667;1.333333333;2.666666667;7;3.333333334;0;2;3.666666667;0.333333333;1.666666667;4.333333333;9.666666668;2;0.666666667;5;2;5.666666667;0.333333333;8;6.333333333;1.333333333;3;0.333333333;0;1.666666667;0;2;3.333333334;4;0.333333333;0;4.333333333;5.666666667;0.666666667;1.666666667;5.333333332;2.666666667;0;4.333333333;1.333333333;6.333333334;0.666666667;5.333333333;1.333333333;0.666666666;1;0;5.666666666;0.333333333;0
OTU0940;0.666666667;0;0;0;0.666666666;0;0;0;0;0;0;0;0;0;0;0;0;0;0;0;0;0;0;0;1.333333333;0;0;0;0;0;0;0;1;0;0;0;0;0;0;0.333333333;0;0;0;0;0;0;0;0;0;1;0;0.333333333;0;0;0;0.333333333
OTU0941;0;2.666666667;1.333333333;0;0.666666667;0;1.333333333;0;1.333333333;0;0;0.333333333;1;0;1;4.000000001;0.666666666;0.333333333;0;0;1.333333333;0.333333333;1.333333333;0;1.666666666;0.666666667;0;0.333333333;0;0.5;1;0;1.666666667;0.666666666;2;0;1.333333333;0.666666667;1.333333333;0;1;1;0;0.333333333;0.333333333;0;1;0;3.666666667;0.666666667;0;0;0;3;1;0
OTU0942;0;0;0;0;2.666666667;0.666666667;0.333333333;0.333333333;2.000000001;1.666666667;2.000000001;1.666666667;2.333333333;0;1.333333333;0.666666666;2;0.666666667;0.666666667;0.333333333;0.333333333;4;0.333333333;0.666666666;3;4;0.666666666;0.333333333;0.666666667;12.5;0.333333333;3;2.333333333;2.666666667;5;0.666666667;0;2.666666666;0.666666667;2.333333333;1;0.333333333;0.333333333;0.666666667;3;3.333333334;1.666666667;0.666666667;0;1.333333333;0;3;0.333333333;4.333333334;0;0.666666666
OTU0943;0;0;0;0.333333333;0;0;3.666666666;0;5.666666666;0;0;0;3.333333333;0;0;0;0.666666667;0;0.333333333;0.333333333;0;0;0;1.333333334;0.333333333;1.333333333;2;0;0;19.5;0;0;1.333333333;0;0;0;0;0;6.333333334;0;0;0;0;0;0;0;0;0;2.666666667;0;0;0.333333333;0.333333333;0;0;0
OTU0944;5.333333332;6.666666666;9.666666665;3.333333333;1.333333333;0;7.666666667;2.333333333;18;0.666666667;13.33333333;15;0.666666667;0;2.333333333;0.333333333;2.666666666;2;2.333333332;1.666666667;4;2.666666666;11;5.333333334;12.66666667;0;7.333333334;6.333333333;11.33333333;20;14.66666667;8;6.333333334;0.666666667;12.66666667;19;0.666666666;10;8;0;3.333333333;1;4.666666666;7.666666666;6.333333333;1.666666667;1;1;9.333333333;1;3;8.666666666;0;2.666666667;2.333333334;0.333333333
OTU0945;0.666666667;12.66666667;3.666666667;0;0.333333333;0;1.666666667;1.666666667;4.333333333;0;3;3;0.333333333;0;1.666666666;2;0;2.333333333;0.333333333;0;0.666666667;2.666666667;3.333333334;0.666666667;8.666666667;5;1;0;1.333333333;8;9.333333333;5.666666666;3;2.333333333;5.666666667;0.666666667;0;11.33333333;0.666666667;0.666666667;0.333333333;5.333333334;1.666666666;0.333333333;5.666666667;1;0;1.333333334;1.666666667;0.666666667;0;4.333333334;0;3;0;0
OTU0946;0;0;0;0;0;0;0;0;0;0;0;0;0;0;0;0;0;0;0;0;0;0;0;0;0;1.666666667;0;0;0;0;0;0;0;0;0;1;0;0;0;0;0;0;0;0;0;0;0;0;0;0;0;0;0;0;0;1.666666667
OTU0947;0;0;0;0;0;0;0;0;0;0;0;0;0;0;0;0;0;0;0;0;0;1.333333333;0;0;0;0;0;0;0;0;0;0;0;0;0;0;0;0;0;0;0.333333333;0;0;0;0;0;0;0;0;0;0;0;0;0;0;0
OTU0948;2;0;0;0;1.333333333;0;0;0;0.333333333;0;0;5;5;0.333333333;0.333333333;0;0.666666667;0.333333333;5.333333333;0;5.666666667;0.333333333;2;0;0.666666666;0;0;5.333333334;5.666666667;0;0;0;0.666666667;0;0.333333333;12;2.333333333;0;4.333333334;0.333333333;1.333333333;0;0.333333333;0;0.666666667;0.333333333;0.333333333;1;3.333333334;0;0.333333333;2.333333333;1;6.333333333;0;0
OTU0949;0;0.333333333;1.333333333;0;2.333333334;0;0.666666667;0;0;2;0.333333333;1;0.333333333;0.666666667;0;2.666666667;0;0;0;0.333333333;2;0;0.333333333;0;0;0;2.666666667;6.666666667;0;0;2;0;0;0;0.333333333;2;0;0;0;0;0;1.666666667;0;3.666666666;0;0.333333333;0;0;0.333333333;0.333333333;5.333333334;4;0;0.666666667;0;0
OTU0950;0;0;0;0;0;0;0;0;0;0;0.666666667;0;0;0;0;0;0;0;0;0;0;0;0;0;0;0;0;0;0;0;0;0;0;0;0;0;0;0;0;0;0;0;0;0;0;0;0;0;0;0;0;0;0;2.333333333;1.333333333;0
OTU0951;0;0;0;0;0;0;0;0;0;0;0;0;0;0;0;0;0;0;0;0;0;0;0;0;0;0;0;0;0;0;0;0;0;0;0;0;0;0;0;0;0;0;0;0;0;0;0;0;0;0;0.333333333;0;0;0;0;0
OTU0952;5;0.333333333;3.333333333;1.333333333;1.666666667;0.666666667;2.666666666;1.333333333;17;0;5;4.999999999;3.666666667;1.666666666;1.666666667;1;1.999999999;1;1.333333333;0;43.33333334;2.666666666;8;1.333333334;1;1.666666667;0.666666667;6;3.000000001;3.5;1.666666666;2.333333334;0;0.333333333;2;94.66666667;2.333333333;0.666666667;3.333333333;1;1.999999999;6.666666666;1.333333334;3;10.66666667;3;3.333333333;1;1.333333333;3.666666668;3;13.66666667;2.000000001;1.666666666;0.333333333;1.666666667
OTU0953;0;0;0;0;0;0.333333333;0;0;0;0.666666667;0;0;0;0;0;0;0;0;0;0;0;0;0;0;0;0;0;0;0;0;0;0;0;0;0;0;0;0;0;0;0;1;0;0;0;0;0;0;0;0;0;0;0;0;0;0
OTU0954;5;2;7.666666667;1.333333333;5.333333333;4.666666666;10.33333333;2.666666667;23.66666667;3.666666667;12;21;15.33333333;3.333333333;15.66666667;7.666666667;5;19.33333333;26.66666667;2.333333333;5.333333333;11.33333333;10.33333333;9.333333333;11.33333333;1.333333333;9.333333334;7.666666667;33;33.5;19.66666667;22.33333333;90.33333333;14.66666666;11.66666667;29;5.666666667;6.333333334;20.33333333;9;7.666666667;19.33333333;25.66666667;3;5;4;3.666666667;9.666666667;11.33333333;5.333333333;3.666666666;4.333333333;4.999999999;8.666666666;9.666666666;4
OTU0955;0;0;0;0;0;0;0;0;0;0;0;0;0;0;0;0;0;0;0;0;0;0;0;0;0;0.666666667;0;0;0;0;0;0;0;1;0;0;0;0;0;0;0;0;0.333333333;0;0;0;0;0;0;0;0;0;0;0.333333333;0;0
OTU0956;1.666666667;1.666666667;1;0;3.666666667;0;3;0.666666667;1;1.666666667;1.333333333;2.333333333;3;2.333333333;3;6.333333333;5.333333333;7.666666667;9;2.999999999;2.333333333;6;2.333333333;2.666666667;2;1.333333333;0;3.666666667;0.333333333;1.5;8.333333333;0;1.333333334;6.333333334;6.666666666;3.666666667;2;1.666666667;7.666666666;4.666666667;1.999999999;3.666666666;0.333333333;2;0.666666667;1.333333333;0;4;2.666666667;0;2;5.666666667;1.333333333;6.666666666;0;0.666666667
OTU0957;0;0;0;0;0;0;0;0;0;0;0;0;0;0;0;0;2;0;0;0;0;0;0;0;0;0;0;0;0.333333333;0;0;0;1.333333333;0;0;0;0;0;1;0;0;4.333333334;0.333333333;0;0;0;0;0;0;1.333333333;0;0;0.333333333;0;0;0
OTU0958;4.333333333;1.333333333;1.333333333;1.333333333;0.999999999;0;0.666666666;1;0.333333333;0;2;3;1.666666667;0;2;2.333333334;1.333333333;0.333333333;2.333333333;0.666666667;2.333333333;1;0;3.333333334;2.333333333;0.333333333;0.666666667;0;2.666666666;8;0;0.333333333;0;4.666666666;3.333333334;9;4;0.666666667;0;0.333333333;1;5.999999999;1.333333333;2.333333334;1.333333333;0;1.333333333;0.666666667;0;0;0.333333333;1.333333334;0;0;0;3
OTU0959;0;0;0;0;0;0;0;0;0;2.333333333;0;0;0;0;0;0;0;0;0;0;0;0;0;0;0;0;0;0;0;0;0;0;0;0;0;0;0;0;0;0;0;0;0;0;0;0;0;0;0;0;0;0;0;0.666666667;0;0
OTU0960;0;0;0;0;0;0;0;0.333333333;0;0;0;0;0.666666667;0;0.333333333;0;0;0;0;0;0;0;0;0;0;0;0;0;0;0;0;0;0;0;0;0;0;0;0;0;0;0;0;0;0;0;0;0;0;0;0;0;0;0;0;0
OTU0961;0;0;0;0;0;0;0;0;0;0;0;0;0;0;0;0;0;0;0;0;0;0;0;0;0;0;0;0;0;0;0;0;0;0.666666667;0;0;0;0;0;0;0;1.333333333;0;0;0;0;0;0;0;0;0;0;0;0;0;0
OTU0962;27;38;26;17.66666667;64.33333333;50.99999999;28;30.66666667;8.666666666;28;15.33333333;40.66666667;40.33333333;83.33333333;64.66666667;22.33333333;39.33333333;59.66666666;66.33333334;64;30.66666667;48;32;18.33333333;35;63.33333332;54;24.66666666;40.33333334;74.5;47;20.66666667;57.33333333;65.00000001;33.33333333;53;40.33333333;1;22.66666667;41;52.66666667;57.66666667;86;17.66666667;73;71.33333334;49.33333333;60.33333334;28;44.66666667;46.66666666;38.66666666;26.33333334;35.33333333;42;35.33333333
OTU0963;0;0;0;0;0;1.333333333;0;0.666666667;0;0;0;0;0;0.666666667;0;0;0;0;0;0;0;0;0;0.666666667;0;0;0;0;0;0;0;0;0;0;0;0;0;0;0;0;0;0;0;0;0;0;0;0;0;0;0;0;0;0;0;0
OTU0964;0;0;0;0;0;11.33333333;0;0;0;0;0;0;0;5;0;0;0;0;0;0;0;0.666666667;0;0;0;0;1.333333333;0;0;0;0;0;0;2;0;0;0;0;0;1.666666667;0;12.33333333;2.333333333;0;0;0;0.666666667;0;0;10.33333333;0;1;0;0;0;0
OTU0965;0;0;0;0;0;0.333333333;0;0;0;0;0;0;0;0;0;0;0;0;0;0;0;0;0;0;0;0;0;0;0;0;0;0;0;0;0;0;0;0;0;0;0;0;0;0;0;0;0;0;0;0;0;0;0;0;0;0
OTU0966;0;0;0;0;0;0.333333333;0;0;0;0.666666667;0;0;0;0;0;0;0;0;0;0;0;0;0;0;0;0;0;0;0;0;0;0;0;0.333333333;0;0;0;0;0;0;0;0;0;0;0;0;0;0;0;0;0;0;0;0;0;0
OTU0967;0;0;0;0;0;1;0;0;0;0;0;0;0;0;0;0;0;0;0;0;0;0;0;0;0;0;0;0;0;0;0;0;0;0;0;0;0;0;0;0;0;0;0;0;0;0;0;0;0;0;0;0;0;0;0;0
OTU0968;0;0;0;0;0;0;0;0;0;0;0;0;0;0;0;0;0;0;0;0;0;0;0;0;0;0;0;0;0;0;0;0;0;0;0;0;0;0;0;0;0;1.666666667;0;0;0;0;0;0;0;0;0;0;0;0;0;0
OTU0969;0;0;0;0;0;2.333333333;0;0;0;2.333333333;0;0;0;0;0;0;0;0;0;0;0;0;0;0;0;0;0;0;0;0;0;0;0;0;0;0;0;0.333333333;0;0;0;0;0;0;0;0;0;0;0;0;0;0;0;0;0;0
OTU0970;0;0;0;0;0;0;0;0;0;0;0;0;0;0;0;0;0;0;0;0;0;0;0;0;0;0;0;0;0;0;0;0.333333333;0;0;0;0;0;2.333333333;0;0;0;0;0;0;0;0;0;0;0;0;0;0;0;0;0;0
OTU0971;0;0;0;0;0;0.333333333;0;0;0;3.333333333;0;0;0;0;0.333333333;0;0;0.666666667;0;0;0;0;0;0;0;0;0;0;0;0;0;1.333333333;0;0;0;0;0;3.333333333;0;0;0;0;0;0;0;0;0;0;0;0;0;0;0;0;0;0
OTU0972;0;0;0;0;0;0.666666667;0;0;0;0;0;0;0;0.333333333;0;0;0;0;0;0;0;0;0;0;0;0;0;0;0;0;0;0;0;0;0;0;0;0;0;0;0;0.666666667;0;0;0;1.333333333;0;0;0;0;0;0;0;0;0;0
OTU0973;1.333333333;1.666666667;6;1.333333333;0;0;0.666666667;0;0;0;0;2.333333333;2.666666667;0;0;0;0;0;0;0;0;0;0;0;3;0;0;0;0;0;1;0.666666667;0;4.333333333;1;0.666666667;2;0;0.333333333;0.666666667;0;0.333333333;1.666666667;0;0;0;1;0;0;0.666666667;0;0;0;0;1.333333333;0
OTU0974;0;3.333333333;0;0;1;36;0;0;0;11.66666667;0;0;1;39.66666667;0;1;0;10;3.666666666;29.33333334;0;15;2.666666667;5.666666667;2.666666667;11.66666667;0.666666667;2.666666667;0;0;0;0;0;9.666666667;0;1;1.666666667;0;0;1;6;26;21.33333333;0.333333333;2.333333333;6.333333333;5;8.333333334;0;54;9.333333333;5.333333333;0;4.333333333;1;4.666666667
OTU0975;0;0;0;0;0;0.666666667;0;0;0;0;0;0;0;2.333333333;1;0;0;2.333333333;0.666666667;0.333333333;0;1;0;0;0;1.666666667;0;0;0;0;0;0;0;0;0;0;0;0;0;0;0;1;0.333333333;0;0;0;0.666666667;2.333333333;0.333333333;0;0;0;0;0;0;0
OTU0976;0;0;0;0;0;0;0;0;0;0;0;0;0;0;0;0;0;0;0;0;0;0;0;0;0;0;0;0;0;0;0;0;0;0;0;0;0;0;0;0;0;0;3;0;0;0;0;0;0;0;0;0;0;0;0;0
OTU0977;7;3;0;0;2.333333333;17.66666666;0;0.666666667;0;13;0;0.666666667;3.333333333;25;2.333333334;2;0;10.33333333;2;6.999999999;1;14.33333333;0;3.666666666;7;16.66666667;0;1.666666667;0;0;0;0;8;26.66666666;4.666666667;6.333333333;5.333333332;0;0.666666667;12;3;36;18.66666667;0.666666667;1.666666667;25.66666667;15.33333333;15.66666667;7.333333333;76.66666666;8.666666666;6.666666666;3.666666666;4;2;10.33333333
OTU0978;0;0.666666667;0;0;0;2.333333333;0;0;0;0.333333333;0;0;0;5;0;0;0;4;0;0;0;0;0;0;0;0;0;0;0;0;0;0;0;6.333333333;0;0;0;0;0;0;0;0.333333333;0;0;0;0;0;0;0;1;0;0;0;0;0;2
OTU0979;0;0;0;0;0;6;0;0;0;0;0;0;0;0.666666667;0;0;0;0;0;0;0;0;0;0;0;0;0;0;0;0;0;0;0;0;0;0;0;0;0;0;0;6.666666667;0;0;0;0;0;0;0;0.333333333;0;0;0;0;0;0
OTU0980;0;0;0;0;0;2;0;0;0;0;0;0;0;5;0;0;0;1;0;0;0;0;0;0;0;0;0;0;0;0;0;0;0;0;0;0;0;0;0;0;0;0.666666667;0;0;0;0;0;0;0;0;0;0;0;0;0;0
OTU0981;0.333333333;0;0;0;0;0;0;0;0;0;0;8.666666667;0;4;0;0;0;0;0.333333333;3.333333333;0;3.333333333;0;0;0;2.333333333;0;0;0;0;0;0;0;0;0;0.666666667;3;0;0;1;0;0.333333333;2.000000001;0;0;9.333333333;0;5.666666667;0;3.333333333;5.333333334;0;0.333333333;2.666666667;0;1
OTU0982;0.666666667;6;0;0;2;1.666666667;0;0;0;1.333333333;0.666666667;0;1.333333333;6.333333333;1.333333333;2.333333334;1.666666667;1.333333333;0;1.666666666;3.333333333;1.333333333;0.666666667;3.333333333;1;7;1;0.666666667;0;2;0;0.333333333;0;0.333333333;1;0.666666667;0;4;0.666666667;1.333333333;1.666666666;7.333333333;2;1;0.666666666;1.333333333;4.666666666;2;0.666666667;1.333333333;0.666666667;6;0;0;5.333333333;0.666666667
OTU0983;2.666666667;14;15;14;1;3;1.666666667;4.333333333;8.333333333;2.333333333;5.333333333;6;6;2;3.333333334;3;2.666666667;1.666666667;1.666666667;1.333333333;2.333333333;0;2.666666667;1;4.333333333;8.333333333;3.333333333;0.666666667;1;10.5;2.666666666;15;10.66666667;6.333333333;1.666666667;2.666666667;0;13.33333333;6;3.333333333;9.666666667;3.333333333;4.333333333;7;3.666666667;2.666666667;2;3.666666667;6;5.333333333;0.666666667;4.666666667;5;3.666666667;2.333333333;2.666666667
OTU0984;0;1.333333333;0;0.333333333;0;5.333333333;0;0;0;4.333333334;0;1.333333333;0.666666667;0;0.333333333;1.333333333;0;1.666666667;0;0.666666667;0;0;0;0;0;0;0;0;0;0;0;0;0;2.333333333;2.333333333;0;0;0;0;0.666666667;1.666666667;2.333333333;0;0.666666667;0;0;0;0.333333333;0;0.666666667;0;1.333333333;0;0;2;0
OTU0985;0.333333333;0;0;0;0;0;0;0;0;0;0;0;0;0;0;0;0;1;0;0;0;0;0;0;0;0;0;0;0;0;0;0;0;0;0;0;0;0;0;0;0;0;0;0;0;0;0;0;0;0;0;0;0;1;0;0
OTU0986;0;0;0;0;0;0;0;0;0;0;0;0;0;1.666666667;0;0;0;0;0;0;0;0;0;0;0;0;0;0;0;0;0;0;0;0;0;0;0;0;0;0;0;3;0;0;0;0;0;0;0;0;0;0;0;0;0;0
OTU0987;0;0;0;0;0;5.666666667;0;0;0;0;0;0;0;2.333333333;0;0;0;0;0;0;0;0;0;0;0;0;0;0;0;0;0;0;0;0;0;0;0;0;0;0;0;0;0;0;0;0;0;0;0;0;0;0;0;0;0;0
OTU0988;3;40.66666666;25;2;3.666666667;42.66666667;7.666666667;2;2;46.66666667;11.66666667;4.333333333;3.333333333;18;5;5.333333334;2.666666667;16;9;16.33333333;13;11.66666667;25;9.666666667;34.33333333;7;7.666666667;2.666666667;3;2;3.666666667;2;5.333333333;40;9.666666667;9.333333333;1;4.666666667;8;8.333333333;7;33.66666666;11.33333333;13.33333333;2.333333333;0;10.66666667;4;5;14.66666667;10.66666667;12.33333334;4;10.33333333;13;4.333333333
OTU0989;4.333333333;5.666666666;0.333333333;0;1.666666667;12;0;2.333333333;0.666666667;12;7.666666667;0;2.333333333;9;3.333333333;3.666666667;1;14.66666666;3.666666666;4;6.666666667;6.333333333;3.666666666;0;19;2;2;0;1;0;3.333333333;3.666666666;3;12;9;2.333333333;0.666666667;13.66666667;2;5.666666667;4.333333333;17;14.66666667;10;0.333333333;4.666666667;5.333333333;5;2.333333333;19;10;36;3.333333333;14.33333334;10.33333333;22.33333333
OTU0990;0;0;0;0;0;0;0;0;0;0;0;0;0;0;0;0;0;1.333333333;0;0;0;0;0;0;0;0;0;0;0;0;0;0;0;0;0;0;0;0;0;0;0;0;0;0;0;0;0;0;0;0;0;0;0;1;0;0
OTU0991;0;0;0;0;0;3.333333333;0;0;0;0.333333333;1;0;0;0;0;0;0;0;0.666666667;0;0;0;0;0;0;0;0;0;0;0;0;0.666666667;0;8.666666666;0;0;0;0.333333333;0;0;0;0.666666667;0.333333333;0;0;0;3;0;0;0.333333333;0;0;0;2.666666667;0;0
OTU0992;0;0;0;0;0;9.333333333;0;0;0;6;1;0;0;2.666666667;0;0;0;5.666666667;0;0;0;0;0;0;1.333333333;4;3.666666667;0;0;0;0;0;0;0.666666667;5;0.666666667;0;4;0;1;0;5.666666667;2.666666667;1.666666667;0.666666667;4.666666667;2.333333333;3.666666667;0.333333333;8.333333333;1;4.666666667;0;5.666666667;1.666666667;2.666666667
OTU0993;0;0;0;0;0;0;0;0;0;0;0;0;0;0;0;0;0;0;0;0;0;0;0;0;0;0;0;0;0;0;0;0;0;0;0;0;0;0;0;0;1;0;0;0;0;0;0;0;0;0;0;0;0;0;0;0
OTU0994;1.333333333;17.66666667;7.666666667;10;6.333333333;1.333333333;3.333333333;8;14.33333333;0;10;6.666666667;18;2;11;0.666666667;1.666666667;9.666666667;2.333333333;0.666666667;3.666666666;2;6;2.666666666;19;0;0;8;11.33333333;6.5;4.666666667;0;16;0;1;2;8;3.333333334;1.333333333;2;23.33333334;5;0.666666667;0;1.666666666;0;1;0.333333333;17.33333333;1.666666667;1.666666667;6.666666667;6.333333334;1;5.666666667;2.333333334
OTU0995;47.66666667;116.3333333;85.33333334;85;93.33333334;34.33333334;123.6666667;107.6666667;120.6666667;70;77.33333333;112.6666667;164.6666667;45.33333333;143.6666667;33;119;86.33333334;45.66666667;64.66666667;143.6666667;39.66666667;127;102.6666667;160;135;209;101.6666667;144.6666667;109.5;93;84;135;62.66666667;54;90.66666666;151.3333333;46;85;60.33333334;151;143.3333333;38.66666667;196.3333333;119.6666667;60.33333333;89.33333334;96;316.3333333;136.3333333;85.66666667;160.3333333;57.33333334;98.00000001;138.6666667;159.6666667
OTU0996;10.33333333;1.666666667;1.666666667;14.66666667;16.66666667;0;5.666666667;5;6.333333333;0;6.333333333;2.333333333;20.66666667;0;9;0;8.333333333;3.333333333;3.666666667;3.333333333;10.66666667;6.666666667;7.333333333;9;17.33333333;2;4.666666667;5.333333333;6;0;2.333333333;0;7.666666667;0;1.666666667;1.666666667;14.66666667;0;2.666666667;1.666666667;7.666666667;0.666666667;2;1.666666667;4;0;0;0;21.33333333;0.666666667;3.333333333;11;0.333333333;0.333333333;6.666666667;2.333333333
OTU0997;0;0;0.333333333;1.666666667;3.666666667;0;0.666666667;1;0;0;0;5;0.666666667;0.333333333;7.333333333;1.333333333;1.666666666;3.333333333;1.333333333;2.666666666;5.666666667;0;10.66666667;0;0;3.333333333;1;1;1;0;4.666666666;1.333333333;2;1;3;4;0;0;0;0;1.333333333;1.333333333;4.333333333;10.33333333;7.333333333;8;10.33333333;5.333333334;1.666666667;2;2;3;0;5;1;13
OTU0998;57;68;71.33333334;98;123.6666667;6.333333334;44.66666667;118.3333333;93.33333334;32.33333333;46;75.33333333;220;15;188;27;76.33333333;49.33333333;46.66666667;25.33333333;37.33333334;30;39.66666666;15.33333333;89;6.333333334;19;42.33333333;176;28;46.66666666;23.66666667;170.6666667;15.33333333;31.33333333;23;80.33333333;22.66666667;37.66666666;27.33333333;146;25.66666667;13.33333333;42.33333334;53.33333333;11.66666667;34.33333333;17.33333333;154.6666667;10.66666667;24.66666667;21;35;11.33333333;50.66666667;30.66666667
OTU0999;0;0;0;0;0;0;0;0;0;0;0;0;0;0;0;0;0;0;0;0;0;0;0;0;0;0;0;0;0;0;0;0;0;0;0;0;0;1.333333333;0;0;0;0;0;0;0;0;0;0;0;0;0;0;0;0;0;0
OTU1000;0;0;0;0;0;0;0;0;0;0;0;0;0;3;0;0;0;0;0;0;0;0;0;0;0;0;0;0;0;0;0;0;0;0;0;0;0;0;0;0;0;0;0;0;0;0;0;0;0;0;0;0;0;0;0;0
OTU1001;0;0;0;0;0;0;0;0;0;0;0;0;0;0;0;0;0;0.333333333;0;0;0;0;0;0;0;0;0;0;0;0;0;0.333333333;0;0;0;0;0;0.666666667;0;0;0;0;0;0;0;0;0;0;0;0;0;0;0;0;0;0
OTU1002;0;0;0;0;0;5.333333333;0;0;0;0;0;0;0;7;0;0;0;1;0;0;0;0;0;0;0;3.333333333;0;0;0;0;0;0;0;7.333333333;0;0;0;0;0;1.333333333;0;3;4.333333333;0;0;2.666666667;0;0;0;4;0;0;0;2.333333333;0;0
OTU1003;0;0;0;0;0;0;0;6.666666667;0;0;0;0;0;18;16.66666667;0;0;0;0;0;0;0;0;0;0;0;0;0;0;0;5;0;0;0;0;0;0;0;2.333333333;0;28.66666667;0;10;0;26.66666667;0;23.33333333;2.333333333;0;0;0;0;0;0;0;0
OTU1004;6.666666667;1;0;0;17;0;0;4.333333333;0;0;1;1;1;12.66666667;10;0;5.666666667;10.66666667;6;2.333333333;11.66666667;6.333333333;16;1.333333333;12;4.666666667;10.66666667;0;6;4;2.666666667;0;9.333333333;5.666666667;0;10.66666667;3.333333333;0;0.666666667;0.666666667;0.666666667;12;6;1;13.66666667;12.66666666;0;4.666666667;0;5.666666666;9.333333333;2;9.666666667;11.66666667;1.333333333;7.333333333
OTU1005;0;4.333333333;0;0;6.666666667;2.333333333;0;0;0;0.666666667;0;0;0;6.333333333;2.333333333;0.333333333;0;2.333333333;0.666666667;6;1;4.666666667;2.333333333;3;1.333333333;4;0.666666667;1.666666667;0;5.5;1;0;0;3.666666667;1.666666667;5.666666667;0;0;0;0;1.666666667;7.333333333;0.666666667;1.333333333;2.333333333;2.333333333;0.666666667;0.666666667;0.333333333;4.333333333;7;2.333333333;4;1.666666667;0;1
OTU1006;54;0;0;0;155.6666667;7.333333334;1;3.666666667;0;2;19.33333333;10.66666667;0;99;37;65.66666667;67;43.66666667;15;75.66666667;7;27;62.66666667;37;6;251;35.33333333;62.33333333;0;0;0;2.333333333;0;12.66666667;6.666666667;78;8;4.666666666;2;12;55;22.66666667;67;88.66666667;127.6666667;91.33333334;96.33333333;119.3333333;96.66666667;121.3333333;37.66666667;108;69;173.3333333;165.6666667;386.3333333
OTU1007;0;0;0;0;0;0.333333333;0;0;0;0;0;0;0;0;0;0;0;0;0;0;0;0;0;0;0;0;0;0;0;0;0;0;0;0;0;0;0;0;0;0;0;0;0;0;0;0;0;0;0;0;0;0.666666667;0;0;0;0
OTU1008;0;2.333333333;0;0;0;3;0;0;0;1.333333333;0;0;0;0.666666667;0;0;0.333333333;0;0;0;2;0;0;0;0;0;0;0;0;0;0;0.666666667;0;0;0;0;1;0;0.666666667;0;0;0;0;0;0;0;0;0.333333333;0;0.333333333;0;0;0;2.333333333;0;0.333333333
OTU1009;0;0;0;0;0;5;0;0;0;1.333333333;0;0;0;0;0.333333333;0;0;0;0;0;0;0;0;0;0;0;0;0;0;0;0;0;0;0.666666667;0;0;0;0;0;0;0;0.666666667;0;0;0;0;0;0;0;0.666666667;0;0;0;0;0;0
OTU1010;0;0;0;0;0;0;0;0;0;0;0;0;0;0;0;0;0;0;0;1.333333333;0;0;0;0;0;0;0;0;0;0;0;0;0;0;0;0;0;0;0;0;0;2;0;3;0;0;0;0;0;0;0;0;0;0;0;0
OTU1011;2;3.333333333;3;47.33333333;2.333333333;1.666666667;5;5;8.666666667;1.333333333;5.666666667;1.666666667;3.333333333;2.333333333;4.666666666;2.333333333;2;3.666666667;3.666666667;53.33333333;3.666666667;9.333333333;0.666666667;3;4.666666667;2.333333333;3;16;4.666666667;6;0;4.666666666;8.333333333;5.333333333;0;3;8.666666667;0;1.333333333;3.666666666;1.666666667;8.333333333;0;64.33333334;5.666666667;1.333333333;0;2;5.333333333;10.33333333;9.666666667;6;1;1;3;0.333333333
OTU1012;0.333333333;0;0;0;0;0;0;0;0;0;0;0;0;0;0;0;0;0;0;0;0;0;0;0;0;0;0;0;0.333333333;0;0;0;0;0;0;0.333333333;0;0;0;0;0;0;0;0;0;0;0;0;0;0;0;0;0;0;0;0
OTU1013;0;1;11.66666667;9;1.666666667;0;5;5;6.666666667;0;2.333333333;1.333333333;0;0.333333333;0;2;0;0.666666667;1.666666667;5;0;0;3.333333333;0.666666667;6;0;1.666666667;1.333333333;11;8;5;3;3.333333333;0;2;2;1.666666667;0;5;4;0;2.333333334;1.333333333;9.333333333;1;0;0.666666667;1.333333333;1.666666667;0;0.333333333;0;0;0.333333333;0;1
OTU1014;0;7.333333333;0.666666667;0;0;0;0.333333333;1;1.666666667;5;0;0;0;2;0;0.666666667;0;1;0;0.333333333;0;0;0;0;0;0;0;0;0;56;0.333333333;3;45.33333333;2;1.333333333;10;0;0.333333333;0;0;0;1.333333333;0;0;0;0;0;0;1;0;0;0;0;0;0;0
OTU1015;0;0.666666667;1;13;1.333333333;0;5.333333334;1.333333333;6;0.666666667;4.333333333;4;1.333333333;0.666666667;3.333333333;0.333333333;5;0;0;6.666666667;1;0;0;2;1;2.333333333;0;0;14.66666667;1.5;1;2.333333333;4.666666667;0;1;2.666666667;1.333333333;0;2;6.666666667;4.333333333;0.666666667;7.666666666;8.333333333;0;0.666666667;1.666666667;5.333333333;4.333333333;2;0;0.333333333;0;3.333333333;5.666666667;0
OTU1016;0;0;0;0;0;0;0;0;0;0;0;0;0;0;1;0;0;0;0;0;0;0;0;0;0;0;0;0;2.333333333;0;1.666666667;0;0;0;0;0;0;0;0;0;0;0;0;0.666666667;0;0;0;0;0;0;0;0;0;0;0;0
OTU1017;0;0;0;0;0;0;0;0;0;0;0;0;0;0;0;0;0;0;0;0;0;0;0;0;0;0;0;0;0;0;0;0;0;0;0;0;0;0;0;0;0;0;0;0;1;0;0;0;0;0;0;0;1;1.333333333;0;0
OTU1018;0;1.333333333;0;0;0;0;0;0;0;0;0;0;0;0;0;0;0;0;0;0;0.333333333;0;0.666666667;0;0;1;0;0;0;0;0;0;0;0;0;0;0;0;0;0;0;0;1;0;0;0;0;0;0;0.333333333;0;1.666666667;0;0;0;0
OTU1019;0;1;0;0.666666667;0;0;0;1.333333333;0;0.666666667;0;1.333333333;0;0;0;0;0.333333333;0;0;0;0;0;0;0.333333333;0;0;0;0;0;7;0.666666667;0;1;0.333333333;0.333333333;0;0;0;0;0;0;0;0;0;0;0;0;0;0;0;0;0;0;0;0;0
OTU1020;0;0;0;0;0;0;0;0;0;0;0;0;0;0;0;0;0;0;0;0;0;0;0;0;0;0;1.333333333;0;0;0;0;0;0;0;0;0;0;0;0;0;0;0;0;0;0;0;0;0;0;0;0;0;0;0;0;0
OTU1021;2;0;2.333333333;0;0.666666667;2.333333333;1.333333333;2.333333333;0;0;0;0;0;0.666666667;1;0.333333333;2;2;0;0;2.666666667;0;5.333333333;0;0;1.666666667;0.333333333;0;1;0;3.333333333;6;1.666666667;0;0;0;0;0;4;1;1.333333333;0;7.333333333;0;3;4.666666667;3.333333333;1.333333333;0;0;0.666666667;0;1.666666667;1.666666667;0;2.333333333
OTU1022;7.333333333;0;6.333333333;0;4.666666667;0;4.333333333;6.333333333;0;0;2.666666667;6.666666667;9.333333333;0;6;2;5;6.666666667;6;2.333333333;1.666666667;17.33333333;12.33333333;14.66666667;0;6.666666667;10.33333333;9.666666667;15;0;3.333333333;2;12;0;6.333333333;6.666666667;8.333333333;0;2.666666667;4;4;1;10.33333333;5;9.666666667;6.666666667;17.66666667;11;0;11.33333333;9.333333333;9.333333333;15.66666667;17.33333333;14.66666667;10.66666667
OTU1023;49.66666666;35;61.33333333;64;122.6666667;113.6666667;43;755;32;94.66666667;65;95.33333334;128;94;101;96.99999999;128.6666667;137.6666667;72.66666667;91.99999999;125.6666667;137;83.00000001;1011;188;113;95;93.00000001;96.66666667;142.5;95;901.6666667;82.66666667;86.66666666;80.33333333;103.3333333;92.66666667;38;71;40.66666667;77;74.33333334;115.3333333;113.6666667;105.6666667;99.33333334;58.66666666;764.6666667;122;152;102.6666667;122.6666667;113;172;133.3333333;223
OTU1024;0;0;0;0;0;0;0;0.666666667;0;0;0;0;0;0;3;0;2.666666667;1.333333333;0;0;0;0;0;0;1;0;2.333333333;0;1.666666667;0;0;0.333333333;0;0;3.333333333;0;0;0;0;0;0;0;2.333333333;0;0;1.666666667;0;1;0;0;5;0;0;0;0;3
OTU1025;26.33333333;3.666666667;0;5;14.66666667;45.66666667;2;188.6666667;3.333333333;13.33333333;3.666666667;25.33333333;5;79;22.66666667;11.33333333;50;37.33333333;52.33333334;70.33333333;21;58.66666667;27;333;34;76.66666667;13.33333333;27.33333333;4.666666667;17;1;197;11.33333333;138.3333333;12;45;13;0;7;14.33333333;19.66666667;92;64.66666666;24;38;95;18;262.3333333;19.33333333;121;42;35;35.33333333;116.3333333;27;179
OTU1026;193.6666666;45.33333333;166;652.6666667;257.3333333;39;101.6666667;118;109.3333333;48;108;194.3333333;208.3333333;100.3333333;188.3333333;115;240;190;172;867;350;231;350;182.3333333;213;126.3333333;239.6666667;218;334;93.5;103.3333333;114.3333333;173;95.66666666;186.3333333;169.3333333;148.3333333;53.66666666;121.3333333;104.6666667;121.3333333;117.6666667;209.3333333;662;345.6666667;206.6666667;115.3333333;160;196.3333333;149;261;172.3333333;192.3333333;204;174.6666667;164
OTU1027;157.6666667;6.666666667;55;728.6666667;124;3.333333333;81.66666667;62;46;1;77.00000001;104.6666667;88;45.66666667;148.3333333;64.33333333;94.99999999;77.33333334;79.33333333;872.3333333;98.33333333;86;179.6666667;92.33333333;104;110.3333333;143.6666667;137.6666667;272;7.5;38.66666666;67.33333333;51.33333334;23.33333333;149.3333333;115;99.33333333;66;53.33333333;63.66666667;45.66666667;24.33333333;167;875.3333333;169.3333333;137.3333333;169.6666667;177;51.66666667;78.33333333;112.6666667;109;96.33333333;115.3333333;63.66666666;67
OTU1028;1.333333333;0;0;6.666666666;0;0.333333333;1;0.333333333;0.666666667;0;1;0;0;0.666666667;0.333333333;0;1;1.333333333;0;2.333333333;0;0;0.666666667;0;2.666666667;0;0;0;0.333333333;0;0;0;0;0;0;0;0.333333333;0.333333333;0.333333333;1;0.333333333;0.666666667;2.333333333;7.333333333;0;0;0;0;1.333333333;0;0;0;0;0;1;0
OTU1029;1.333333333;0;0;0;1.333333333;0;0;0;0;0;0;0;1;1.666666667;1.666666666;0;0.666666667;1.333333333;0;0;0;0;0.666666667;0;0;1.666666666;0;1.333333333;3.333333333;0;0;0.333333333;0;3;0;2.333333333;0;0;0;3.666666667;0;1.333333333;6.666666666;1;0.666666667;6.666666667;5;5;0;4;1.333333333;0;0.666666667;15.66666667;0.333333333;0
OTU1030;828;94.33333333;410.6666667;3463;787.6666667;140.6666667;304.3333333;538.6666667;252.6666667;75.66666667;308.6666667;540.3333333;501.6666667;438.6666667;620;386;859.6666666;682.3333334;558;3967;797.6666667;584;1030;839.6666667;658;609.6666667;705.3333333;668.6666667;1047;229;355.3333333;646.3333333;392.6666667;272.6666666;952.6666667;696.6666667;485.3333333;114.3333333;334.6666667;417.6666667;377.3333333;316;942;3837.333333;1220.666667;795.3333333;781;1083;385.6666667;425;820.3333333;314.3333333;797.3333334;864;426;643
OTU1031;3.000000001;3;4.333333333;29.33333333;8.666666667;5;8;4.666666667;2.666666667;3.333333333;12;8;5.333333333;5.333333333;5.999999999;7.666666666;7.333333332;11;8.000000001;33.66666666;6.999999999;10.66666667;22.33333333;12.66666667;16.33333333;0.333333333;21.33333333;16.33333333;19.66666667;12.5;15.66666667;23;8;6.999999999;13.33333333;7.333333334;13;2;6.333333335;34.33333333;8.333333333;11;6.666666665;56.66666667;7;8.999999999;31;6;14.66666667;15.33333333;5;5;8.999999999;10.33333333;18;5.000000001
OTU1032;19;0;132.3333333;68.33333333;9;538;10.33333333;36;0;13;3.666666667;74.33333334;4.333333333;786.3333333;199;87;2.333333333;426.6666667;81.66666667;1;1;766.3333333;58;1.666666667;2.666666667;12.66666667;3;201;88.66666667;295.5;33.66666667;221.6666667;8.666666667;117;831;11;85.66666667;3489;30.33333333;436.6666667;7.333333333;77.66666667;211;14;148.3333333;404.3333334;110;67;7;59.33333333;3.666666667;15.33333333;0;8;6.333333333;3
OTU1033;120;49;201.3333333;67;137;28;154;106;159.3333333;35;95;103.6666667;111;87.33333333;123;122;133.6666667;95.66666667;73.33333333;36;90.33333333;88.33333333;58;58;76.66666667;37;57.66666667;44.33333333;169.6666667;76;118;217.6666667;174;25.33333333;125.3333333;71;67;44.33333333;70;70.33333334;101;22.66666667;119;55.66666667;154.3333333;51.66666667;68.33333333;54;78.66666667;2;20;7.333333333;96;73;48.33333333;145.6666667
OTU1034;13.33333333;14.33333333;44;21;14.33333333;34;24.33333333;11.66666667;55;12.66666667;22.66666667;7;0.666666667;18.33333334;2.666666667;18.33333333;11;10.33333333;7.333333334;0;4.333333333;15.66666667;8;1.666666667;5.333333333;0;0;0;153.6666667;126.5;14;36.33333333;54.33333333;13.66666667;13;3;10.33333333;4;13.33333334;7;40.33333333;14.33333333;28.66666667;16;20.66666667;25.33333333;9.333333333;16;12.33333333;10;19.66666666;2.333333333;14;6;4;12.66666667
OTU1035;6.666666667;0;0;2.666666667;0;0;4.333333333;0;3;0;1.333333333;2;4.666666667;0;0.666666667;0;2;0;0.666666667;0;1.666666667;1;0;0;9.333333333;0;0;0;3;0;0;0;0;0;0.666666667;0;0;1;0;0.333333333;2;0;0;0;0;0;0;0;1.333333333;0;0;1.333333333;0;0;3.333333333;0
OTU1036;0;0;3;0;0.666666667;1.666666667;0;0;0;0;6.666666667;0;0;1.333333333;0;2.666666667;13.66666667;0;3;2.666666667;0;5;0;0;2;0;0;0;3;0;0;0.333333333;0;0;0;0;0;1.666666667;2;0;0;1.666666667;0;0;0;2;0;2.333333333;1;0;2.333333333;0;1.666666667;1.333333333;1.333333333;0
OTU1037;0;0;2.666666667;0;0;0;0;0;0;2.666666667;0;2;0;0;0;0;4.333333333;0;0;0;0;0;0;0;0;0;0;0;0;0;2;0;3.333333333;0;0;0;0;0;0.333333333;0;0;7.333333333;3;0;2.666666667;0;1;0;5.666666667;3.666666667;0;0;0;0;0;0
OTU1038;0;0;1.666666667;0;0.666666667;0;0;0;0.666666667;0;0;0;0;1;0;0;0;0;0;0.666666667;0;0;0;0;0.666666667;0;0.666666667;0;1.333333333;0;0;0;1;0;0;0;2;0;0;0;0;0;2;0;0;1.333333333;0;0.333333333;0;0;1;1.666666667;0;0;0;0
OTU1039;0;0.666666667;0.666666667;0;0;1.333333333;0;0;0;6.333333333;1.666666667;0;0;1.666666666;0;0.333333333;0;3;0;0;0;2.333333333;0;0;1;2;0;0;0;0;0;0;0;2.333333333;1;3.333333333;0;1.333333333;0;0;0;4;0.666666667;1.333333334;0.666666667;0;0;0;0;1.666666667;0;0;0;0;2;0
OTU1040;0;0;0;0;0.666666667;0;0;0;0.666666667;1.666666667;0;1;0;0;0;0;0;0;0;0;0;0;0;0;0;0;0;0;0;3;0;0;0;0;0;0;3;0;0;0;0;0;0;0;0;0;0;0;0;0;0;0;0;0;0;0
OTU1041;14;4;11.33333333;19.33333333;4.333333333;0;11.33333333;0;24;0;6.333333333;11.66666667;17;2.333333333;4;1.333333333;15.66666667;3.333333333;12.33333333;1.666666667;5.333333334;4.666666666;12;3.333333334;12.33333333;5.666666666;3.666666667;11;16.33333333;19;5;7.666666667;6.666666667;3;4.666666667;5.333333333;17.66666667;0.333333333;8.333333333;7;15.33333333;2.666666666;0.333333333;9.666666667;5.333333333;3.666666666;0;8.333333334;9;0;3;15.66666667;2;4;4.333333333;4
OTU1042;107;0.666666667;47.33333333;12.66666667;87.33333333;280.6666667;31.66666667;24.33333333;35.66666667;11;31;221.3333333;67;99.66666667;72.33333333;63.33333333;64.33333333;91;104.6666667;38.66666667;43;135.6666667;48;34;54.66666667;158.6666667;65.66666667;46.66666667;85.66666667;24;10;24.33333333;29.66666667;53.66666667;126.3333333;75;104.6666667;26.33333333;14;118;48;169.3333333;222.6666667;106.6666667;60.66666667;325;71.66666667;168.6666667;41.33333333;81;61.33333333;63;43.66666667;112.3333333;36.66666667;121.6666667
OTU1043;0;0;0;0;0;0;0;0;0;0;0.666666667;0;0;0;0;1.333333333;0;0;1;0;0;0;0;0;0;0;0;0;2;0;0;0;0;0;0.333333333;0;0;0;0.666666667;0.333333333;0;0;0;0;0;0;0;0;0;0;0;0;0;0;0.333333333;0
OTU1044;0;0;0;0;0;0;0.666666667;0;0;0;0;0;0;0;0;0;0;0;0;0;0;0.666666667;0;0;0;0;0;0;0;0;0;0;0;0;0.666666667;0;0;0;0;0;0;0;0.333333333;0;0;1.666666667;0;2;0;0;1;0;0.333333333;1;0;0
OTU1045;2.333333333;4.666666666;0;0;13.33333333;0.666666666;7.666666667;2.666666667;1.666666667;4.666666667;4;1;8;4.666666667;5.333333334;4.999999999;4.666666666;1;3.000000001;3.666666667;4;16.66666667;0.333333333;10.66666667;16.66666667;6;3.666666666;0.666666667;18.33333333;19.5;0;1.666666667;13;0.333333333;2;3;2.666666667;0.666666667;1.333333333;5.333333333;9;8;3;1.666666667;1.666666667;1.333333333;0.666666667;0.333333333;11.66666667;4;1.666666667;16;0;2.333333333;3.666666667;1.333333334
OTU1046;1.333333333;0;0;0;3;0;0;0;0;0;0;0;0;3;2.333333333;0;0;0;0;0;1.666666667;0.666666667;1;0;0;1;1.666666667;1;0;0;0;0;0;0;0;0;3;0;0;2.333333333;0;4;5.666666666;1.333333333;0;5.666666667;4.333333333;4.333333333;0;2;1;0;0;1.666666667;0;2.666666667
OTU1047;23.33333333;4;1.666666667;11.33333333;16.66666666;9.000000001;19.66666667;23;24.33333333;0.666666667;13.33333333;5.333333333;42;14;22.33333333;10;51.66666667;30.66666666;23.33333333;27.66666667;16;33;37;30.66666666;50;7;52.33333333;16.66666667;28.33333334;15.5;6.333333333;4.666666667;12.66666667;11.33333333;13.33333333;29.33333334;13.66666667;3;6.666666667;20;20.66666667;21.66666666;17;6.333333333;8.333333334;22.66666667;3.666666667;28.66666667;16.33333333;35.66666667;16;51.33333333;19.66666667;24.66666667;22.33333333;37.66666666
OTU1048;0;0;0;0;0;40;0;32.66666667;0;5.333333333;0;0;0;1;0;0;0;0;0;0;0;0;0;0.333333333;0;0;0;0;0;0;0;29;0;52.33333333;0;0;0;0;0;0;0;0.333333333;0;0;0;0;0;0;0;0;0;0;0;0;0;0
OTU1049;0;0;0;0;0;2.666666667;0;0;0;0;0;0;0;0;0;0;0;0;0;0;0;0;0;0;0;0;0;0;0;0;0;0;0;0.333333333;0;0;0;0;0;0;0;0;0;0;0;0;0;0;0;0;0;0;0;0;0;0
OTU1050;3;0;0;0;0.333333333;12;0;0;0;0.666666667;0;1;1.333333333;9;3.333333333;0;0.333333333;3.666666667;2.666666667;3;0;8;0;0.666666667;0;1;1.333333333;1.666666667;0;0;0;0;0;7.666666667;3.333333333;2;5.666666667;0;0;3.333333333;0;8.333333333;14;1.666666667;1;4.333333333;4;3.333333333;0;10.66666667;2.333333333;1;2.666666667;2.666666667;0;5
OTU1051;0;0;0;0;0;3.333333333;0;0;0;0;0;0;0;3.666666667;0;0;0;0;0;2;0;1;0;0;0;0;0;0;0;0;0;0;0;0;0;0;0;0;0;0;0;0;4;0;0;0;0;0;0;0;0;0;0;1;0;0.666666667
OTU1052;0;0;0;0;0;3;0;0;0;0;0;0;0;0;0;0;0;0;0;0;0;0;0;0;0;0;0;0;0;0;0;0;0;0;0;0;0;0;0;0;0;0.333333333;0;0;0;0;0;0;0;0.666666667;0;0;0;0;0;0
OTU1053;0;0;0;0;0;13;0;0;0;0;0.333333333;0;0;0;0;0;0;0;0;0;0;0;0;0;0;0;0;0;0;0;0;0;0;0.333333333;0;0;0;0;0;0;0;0.666666667;0;0;0;0;0;0;0;2;0;0;0;0;0;0
OTU1054;8.666666667;18.33333333;13.66666666;8;3.666666666;2.333333334;10.66666667;15.66666666;31.33333333;7.333333334;14;2.666666666;6.333333333;3.666666667;10;6;7.666666667;1.333333333;0.666666666;12.33333333;4;3;2.666666666;0;24;0.333333333;0;5.333333333;9;23;15.66666666;13.33333333;25.33333333;6.333333333;1.666666666;8.333333333;17;9.666666667;14;13.33333333;9.333333333;7;4.666666667;1.666666666;4;0.333333333;7;4.333333333;4.666666667;0.333333333;6.666666667;7.333333334;1;4;13.66666667;5.666666666
OTU1055;0;0;0;0;0;2.333333333;0;0;0;0.666666667;0;0;0;0;0;0;0;0;0;0;0;0;0;0;0;0;0;0;0;0;0;0;0;0;0;0;0;0;0;0;0;0;0;0;0;0;0;0;0;0;0;0;0;0;0;0
OTU1056;51.33333333;0;5.333333334;0;9.333333333;1.333333334;7.333333333;9;20.66666667;0.333333333;22.66666666;4.666666666;18;14;15;23.33333333;6;8.999999999;8.666666667;2.666666667;7;5.666666667;13.66666667;0;9;2;3.666666667;4.666666666;20.66666666;0;10.66666666;3.666666667;4;4.333333333;8.666666667;10.33333333;16;1.999999999;19.66666666;5.666666667;20.66666666;5.666666667;25.66666667;2;8;0.333333333;3.999999999;1;19.33333333;1.333333333;5.333333333;2.666666667;2.666666667;0;18.33333333;3.666666667
OTU1057;0;0;0;0;0;0;0;0;0;0;0;0;0;0;0;0;0;0;0;0;0;0;0;0;1;0;0;0;0;0;0;0;0;3;0;0;0;0;0;0;0;0.666666667;0;0;0;0;0;0;0;0;0;0;0;0;0.666666667;0
OTU1058;0;5.666666667;0.333333333;8.666666667;0;2;2;1;0.666666667;2.666666667;3;1;0;0.333333333;3;1.666666667;2;3;0;0.333333333;0;0;0;0;0;1.333333333;0;0;6;2.5;2.333333333;4.666666667;3.666666667;0;3;0;0;3;4;0;0;0;0.666666667;0;0;0;0;0;0;0;0;0;0;0;4.333333333;0
OTU1059;0;0;0;0;0;0;0;0;0;0;0;0;0.333333333;0;0.333333333;0;0;2.333333333;0;0;0;3.333333333;0;0.666666667;0;0;0;0;0;0;0;0;0;1.666666667;0;1;0;0;0;0;0;2;1.333333333;0.333333333;1;1.666666667;0;0.333333333;0;0;0.666666667;0;0;0;0;0
OTU1060;94.33333334;31.33333334;40;48.66666667;110.3333333;62;43;89.66666666;98;46.33333334;60;57.66666667;54.33333333;61.33333333;132.6666667;58.66666667;69.33333333;99.66666666;67.33333333;91.33333333;52.66666666;74;66;57.33333333;161.3333334;103.6666667;48;47.66666667;132.6666667;53.5;113.6666667;52;128.6666667;106.3333333;107;87.33333333;151.6666667;98;53.66666666;56.33333333;88.66666667;106.3333333;140.6666667;63;63.33333333;103.6666667;137.3333333;110;60;150.6666667;104.6666667;34.33333333;73.66666667;138;101.6666667;79.66666667
OTU1061;0;0;0;0;0;0.666666667;0;0;0;3.333333333;0;0;0;0;0;0;0;0;0;0;0;0;0;0;0.666666667;0;0;0;0;0;0;1;0;1.333333333;0.333333333;0;2;4;0;0;0;3.333333334;0.666666667;0;0;0;0;0;0;0;5;0;0;0;0;0
OTU1062;16.66666667;3.333333333;19.33333333;17.66666667;10;12.66666667;28;10;6.333333333;0;19.33333333;13.33333334;9;1.333333333;7.666666666;8;12.66666667;9.666666667;9.333333333;2.666666666;16;8;10.33333333;11.66666666;23.33333333;7.333333334;13;6;26.66666667;9.5;9.333333333;11.33333333;46;2.666666666;4.333333334;18;25;3.666666666;26;9.666666666;9.333333333;6;12;17.66666667;18.33333333;9.666666667;3.333333333;8.333333334;17.33333333;2.333333333;22.33333334;2.333333333;6.333333334;15.33333334;17.33333333;8
OTU1063;0;0;0;0;0;0;0;0;0;0;0;0;0;0;0;0;0;0;0;0;0;0.333333333;0;0;0;0;0;0;0;0;0;0.666666667;0;0;0;0;0;0;0;0;0;0;0;0;0;0;0;0;0;0;0;0;0;0;0;0
OTU1064;0;1.333333333;0;0.333333333;0;2;0;5.333333333;0.333333333;0;0;0;0;0;0;0;2;0.333333333;0;0.333333333;0;0;0;6.333333333;0;0;0;0.666666667;0;0;0;5.333333334;0;1.666666667;0;0;0;1;0;1.666666667;0;1;0.333333333;0;0;0;0;6.333333333;0;0;2.666666667;0;0;0;0.666666666;0
OTU1065;1.666666667;2.666666667;0.333333333;2.666666667;1;4.333333333;0;18.33333333;3.333333333;0;1;1.666666667;2.333333333;2;0.666666667;1.666666667;1.333333333;2.333333333;0.666666667;5.666666667;3.333333333;0;0;26.66666667;3.666666667;0;2;0.333333333;0.666666667;4.5;0;23.66666667;0;2;1.666666667;2.333333333;2.333333333;0.333333333;1.333333333;1.666666667;1.666666667;3.333333333;0.333333333;3;0;1;0;20.66666667;1;3;0.666666667;7.666666667;0;0;2.333333333;0
OTU1066;1.666666667;0;0;0;0;0.666666667;2;5.666666667;0;0;0;0;0;1.666666667;0;0;2.333333333;1;0;0;0;0.666666667;0;10;2;4.666666667;0;0;0;0;0;9;0;6;0;0.333333333;0;0;0;0;0;6.666666667;0.333333333;2;0;4.333333333;0;18.66666667;1.333333333;3.333333333;6.333333333;8.333333333;0;3.333333333;0;1
OTU1067;0.333333333;0;0;0;0;2.666666667;0;4.666666667;0;0;0;0;0;0;0;0;0;1;0;1;0;2;0;8.666666667;2;0;0;0;3.666666667;0;0;3.333333333;0;0;0;0;1;0;0;0;0;0;0;0;0;0;0;4.333333333;1;0;0;0;0;0;0.666666667;0
OTU1068;17.66666667;0;1.666666667;2.666666667;8;49;0.333333333;63.33333333;0;24;2.333333333;8.333333333;1;13.33333333;7.333333333;2.333333333;19.66666667;9.333333333;10.33333333;11.33333333;11.66666667;9.333333333;12.33333333;103.6666667;14.66666667;8.333333333;15.66666667;10;5;2.5;2.333333333;169;0;30;5;3.333333333;7;0;1.666666667;9;1.333333333;14.66666667;19.66666667;8;14;7.666666667;7.666666667;104;4.333333333;24;17.33333333;15.66666667;16.66666667;7;17.33333333;13.33333333
OTU1069;0;0.666666667;1;0;0;3;0;16;0;1.666666667;0.333333333;0;1;2;0;0.333333333;2;0;0;0;0;0.666666667;0.333333333;14.66666667;0;0;0;0;0;0;0;14.66666666;0.666666667;0;0;0.333333333;2;0;0;0;0;3.333333333;0.333333333;0.666666667;1;0;0;14.66666667;1;3.666666666;0.333333333;0.666666667;0.333333333;1;1.666666667;0
OTU1070;0.666666667;0;0;0;0;0;0;0;0;0;0;2;0;0.333333333;0;0;0;2;2.333333333;0.666666667;0.333333333;1;0;0.666666667;0;0;0;0;0;0;0;0;0;0;1.333333333;1.333333333;1.666666667;0;0;1.333333333;0;0;0.666666667;0;0;1.333333333;1.333333333;0;0;0;0;0.666666667;0;0;0;0
OTU1071;0;0;0;1;1;8.333333333;0;0;0;0;0;0;0;9.666666667;0;0;0;1;0;1.666666667;0;0;0;0;1;0;0;0;0;0;0;0;0;0.666666667;0;0;1.333333333;0;0;0;0;1.333333333;1;0;0;2;0;2;0;1.333333333;0;0.333333333;0;0;0;0.333333333
OTU1072;20.66666667;17.66666666;4.666666667;0;46.00000001;33.33333333;7;6.666666667;5.666666667;18.33333333;13.66666667;21.66666666;34.66666667;24;22.33333333;21.33333333;25.33333333;38;37.33333333;30;34.33333333;23;38.33333334;14.33333333;55.33333334;37;45.66666667;21.33333334;7;43;13.33333333;9.000000001;5.666666667;17.66666667;15.66666667;20.66666666;13.33333333;7.333333333;9.666666667;11.33333333;21.66666666;16.66666667;23;19.33333333;45.66666667;20;12;35;26;14;33.66666667;64.33333334;35;17.33333333;39;34.33333333
OTU1073;0;0;0;0;0.666666667;1.333333333;0;0;0;4.333333333;0;0;0;2.333333333;0.333333333;1;1.666666667;0.666666667;0.666666667;2;0;0;3.666666667;10.66666667;8.666666667;2.333333333;2;0.333333333;0;0;0;0;0;2.333333333;0;1;0;0;0;0.333333333;0;0;0.666666667;0;0;1.333333333;3.666666667;0;0;4;0.666666667;1.666666667;2.333333333;5;0;1.666666667
OTU1074;0;0;0;0;0;0;0;0;0;0;0;0;0;0;0;0.333333333;0;0;0;0;0;0.333333333;0;0;0;0;0;0;0;0;0;0;0;0;0;0;0;0;0;0;0;0;0;0;0;0;0;0;0;0;0;1.333333333;0;0;0;0
OTU1075;87.33333333;179.6666667;22.66666667;23.66666667;83;3.666666667;46.33333333;139;85;41.66666667;54.66666667;122.6666667;177.3333333;11;86.66666666;87.66666667;61;39.33333333;23;65.66666667;53.33333333;13;77.33333333;70.33333333;120.6666667;29.66666666;100;175.3333333;31.33333333;61.5;110;15;109.3333333;21.33333333;22.66666667;62;43.66666667;11;62.99999999;31.33333333;213.6666667;19.66666667;8.666666667;17.66666667;33.66666667;8.666666667;13;20;149;44;18.33333333;105.3333333;57.66666667;15.33333333;71.33333334;10
OTU1076;0;0;0;0;0;0;0;0;0;0;0;0;0;0.666666667;0;0;0;0;0;0;0;0;0;0;0;0;0;0;0;0;0;0;0;2.666666667;0;0;0;0;0;0;0;0;0;0;0;0;0;0;0;0;0;0;0;0;0;0
OTU1077;0;1.666666667;0;0;5;10;0;0;0;3;0;0;1.333333333;3.333333333;2.333333333;0;4.333333333;4.666666667;4.333333333;45.66666667;0.666666667;0.999999999;5.666666667;5.333333334;5.666666666;3.666666666;3.666666667;2;0;7.5;0;0;0;4.333333333;2;1.666666667;0;1;0.666666667;0.666666666;0;15;5.666666667;1.333333333;1;2;1;3;2.333333333;2.666666667;3;5.666666667;3.666666667;8;3;12.66666667
OTU1078;0;0;0;0;1;0.333333333;0;0;0;0;0;0;0;0;0;0;0.333333333;0;0;0.333333333;0;1.333333333;0.333333333;0;0.333333333;1;0;0;1;0;0;0;0;0;0;0;0;0;0;0;0;0.333333333;0;0.333333333;0.666666667;1;0;0;0;0.333333333;0;0;0;0;0;0
OTU1079;25.33333333;4;0;0;40.66666667;0.333333333;0.333333333;6;6.666666667;0;0;10.33333333;24.66666667;1.333333333;7.333333333;1.666666667;41;20.66666667;32.33333333;13.33333333;84.33333333;19.33333333;34.66666667;33;24.66666667;16.33333333;57.33333333;26;20.33333333;0;0;1.666666667;1.333333333;0;3;8.333333333;13.33333333;0.333333333;0.333333333;2.333333333;4.333333333;0;6;10;20.66666667;9;6;12.33333333;9;2.666666667;11.33333333;2.666666667;34.33333333;38.33333333;8;41
OTU1080;8.333333334;38.33333333;36.33333333;10.33333333;20.66666667;23.66666667;86.33333333;409;10.66666667;70.33333333;28.66666667;30.66666667;14;5;52;51;29;22.33333333;8.666666667;2;45;14.33333334;22;8;22.33333334;0;1.333333333;18.66666667;11;13.5;287;268.6666667;53;16.66666667;51.33333333;60.66666667;2;102.6666667;172.6666667;71;45;103;11.66666667;19.33333333;4.666666667;4.333333333;4.333333333;14;27.33333333;33;6;30.33333333;68.33333333;8.333333333;120.6666667;35
OTU1081;0;0;0.666666667;0;0;0;0;0;0;0;4;5.666666667;0;0;0;0;2;1.333333333;0;0.333333333;0;6;0;1.666666667;0;4;0;0;0;0;0;0;0;0;0;0;0;0;1.666666667;0;0;0;0;0;0;0;0;0;0;0;0;0;0;0;0;0
OTU1082;23.33333334;0;0;0;4.666666667;0;14;9.333333333;2.666666666;17.66666667;0;0;2;3.666666667;2.666666667;0;24;8.666666667;4.333333333;4.666666667;13.66666667;9.666666667;13.33333333;26;2.333333333;8;40;18.66666667;15.66666667;0;6.333333333;12.66666666;2.333333333;8.666666667;6.333333333;3;10.33333333;0;12;0;5.666666667;4;5.333333333;0;9;1.333333333;13.66666667;9.999999999;1;17;8.333333333;198;13.33333333;0;2;3.333333333
OTU1083;0;0;0;0;0;0;40;0.333333333;0;0;1.333333333;0;0;0;0;0;0;0;0.333333333;0;0;0;0.666666667;0;0;0;0;0;0;0;0;0;0;0;0;0;0;0;4;0;0;0;0;0;0;0;0;0;0;0;0;0;0;0;0;0
OTU1084;14.66666667;18.66666666;1;15;3.333333333;0.666666667;24;1;21.33333333;27;3.333333333;0.666666667;5.333333333;6.333333334;0;4.666666667;8.333333333;3;3.333333333;7;9.666666667;21.66666667;2.666666667;9;9.333333333;1.333333333;4.333333334;4.666666666;9;3.5;0.333333333;2.666666667;3;4;4.333333333;10.66666667;4.333333333;1;13.33333333;0.333333333;3.333333333;0;0.666666667;1.333333333;0.666666667;0;0;0.666666667;2;8.333333333;6.333333333;55.33333333;16.33333333;3.666666666;0;0
OTU1085;53.33333333;363.3333333;154;198.3333333;49.33333333;59.66666667;189.6666667;162.6666667;76;287.3333333;115.3333333;90;138;56;139.3333333;69;65.66666667;124;19.33333333;28.66666667;14.66666667;12.66666667;16.33333334;39.66666666;69.66666667;31.33333334;24.66666666;20.66666667;96.66666666;544.5;445.6666666;299.6666667;350.3333333;58.33333333;180.6666667;64.66666667;55;127.6666667;208;97.66666667;233.3333333;85.66666667;77;47.66666667;45;37;75;49.33333333;137.3333333;18.66666667;5.333333333;19.66666666;33.33333334;27.33333334;205.3333333;33
OTU1086;1.333333333;6;0;2.666666667;0;0;0;0;7.666666667;4;0;0;0;0;0;0;0.666666667;0;0;0;0;0;0;0;0;0;0;0;3;2.5;0;2;6.333333333;0;0;0;0;0;0;0;0;0;0;0;0;0;0;0;0.333333333;0;0;0;0;0;2;0
OTU1087;2.333333333;0;0;13.66666667;1.333333333;0;0.666666667;0;27.66666667;0;0;6.333333333;0;0;0;0;0;0;0;0;0;0;0;0.333333333;0;0;0;0;8.333333333;0;0.333333333;0.666666667;4.666666667;0;0;0;0;0;0;0;0;0;0;0;0;0;0;0;0;0;0;0;0;0;0;0
OTU1088;4;72.66666667;12.66666667;36;0;1.333333333;11.33333333;4.333333333;8.333333333;25;0;0;0;2.333333333;0.666666667;10.33333333;20.66666667;5;0;0;4.333333333;3.666666667;1.333333333;0;13;0;0;2.333333333;1.333333333;11;4.666666667;0.333333333;7.333333333;0;4;0;0;3;1.666666667;0;16;1;0;0;0;0;0;0;0;0;0;0;0;0;1;0
OTU1089;8.666666667;89.33333333;5.666666667;98.66666667;9.666666667;0.666666667;27;18.66666666;82.33333333;288.6666667;8.666666667;36.66666667;5.666666667;1.666666667;5;8.333333333;7.666666667;0;1.666666667;3.666666667;0;0;0;0;0;3;1.333333333;0;69.66666667;53;9.666666667;26.33333334;42.33333333;11.66666667;3;6.666666667;8.333333333;0;12;0.333333333;7;2.333333333;0;0.333333333;1;0;0;0;2.333333333;0;0;0;2.333333333;0;4.333333333;0.333333333
OTU1090;0;1.333333333;0;0;0;0;0;0;0;5;0.333333333;5;0;0;0;7;0;0;0;0;0;1.666666667;0;0;1.666666667;0;0;0;0;0;0;0;0;0;0;0;0;0;0;0;0;0;0;0;0;0;0;0;0;0;0;0;0;0;0;0
OTU1091;0;0;0;0;0;0;0;0;0;0;0;0;0;0;0;0;0;0;0;0;0;0;0;0;2.333333333;0;0;0;2.333333333;0;0;0;0;0;0;0;0;0;0;0;0;0;0;0;0;0;0;0;0;0;0;0;0;0;0;0
OTU1092;0;0;0;0;0;0;0;0;0;0;0;0;0;0;2.333333333;63.66666667;0;0;0;5.666666667;0;0;0;27;0;0;0;0;0;0;0;0;0;0;0;0;0;0;0;0;0;0;0;0;0;0;0;0;0;41.66666667;0;0;0;0;0;0
OTU1093;0;9;0;1.333333333;1.666666667;14;0;0;2;40;0;0;0;9.333333333;5.666666667;0;0;11;0;0;0;0;0;0;0;0;6.333333333;0;0;7;1.333333333;1.666666667;0;15.33333333;1.666666667;1;0;1.666666667;0;0;2.333333333;32;0;0;0;0;0;0;0;4.666666666;0;4.666666667;0;7;0;0
OTU1094;12.33333333;16.33333333;5;28.33333333;32.66666666;64.33333333;9.666666667;2;39.33333333;43.33333333;0;0.666666667;8;5.666666667;16;8.666666667;5.333333333;26;10.33333333;3;6.333333333;14;0;7.333333334;20.66666666;17;8.333333333;1.333333333;57.66666667;16;4.666666666;56.99999999;27.66666667;47.33333334;17;2.333333334;36;8.333333333;6.666666666;10;5.666666667;61.66666666;15.33333333;15.66666667;3.333333334;12.66666667;9;10.66666667;2.666666667;33.33333333;4.333333334;8.333333334;2;8.666666667;4;23.33333333
OTU1095;0;0;0;0;0;3.333333333;0;0.333333333;0;13.66666667;0;0;0;0;0;4;0;0;0;0;0;1.666666667;0;0;0.666666667;0;0;0;0;0.5;0;0;0;17.66666666;0;0;0;0;1;0;0;0.666666667;0;0;1;0;0;0;0;0;0;2.666666667;0;0;0;0
OTU1096;0;0;0;0;0;0;0;0;0;12.66666667;0;0;1.333333333;2.666666667;0;1.333333333;0;2.666666667;3;0;0;0;0;0;0;0.666666667;0;0;0;0;0;0;0;1;0;0;0;1.333333333;0;0;0.666666667;0;0;0;0;0;0;0;0.333333333;0;0;0;0;0;0;0
OTU1097;0;0;1;1.666666667;0;0;3.333333333;9;7.333333333;0;0;0;0;0;0;0;0;0;0;0;0;0;0;2.666666667;0;0;0;0;1;0;1;7;1;0;1.333333333;0;0.666666667;0;1.333333333;0;0;0;0;0;0;0;0;0;0;0;0;0;0;0;0;0
OTU1098;41.66666666;569.3333333;278.6666666;298.3333333;26.66666667;19.66666667;198;188.6666666;52;238.6666667;36.33333334;89.00000001;45;24;75.33333333;27.66666666;17;40.33333333;2.333333333;4.666666667;13;15.33333333;9.666666667;12.66666667;23.33333333;0.333333333;3.333333333;14.33333333;39.33333333;557;679.6666667;410;498.6666667;5.666666666;94.33333333;18.33333333;7.333333333;146.6666666;261;78.66666667;196.3333334;20;36;7;9;0;12.66666667;6.666666666;81.33333333;3.333333333;5;17;29;7.666666667;28.66666666;3.333333334
OTU1099;912.3333333;1043;1057.333333;1371;885;1087;1249.666667;911.6666667;1261;1198.333333;781.3333333;1012.333333;807;884.3333333;1229.666667;1184.333333;845.6666666;1446.333333;698.6666666;466;534.6666666;831;558.6666667;569.6666666;762.3333333;411.3333333;612.3333333;572.3333334;783.3333333;713;775.3333333;917.0000001;1218.666667;1416;881.3333334;932.9999999;469.6666666;1533.666667;1461.666667;574;918.3333333;2029.666666;859;499.6666666;428.3333333;327.6666667;241;527;541;986.3333333;496.9999999;630.6666666;470.3333333;427;1064;629.6666666
OTU1100;295.6666666;196.3333333;245;87;147.3333334;63.66666667;245.6666667;58.66666667;281.6666666;228.6666667;60.33333334;132.3333333;164;29.33333333;43;252.6666666;163.3333333;106.6666667;119;78.33333334;402.9999999;203.6666667;291.3333333;180.6666667;146;20;164.3333333;252.3333333;64.33333333;481.5;105;136.6666667;58.66666668;58.33333333;37.33333333;23.33333333;50;38;80.33333334;4.666666667;59.66666667;86.33333334;10;5.666666667;43;2.333333334;4;3.666666667;52.33333334;50.33333333;80.66666666;67;244;7.666666666;63.33333334;5.666666666
OTU1101;0;0;0;0;0;11.66666667;0;0;0;6.666666667;0;0;0;1.666666667;0;0;0;73;0;0;0;0;0;0;0;0;0;0;0;24;0;0;0;8.666666667;0;0;0;40.33333333;0;0;0;4;0;0;0;1;0;1.333333333;0;0;0;0;0;0;0;0
OTU1102;0;0;0;0;0;0;0;0;0;0;0;0;0;0;0;0;0;4;0;0;0;0;0;0;0;0;0;0;0;0;0;0;0;1;0;0;0;15.66666667;0;0;0;0;0;0;0;0;0;0;0;0;0;0;0;0;0;0
OTU1103;6;9.666666666;6.333333333;4.333333333;1.333333333;1.333333333;2.666666666;2.333333333;2.666666667;7;7;8.666666667;1.333333333;0;8;9.666666666;8.333333334;1.333333333;5;7;1.333333333;1;6.666666667;2.333333333;3;3.666666667;10;7.333333334;0;15.5;5.666666667;2.333333333;1.666666667;1.333333333;7.333333333;11;1.333333333;2.666666667;4.666666666;8.333333333;9.666666667;5;4.666666667;1;2.333333333;3.333333333;9.666666667;7.666666667;11.33333333;0;12.33333333;1.333333333;9;4;8.666666666;3.333333333
OTU1104;10.66666667;158.3333333;57.33333333;83.33333333;18.66666667;11.33333333;50.33333333;98;62.66666667;39;54.33333333;51.66666667;68.33333333;8.333333333;21.33333333;41;40;28.66666667;19.33333333;34.33333333;20.66666667;26.33333333;18.33333333;17.66666667;26.33333333;4;16.66666667;16.66666667;58;120;24.66666667;19.66666667;110.3333333;15;52.66666667;24.33333333;39.33333333;32.66666667;28.66666667;21;44.33333333;9.333333333;7.666666667;26.66666667;9;2;12.33333333;9.333333333;95.66666667;2;15.33333333;19.66666667;25.66666667;2.333333333;39;4
OTU1105;0.666666667;0;0;0;0;0;0;0;0;0;0;0;0;0;0;0;0;0;0;0;0;0;0;0;0;0;0;0;0;0;0;0;0;0;0;0;0;0;0;0;0;0;0;0;0;0;0;0;0;0;0.666666667;0;0;0;0;0
OTU1106;1;3;0.333333333;0;0;0;0;0;0;2;0;0;0;0;0;0.333333333;0;0;0;1.333333333;0;0.666666667;0;0;0;0;0;0;0;0;0;0.333333333;11;0.333333333;0;0;0;0;2.333333333;0.333333333;2.333333333;0;0.333333333;0;0;0;0;0;1;0;0;0;1.333333333;0;0.666666667;0.666666667
OTU1107;0;0;0;0;0;0;0;0;0;0;0;0;0;0;0;0;0;0;0;0;0;0;0;0;0;0;0;0;0;1.5;0;0;0;0;0;0;0;0;0;0;0;0;0;0;0;0;0;0;0;0;0;0;0;0;0;0
OTU1108;0;0;0;0;0;0;0;0;0;0;0;0;0;0;0;0;0;0;0;0;0;0.333333333;0;1;0;0;0;0;0;0;0;0;0;0;0;0;0;0;0;0;0;0;0;0;0;0;0;0;0;0;0;0;0.666666667;0;0;0
OTU1109;1.666666667;23.33333333;1;2;3;1.333333333;6;2;0.333333333;1;5;0.333333333;3.666666667;10;3;2;3.666666667;15.33333333;2.666666667;2.666666667;4.333333333;6;12;2;1.333333333;0;4.666666667;5;2.666666667;0;1;0.333333333;0;4.333333333;20.33333333;3;0;2;9;4.666666667;7.333333333;4;2.333333333;1.666666667;2;4;4;4.333333333;11.66666667;1.666666667;8;3.666666667;11.33333333;1.333333333;5.666666667;0.333333333
OTU1110;41.33333333;2.666666667;5;2.666666667;8.333333333;0;73;12;28.33333333;9.333333333;12.33333333;3.333333333;14;7.666666667;0;25;7;1.333333333;6;3.666666667;15.33333333;19.33333333;4.333333333;12.66666667;15.66666667;6;9.333333333;34.66666667;5;0;0;0.333333333;8.666666667;0;3;1.333333333;7.666666667;0;37.66666666;5.333333333;26.66666667;0;0;0;0;0;0;0;4;14.33333333;0;24.66666667;13;1.333333333;1;0
OTU1111;0;1;0;0;0;0;0;0;0;0;0;0;0;0;0;0;0;0;0;0;0;0;0;0;0;0;0;0;0;0;0;0;0;0;0;0;0;0;0;0;0;0;0;0;0;0;0;0;0;0;0;0.333333333;0;0;0;0
OTU1112;0;0;0;0;0;0;0;0;0;0;0;0;0;0;0;0;0;0.666666667;0.333333333;0;0;0;0;0;0;5;0;0;0;0;0;0;0;0;0.666666667;0;0;0;0;1.333333333;0;1.333333333;0;0;0;0;0;0;0;0;0.666666667;0;2.333333333;0;0;0
OTU1113;67;180.6666667;120.3333333;109.3333334;61;20.66666667;181;91;267;75;76.66666667;130;77;30;28;188;68.33333333;58;47.33333334;14;30.66666666;58.33333333;21.33333333;24;49;13.33333333;19.33333333;36.66666667;75.33333333;65;129;65.33333333;156.6666666;51.66666666;86.33333333;65.66666667;30;69;190.6666666;83;121;34.33333333;41.66666667;12.33333333;54.66666666;4.333333333;48.33333333;28.33333333;106.6666667;9.666666667;37.33333333;85.33333333;42.33333334;14.66666667;119;5
OTU1114;1.333333333;3.666666667;7;0.333333333;1.666666667;0;2.666666667;0;4;2.333333333;1;3.666666667;0;0;0.333333333;5.333333333;2.333333333;4;1.333333333;0.666666667;0.666666667;0;0;3.666666667;1.666666667;0;0;0;0;7;5;2.333333333;3.666666667;0.666666667;0.666666667;0;1.666666667;3.333333333;1;0;5.666666667;0;0;0;0;0;0;1;0;0;0;0;4.666666667;0;8.333333333;0
OTU1115;0;15;9.333333333;1.333333333;5.666666667;9;7.666666667;0.666666667;2.666666667;0.666666667;5;0;1;4;0;2.666666667;2;0;0;1.666666667;1;1.666666667;0;0;5;0;0;0;0;6.5;6.666666667;0;0;2.333333333;0;0;0;1.666666667;6.666666667;0;0;1;0;1;0;0;0;1;12;1;1.666666667;4;0;0;3.666666667;0
OTU1116;180.6666667;181;155;263.3333333;135.6666667;24.33333333;191;277.3333333;216.6666667;55;296.6666667;123.6666667;102.6666667;29;30;273.3333333;201.3333333;73.33333333;51;36.33333333;46;49.66666667;32;62.33333333;34.66666667;20.33333333;35.66666667;110.3333333;232.3333334;112.5;106.6666667;51.66666667;250.6666667;19.66666667;66.66666667;104.3333333;178;88;247;197.3333333;309.6666667;48;56;133.3333333;74;13.66666667;97.33333333;60;521.3333333;8.666666667;41.66666667;26;107.3333333;20.33333333;182;32.33333333
OTU1117;0;0;0;0;0;0;0;0;0;0;0;1.333333333;0;1.666666667;0;0;0;0.333333333;1.333333333;0;0;1.666666667;0;0.666666667;0;0.333333333;1;0;0;0;0;0;0;0;2;0.666666667;0;0;2;0;0;0;1.666666667;0.333333333;0;0.333333333;0;0;0;0;1.666666667;0;2;0.666666667;0;0
OTU1118;2.666666667;1.333333333;5.666666667;0.333333333;7.666666667;0;3;24.66666667;0.666666667;0.333333333;3.666666667;10.33333333;0;0;1;0;2.666666667;1.666666667;0;0.666666667;0.333333333;2.666666667;1.666666667;0;0;0;0;0;0;0;0;2.333333333;0;0.333333333;5;0;0;0;10.66666667;0;1;0;0;0;0;0;0;0;5.666666667;0;0;2.333333333;0;0;0;0
OTU1119;61.66666666;148.6666667;119.3333333;132.6666667;41;24.66666667;141;54;205.6666667;66;75;53.99999999;44.66666667;16.33333333;20.66666667;71.00000001;45.66666667;23;28.33333333;9.333333333;48.33333333;25;30.33333334;37.00000001;71.33333333;14.33333334;27.66666667;44;51.33333334;49.5;55.00000001;19;82.66666667;28.66666667;25.66666667;26.33333333;43;11;80.33333333;25.33333333;59.66666667;5.666666666;9.333333333;11.33333334;26.33333333;0.666666667;11.33333333;9.333333333;98.66666667;4.333333333;4;26.66666667;404;7.666666667;75.33333334;7.333333333
OTU1120;290;334.6666666;105.6666667;456.6666667;170;37.33333333;259.3333334;204.6666667;350.3333333;142;254.6666667;161;230.6666666;42;74.66666667;243;236.6666667;109.6666667;83;62.33333334;176.6666667;126.3333334;87;100.6666667;157.6666667;72.33333333;125;141.3333334;145;269.5;263.6666667;190;536.3333333;71.66666667;129;175;160.3333334;53;383.3333333;265;350.6666666;75;87.66666667;80.66666666;65.33333333;32;88.33333334;66.66666667;562.6666667;61.66666666;105.6666667;110.6666667;204.6666667;40;168.3333334;55.33333333
OTU1121;0;0;0;0;0;3.333333333;0;0;0;0;0;0;0;7.333333333;0;0;0;0.333333333;0;0;0;2.333333333;0;0;0;0;0;0;0;0;0;0;0;0;0;0;0;0;0;0;0;2.666666667;1;0;0;0;0;0;0;8;0;0;0;0;0;0
OTU1122;0;1.666666667;0;0;0;1.666666667;0;0;0;0;0;0;0;1;0;0;0;7.666666667;0;0;0;0;0;0;0;0;0;0;0;0;0;0;0;0;0;0;0;0;0;0;0;0;0;0;0;0;0;0;0;0;0;0;0;0;0;0
OTU1123;0;0;0;0;0;50;0;0;0;0;0.666666667;0;0;9.333333333;0;0;0;2;0.666666667;1;0;0;0;0;0;0;0;3;0;0;0;0;0;0;0;0;0;0;0;0;0;0;2.666666667;0;0;0;0;0;0;2;1;0;0;0;0;0
OTU1124;0;0;0;0;0;7.333333333;0;0;0;3.333333333;0;0;0;2.666666667;1.333333333;0;0;2.333333333;0;0;0;0;0;0;0;0;0;0;0;0;0;0;0;3.666666667;0;0;0;0;0;0;0;0;1.333333333;0;0;0;0;0;0;0.666666667;0;0;0;0;0;0
OTU1125;0;0;0;0;0;3;0;0;0;0;0;0;0;2.333333333;2.333333333;0;0;1.333333333;0;3;0;0;2.333333333;1.333333333;0;0;0;2.666666667;1;0;0;0;0;0;0;1.333333333;0;0;0;0;0;0;0;0;0;0.666666667;0;2;0;0;0;0;0;0;0;0
OTU1126;0;0;0;0;0;1.333333333;0;0;0;0;0;0;0;2;0;0;0;0.333333333;0;0;0;0;0;0;0;0;0;0;0;0;0;0;0;0;0;0;0;0;0;0;0;0;0;0;0;0;0;0;0;0;0;0;0;0;0;0
OTU1127;0;0;0;0;0;16.33333333;0;0;0;0;0;0;0;4;2;0;0;0;0;0;0;0;0;0;0;0;0;0;0.333333333;0;0;0;0;8.666666667;0.333333333;0;0;0;0;0;1.333333333;4;0.666666667;0;0;0.666666667;0;0;0;19.66666667;0;0;0;0;0;0
OTU1128;0;0;0;0;0;0;0;0;0;0;0;0;0;2;0;0;0;3.666666667;0;0;0;0.333333333;0;0;0;0;0;0;0;0;0;0;0;0;0;0;0;0;0;0;0;1.666666667;0;0;0;0;0;0;0;0;0;0;0;0;0;0
OTU1129;0;0;0;0;0;0;0;0;0;0;0;0;0;0;3.666666667;0;0;0;0;0;0;0;0;0;0;0;0;0;0;0;24;0;0;0;18.33333333;0;0;0;12.33333333;21;0;0;0.333333333;0;14.66666667;0;7.666666667;0.333333333;0;1.333333333;0;0;0;0;0;0
OTU1130;0;0;0;0;0;0;0;0;0;0.666666667;0;0;0;2.333333333;0;0;0;0;0;0;0;0;0;0;0;0;0;0;0;0;0;0;0;0;0;0;0;0;0;0;0;8;0;0;0;0;0;0;0;4.333333333;0;0;0;0;0;0
OTU1131;0;0;0;0;0;4.333333333;0;0;0;0;0;0;0;0.666666667;0;0;0;0;0;0;0;0;0;0;0;0;0;0;0;0;0;0;0;0;0;0;0;0;0;0;0;0;0;0;0;0;0;0;0;0;0;0;0;0;0;0
OTU1132;0;0;0;0;0;0;0;0;0;0;0;0;0;0;2.666666667;0;0;2.333333333;0;0;0;0;0;0;0;0;0;0;0;0;0.333333333;3.333333333;0;0;0;0;0;6.666666667;0;0;0;0;1.333333333;0;0;0;0;0.333333333;0;0;0;0;0;0;0;0
OTU1133;0;6;0;0;0;0;0;0;0;7;0;0;0;4.333333333;1.333333333;0.666666667;0;2.333333333;5.333333333;0;0;0.333333333;0;0.333333333;0.666666667;1;2.333333333;1.333333333;0;0.5;0;0;0;0.666666667;1.333333333;2.333333333;3.333333333;0;0;3.666666667;0;4.666666667;0;1.333333333;0;1;1.666666667;0;0;0.333333333;1.666666667;0;0;0;1.333333333;0
OTU1134;10.33333333;42.33333334;7;13.33333333;33.33333333;14.66666667;27;21;16.33333334;76.66666666;6;16.66666667;14.33333334;28;16.66666667;11.66666667;11.33333333;13.66666667;14.33333333;4.666666666;7.666666667;7.666666667;6;12.33333333;2;0;4;0;10;152.5;69.33333334;21.66666667;49.33333333;25;36.33333334;22.33333333;23;19.66666666;37.66666667;54;43.33333333;42.66666667;28.99999999;15.66666667;25;9.666666667;16.33333333;13.33333333;9;11.33333333;12;1.333333333;11;0;22;3
OTU1135;0;2;0;1;0;14.66666667;0.666666667;1;0;5.333333333;0;0;2.333333333;0;0;0;0;0.666666667;0;4;1.333333333;0;0;0.666666667;2.666666667;0;0;0;0;0;0;0;0;1.666666667;0;0;0;0;0;0;1;4.333333333;0;0;2.666666667;0;0;0;0;0;0;0.666666667;0;0.666666667;0.333333333;0
OTU1136;0;0;0;0.333333333;3;0;0;0;0;0;0;0;0;0;0;0;2;0;1;1;0.333333333;0;0;2.333333333;0;0;0;0;1.333333333;0;0;0;0;0;0;0;0.333333333;0;0;0;0;0;0;0;0;0;0;0;0;0;0.666666667;0;0;0;0;0
OTU1137;0;0;0;0;1.333333333;0;0;0;0;0;0;0;0;0;0;0;0;2;0;0;0;2;0;0;0;8;3.666666667;0;0;0;0;0;0;0;0;0.666666667;0;0;0;0;0;0;3.333333333;3;0.333333333;14.33333333;2.333333333;1.333333333;0;0;0;0;0;8.666666667;0;3
OTU1138;2.333333333;2;0;0;0;5;0;0;0;6.333333333;0;0;0;0;0;0;0;2;6.666666667;9;0;0;0;0;3.333333333;0;0;0;0;0;0;0;0;0;0;0;13.33333333;0;0;0;0;3;0;0;0;0;0;0;0;1;2.666666667;2;0;0;0;0
OTU1139;55.33333333;18.33333334;57.33333333;35.33333333;44.33333333;6.666666667;41.33333333;41;36.66666667;31.66666667;27.66666666;41.66666667;51;53.66666667;35.66666667;16;34.66666666;38;43.66666667;38;22.66666666;43.33333334;15.66666667;41.66666666;16.66666667;72;40.33333333;16.66666667;43.66666666;2.5;18.33333334;40.33333333;31.33333333;17.66666667;31;36.33333334;38.66666667;14;22.33333334;39.33333333;35;66.66666667;36;67.33333334;34.66666666;67;71.66666667;85.33333334;54;66.33333333;39.33333334;33;11.66666666;29;111.6666667;36.33333333
OTU1140;0.333333333;0;0;2.666666667;0;0;0;0;0;0;0;3;0;2.333333333;0;0;2.666666667;0;0;2;1.333333333;0;0;7.333333333;2.666666667;0;0;2;0;5;0;0;0;0;0;0;0;0;0;0;0;0;0;0;0;0;0;0;0.333333333;0;0.333333333;0;0;0;0;0
OTU1141;157.6666666;12;151.6666667;40.66666667;199;13;85.66666666;78.33333334;40.33333333;13.33333333;39.66666666;168;69.66666666;55;115.3333333;40;289.3333334;89;165.6666667;198.6666667;231.6666667;116.3333333;168;296;321.6666667;330.6666667;197.3333334;151.3333333;57.33333334;3;197.3333333;58;54.33333333;52.33333333;57.33333333;89.00000001;53.33333334;35.66666667;32.66666667;28;59.66666666;17;55;50.66666666;131.6666667;215;93.33333333;69;68.99999999;99.66666667;123;76.33333333;85.66666667;330.3333333;64;464.6666667
OTU1142;1.333333333;0;0;0;0.666666667;0;0;0;0;0;0;0;0;1.333333333;1.333333333;0;0;0.333333333;0;0;0;0;0;0;0;0;2;0.666666667;8;0;0;1;0;0;4.666666667;0;2.666666667;0;0;0;0.333333333;0;0;0;11.33333333;0;0.666666667;0.666666666;0;0;3;0;0;0;0;0
OTU1143;733;107;317;210.6666667;465.9999999;30.33333333;363;387;620.6666667;25;346;339;534.6666667;99.66666667;370.3333333;250;546.6666667;117.3333333;205;62.33333334;422;164.6666667;424.3333333;217.3333333;158;202.6666667;187.3333333;266.6666666;1194;87;391.6666667;212.6666667;497;42.33333334;232;234.6666667;362.6666667;46.66666667;215;190.3333334;422;37.33333333;220.3333333;178.6666667;616.3333334;208.3333333;329;316;316.3333333;54.33333333;113;39.33333333;624.6666667;106.6666667;282;254.6666667
OTU1144;29;3;157.6666667;0.666666667;59.33333334;0.666666667;17;13.33333334;7.333333334;2;11.33333333;16.33333333;5.333333333;0;17;6.666666667;23.66666666;3.333333333;34.33333333;0;8;0;90.66666666;2.666666667;0;0;21;20;105;0;15.66666667;2.333333333;6.666666667;0;2.333333333;27.33333333;5.666666667;1;56.00000001;11.66666667;51.33333334;0;2.333333333;0;103.6666667;0;5;5;9.333333333;4.666666667;5;0;81.33333333;0;12.33333334;1
OTU1145;26.66666667;0;0;0;12.66666667;0;0;0;0;0;0;15.66666667;0;0;7;0;30;0;10.66666667;8;25;7.666666667;73;31.66666667;10.33333333;8.666666667;5.666666667;21.33333333;8.666666667;0;0;0;0;0;0;0.333333333;24.33333333;0;0;0;0;0;10.33333333;0;0;3;0;5;0;0;9;0;3.333333333;0;0;0
OTU1146;2;5;7;5.333333333;0;0;16;3.666666667;8;0;8.333333333;0;0.333333333;0;0;0;5;0;0;0;0.666666667;0;0;0.333333333;0;0;0;0;4.333333333;0;0;1.666666667;0.666666666;0;0;0;0;1;6;0;0.333333333;0;0;0;0;0;0;0;0;0;0;0;0;0;0;0
OTU1147;67.66666666;46.66666667;67;35.33333334;88.99999999;3.666666666;46.66666666;31;55.99999999;17.66666667;26.66666667;96.66666667;24.33333333;29;158.3333333;33.33333333;196.3333333;33.66666667;102;61.33333334;175.3333333;82;290.3333333;152.6666667;111.6666667;93.33333333;142.6666667;113.3333333;92;24.5;138;22;58.66666667;11;33.33333333;93.99999999;136.3333333;7.333333333;48.33333333;28.66666667;55.66666666;20.66666667;41.66666667;20.33333333;132.6666667;56.33333334;50.66666667;60.33333333;65;17.66666667;57.33333333;32.33333333;187;96;48;143.3333333
OTU1148;0;0.333333333;0;0;0;0;0;0;1.333333333;0;0;0;1.333333333;3;0;0;1.333333333;1.333333333;0;0;0;3;0;0;0;3;6;0;0.666666667;0;0;4;0.666666667;2;3.666666667;7.333333333;2.333333333;0.666666667;0;18.33333333;0;0;11.66666667;1;0;11;35.33333333;25;0;0;0;0;0;2;0;5.333333333
OTU1149;0;0.666666667;0;0;0;1.666666667;0;0;0;0.333333333;0;0;0;0;0;0;0;0;0;0;0;0;0;0;0;0;0;0;0;0;0;0;0;0;0;0;0;0;0;0;0;1.333333333;0;0;0;0;0;0;0;0;0;0;0;0;0;0
OTU1150;0;0;0;0;0;0;0;0;0;0;0;0;0;0;0;0;0.666666667;0;0;0;0;0;0;0;0;0;0;0;0;0;0;0;0;0;0;0;0;0;0;0;0;0;0;0;0;0;0;0;0.666666667;0;0;0;0;0;0;0
OTU1151;0;0;0;0;0;0;0;0;0;0;0;0;0;0.333333333;0;0;0;0;0;0;0;0;0;1.333333333;0;0;0;0;0;0;0;0;0;1;0;0;0;0.333333333;0;0;0;0;0.333333333;0;0;0;0;0.333333333;0;1.333333333;0;0;0;0;0.333333333;0
OTU1152;0;3.333333333;1.666666667;1.666666667;0.333333333;0.666666667;0;0.666666667;1.666666667;0;4.666666667;1.333333333;1.666666667;0;1.333333333;0;2;0;0;1.666666667;1.333333333;1.666666667;1.333333333;0.333333333;1.333333333;0;0;1.333333333;0.666666667;2.5;0.666666667;0.666666667;0;1;0.333333333;0;0;0;2.333333333;0;0;0;1.666666667;0.333333333;1.333333333;1;0.333333333;1;1;0;0.666666667;0.333333333;0;1.666666667;2;0
OTU1153;0;0;0;0;0;0;0;0;0;0;0;0;0;0;0;0;0;0;0;0;0;0;0;0;0;0;0;0;0;0;0;0;0;0;0;0;0;0;0;0;0;0.333333333;0;0;0;0;0.333333333;0;0;0;0;0;0;0;0.666666667;0
OTU1154;0;0;0.333333333;0;0;0;0;0;0.666666667;0;0;0;0;0;0;0;0;0;0;0;0;0;0;0;0;0;0;0;1;0;0;0;0;0;0;0;0;0;0.666666667;0.333333333;1.333333333;0;0;0;0;0;0;0;0;0;0;0;0.333333333;0;0;0
OTU1155;0;0;0;0;1.333333333;0;0;0;0;0;0;0;0;0;0;0.333333333;0;0;0;0;0;0;0;0;0;0;0;0;0;0;0;0;0.666666667;0;0;0;0;0;0;0;0;0;0;0;0;0;0.333333333;0;0;0;0;0;0;1;0;0
OTU1156;4;13.66666667;2.333333333;4.666666667;1;0;9.666666667;2.666666667;6;0;1.666666667;1;13.33333333;0.666666667;9.333333334;0;0.666666667;0.666666667;2.666666667;1.333333333;2.333333333;3;1;1.666666667;2.333333333;2;0;0;1;0.5;1;0;2;6.333333333;0;0;2.666666666;1.333333333;2.333333333;8;12;1.666666667;0;1;0;2.666666667;0;0.333333333;3;1;10.66666667;2.333333333;0;1.333333333;2.333333333;2
OTU1157;0;0;0;2;0;0;0;0;0;0;0;0;0;0.333333333;0;0;0;0;0;0;0;0;0;0;0;0;0;0;0;0;0;0;0;0;0;0;4;0;0;0;0;0;0;0;0;0;0;0;1;0;0;0;0;1.333333333;0;0
OTU1158;0.666666667;0;0;0;2.333333333;0;0;0;0;0;0;0;0;0;0;0;0;1.666666667;0;0;0;0.333333333;0;0;0;1.333333333;0;0;0;0;0;0;0;0;0;0.666666667;0;0;0;0;0.666666667;0;0;0;0.666666667;0;0;0;0;0;0;0;1.666666667;1.333333333;0;0
OTU1159;0;0;0;0;0;0;0;0;0;0;0;0;0;0;0;0;0;0;0;0;0;1;0;0;0;0;0;0;0;0;0;0;0;0;0;0;0;0;0;0;0;0.333333333;0;0.333333333;0;0;0.333333333;0;0;0;0;0;0;0;0;0
OTU1160;0;16.66666667;0;20.66666667;6.333333333;0;3.666666667;17;4.333333333;5.333333333;2.333333333;2.333333333;3.666666667;3;6.333333333;0;0;4;0;0;0;0;0;0;23.66666667;0;0;1.666666667;1.333333333;2.5;0;1.666666667;26.66666667;0;0;1.666666667;2.666666667;0;3.666666667;3;9.666666667;0;0;0;0;0;0;0;0.666666667;0;0;0;0;0;1;0
OTU1161;0;0;0;0;0;16.66666667;0;0;0;0.666666667;0;0;0;0;0;0;0;0;0;0;0;0;0;0;0;0;0;0;0;0;0;0;0;0;0;0;0;0;0;0;0;12.66666667;0;0;0;0;0;0;0;0;0;0;0;0;0;0
OTU1162;0;6;3.666666667;0;0;0;10;0;0;0;0;1;0;0;0;0;0;0;0;0;0;0;0;0;0;0;0;0;0;0;0;0;0;0;0;0;0;0;0;0;1.666666667;1.333333333;0;0;0;0;0;0;0;0;0;0;0;0;0;0
OTU1163;26;12.33333333;36.66666666;6.333333333;0;0;32.66666667;6.666666666;11;5.666666667;27.66666667;0;15.33333333;5.333333333;0;7;6;10;10.66666667;0;5.333333333;14.66666667;1.333333333;0;2.333333333;1.666666667;4.666666667;5;4;2;0;0.666666667;3.333333333;3.333333333;1;23.33333333;3.666666666;0;17.66666667;0;2.666666667;32.66666667;0;0;5.333333334;0.333333333;2;8;0;4.666666667;3;7;0;1.333333334;2.666666667;11.33333333
OTU1164;28;94.33333333;45;89.33333333;44.66666667;2.333333333;65.33333333;32.66666667;157.6666667;10.66666667;65;34.33333333;23.66666667;20;35;19;75;13;19;6.333333333;48.66666667;7.333333333;62;2.666666667;43;0;31;9.666666667;52;910.5;57.66666666;18.33333333;149;3;10.66666667;36;12;15.33333333;71.66666667;4;51.33333333;2.333333333;7.666666667;0;25;0;3.333333333;1;66.66666667;0;3;0;49.66666667;9.666666667;40;20.33333333
OTU1165;53.66666667;188;161.6666667;73.33333334;109.6666667;56.33333333;140;125;94.33333334;111;143;109;94.33333333;78.33333333;73.66666667;102;78.33333333;85.33333333;57.33333334;54;80;78.33333333;50.66666667;38.33333333;81;31.66666667;80;48;76;66.5;68;33;130.6666666;55.66666667;57;90;62.66666667;32.66666667;107.6666667;70.66666666;136;91.66666666;36;44.66666666;68;34.66666667;37.66666667;47.33333334;115;52;56;67.66666667;48.66666667;28.66666667;134;36.33333333
OTU1166;38;80;25.66666667;58.33333333;51.33333333;4;179;20;56.33333334;63;85.33333333;34.66666667;97;25.33333333;56.33333334;24.33333333;49.33333333;54;24;43.33333333;27.33333333;15;32.33333334;62.33333333;57.33333333;46;116.3333333;66;80;113.5;89;18.66666667;128.6666667;13.33333333;64.66666666;108.6666667;49;22;63.66666667;45.33333333;53.66666667;41.33333333;23;153;35;24.66666667;9.666666667;55;396.6666666;17.66666667;29.66666667;11.33333333;42.66666666;56.66666667;190;41.66666667
OTU1167;0;0;0;0;0;0;0;0;0;0;0;0;0;0;0;0;0;0;0;0.666666667;0;0;0.666666667;0;0;0;0.666666667;0;0;0;0;0;0;0;0;0;0;0;0;0;0;0;0;0;0;0;0;0;0;0;0;0;0;0;0;0
OTU1168;0;0.333333333;1.333333333;0.666666667;0;0;2.333333333;16.33333333;0.666666667;0;0.666666667;1.666666667;27;0;2;1;0.333333333;0;0;0;0.666666667;1.333333333;0;0;0;0;0;0;0;0;0;1.333333333;0;0;0;0;0;0;2;0.333333333;0;0;0;0;0;0;0;0;0;0;0;0;0;0;0.333333333;0
OTU1169;0;0;0;0;0;0;0;0;0;0;0;0;0;0;0;0;0;0;0;0;0;3.333333333;0.333333333;0;0;0;0;0;0;0;0;0;0;0;0;0;0;0;0;0;0;0;0;0;0.333333333;0.333333333;0;0;0;0;0;0;0;1.333333333;0;1
OTU1170;0;5.333333334;1.666666667;0;0.666666667;0.333333333;3.333333333;2.333333333;2.666666666;1.666666667;0.333333333;1.666666667;0;0.333333333;0;0.333333333;4.333333333;0;1;0.666666667;1.333333333;0;0;0;1.333333333;1;1;1.666666666;1;3;1.333333333;1.333333333;1;0;2;0;0.666666667;0.333333333;5.000000001;1.999999999;1;0;0.333333333;1;1.666666666;0.333333333;0.333333333;0.666666667;0.666666666;0;0;0.666666666;1.333333333;0;2.000000001;0
OTU1171;0;0;0;0;0;0.666666667;0;0;0;1.333333333;0;0;0;0;0;0;0;0;0;0;0;0;0;0;0;0;0;0;0;1;0;0;0;0;0;0;0;0;0;0;0;0;0;0;0;0;0;0;0;0;0;0;0;0;0;0
OTU1172;1;10.33333333;0.666666667;1.666666667;1;0;1.333333333;1;1.666666667;2.333333333;0;1.666666667;1;0;1;1;0.333333333;0.666666667;0;0;1;0;0;0.666666667;3.333333333;0;0.666666667;9.666666667;1;4;0.333333333;0.666666667;1;1.666666667;0.666666667;0;0;1;1.666666667;0;1.333333334;1;0.333333333;0;0.333333333;0;2.333333333;0.333333333;2.666666667;0;0;0;0.666666667;1;0.666666667;0
OTU1173;1.666666667;10.33333333;5.666666667;1;1;0;1.666666667;1.333333333;4.333333333;0;3.666666667;3;2.666666667;5.666666667;1.333333333;0.666666667;7;0.333333333;1.333333333;3;3;0;5;5;3;0;2.333333333;5;0;1;3;0.333333333;0;0;1.333333333;0.666666667;0;0.666666667;2;0;3;0;1;0.666666667;1.333333333;5.333333333;0.333333333;1;0.333333333;2.333333333;0.333333333;0.333333333;2;6.333333333;0;1.333333333
OTU1174;0;0;1;0;1;0.666666667;0;2;4;0;1;0.666666667;4.333333333;0;0;0;0;1;0;0;0;2.333333333;1.333333333;0;1;0;0;0;0;0;0;0;0;1.666666667;0.333333333;2.666666667;1;0;0;0.666666667;0.333333333;0;0;1;0;0;0;0;0.666666667;0;0.666666667;5.333333333;0;1;0;1.333333333
OTU1175;0;0;0;0;0;1;0;0;0;0;0;0.666666667;0;0;0;0;0;0;0;0;0;0;0;1.666666667;0;0;0;1;0.666666667;0;0;0;0;0.333333333;0;0;0;0;0;0;0;0;0;0;0;0;0;0;0;0;0;0;0;0;0;0
OTU1176;0;1;2.666666667;0;0;0;0;0;0;2.333333333;0;1.333333333;0;0;1;0;0;0;0;1;0;0;0;0;1;0;0;0.666666667;0.333333333;2.5;0.333333333;1;0;0.666666667;1.666666667;0;0;0;0;1;0;0.666666667;0;0.666666667;0;0;0;0;1.666666667;0;0;0;0.333333333;0;0;0
OTU1177;0;0;0;0;0;0;0;0;0;0;0;0;0;0;0;0;0;0;0;0;0;0;0;0;0;0;0.333333333;0;0;0;0;0;0;0;0;0;0;0;0;0;0;0;0;0;0;0;0;0;0;0.333333333;0;0.666666667;0;0;0;0
OTU1178;0.333333333;0.666666667;0;2.666666667;1;3.333333334;0;0.666666667;0;1.666666667;0;0.666666666;1.333333333;1.333333334;5;0.333333333;0.333333333;0.666666667;1;0;3.666666667;0;0;1.333333333;0.666666667;0.333333333;0;0.666666667;0;2;1;1.666666667;0;3.666666666;0.666666667;0;0;0;1.333333333;0;0;1.333333333;0;0;0;0;1;0.333333333;0;0.666666667;0.666666667;0.666666667;0.666666667;0;0.666666667;0
OTU1179;0;0;0;0.333333333;0;0.333333333;0;0;0;0;0;0;0;0;0;0;0;0;0;0.333333333;0;0;0;0;0;0;0;0.333333333;0.333333333;1.5;0;0;0;0;0;0;0;0;0;0;0;0;0;0;0;0;0;0;0;0;0;0;0;0;0;0
OTU1180;0;0;0;0;0;0;0;0.666666667;0;5;0;0;1;0.333333333;0;0.333333333;0;0;0.333333333;0;0;0.666666667;0;0;0;0;0.666666667;0;0;0;0;1;0;0;0;0.333333333;0.333333333;0.333333333;0;1;0.333333333;0;0;2.333333333;1;0;4;3.333333333;1.333333333;0;1.333333333;0.666666667;0;0;1.333333333;1
OTU1181;0.666666667;0.333333333;0;0;1.666666667;0;0.666666667;0;0;0;0;0;0.666666667;0;0.333333333;0;0;0;0;0;0;0;0.333333333;2;3;0;0;1;0;0;0;0;0;0.333333333;0;1;0;0;0.333333333;0;0;0;0.666666667;0;0.333333333;1;0;0;0;0;0;0;0;0.333333333;0;0
OTU1182;0;0;0;0;0;1;0;0;0;1;0;0;0;4.666666667;0;0;0;0.333333333;0;0;0;2.333333333;0;0;0;0;0;0;0;0;0;0;0;3;0;0;0;0;0;0;0;0;0;0;0;0;0;0;0;0;0;0;0;0;0;0
OTU1183;1;0;0;0;0;5;0;0;0;3;0;0;0;3;0;0;0;0;0;0;0;0.666666667;0;1;0;0;0;0;0;0;0.333333333;0;0;10.66666667;0;0;4.333333333;0;0;0;0;8;3.333333333;0.666666667;0;0;0;0;0;6;2.333333333;4.333333333;0;1.666666667;1;0
OTU1184;61.66666667;70;33.33333334;43.33333333;70.66666667;74.33333333;36;69;37;79.33333333;48;32.66666667;142;135.3333333;68.33333333;67;38.33333334;92.33333334;68.66666667;73.33333333;70.33333333;76.33333333;30;65.66666667;54.33333333;41.33333333;68.66666667;65.66666667;42.66666667;104;22;15.33333334;44.66666666;76;72.66666667;64.66666667;130;7;70.33333334;113.3333333;79.66666667;122;88.33333334;59.99999999;54.33333333;56.33333334;39.66666667;68;118.6666667;109;106.3333333;105.3333333;108.3333333;62.99999999;116.3333333;48
OTU1185;0.333333333;0;0;0;2.333333333;43;0;0;0;7.333333333;0;0;1;25;1.666666667;0;0;10;5;5.666666667;0;11.66666667;0;8.333333333;2.666666667;16.33333333;0.333333333;0;0;0;0;0;0;16;3.333333333;4.666666667;1;0;0.333333333;4.666666667;0;17.66666667;11.66666667;1.333333333;2.666666667;4.333333333;0.666666667;9;0;31.33333333;2.666666667;0;0;4.333333333;1;2.666666667
OTU1186;0;0;0;0;0;0;0;0;0;0;0;0;2.666666667;0;0;0;2;0;0;0.666666667;1.666666667;5;4.666666667;7;0.333333333;0;4.333333333;3.333333333;2.666666667;0;0;0;2;0;0;1;6.333333333;0;0;0;0.666666667;0;0;0;0;0;0;0;6.333333333;0;4.333333333;25.33333333;1.333333333;0;1.666666667;0
OTU1187;0;0;0;0;0;0;32.33333333;0;0;0;0.333333333;0;0;0;0;0;0;0;0;0;0;0.666666667;0;0;0;0;0;0;0;0;0;0;0;0;0;0;0;0;3.333333333;0;0;0;0;0;0;0;0;0;0;0;0;0;0;0;0;0
OTU1188;3.666666667;0.333333333;4.333333333;4;1.333333333;0;5.333333334;1;1.666666667;0.666666667;2.666666667;6.333333333;1;2.333333333;0;0;2.333333333;0;1;2;7;11.33333333;0;6.333333333;1;4;0.666666667;4.666666667;4.666666667;0;0;0.333333333;3.333333333;0;0;1.666666667;0;0;2;0;0.333333333;0;0;0;0;0;0;0;0;3.333333333;0;14;0;0.666666667;0;0
OTU1189;0;0;0;0;0;0;0;0;0;0;0;1.666666667;0;0;0;0;2.666666667;0;0;0;0;0;0;2;0;1;0;0;0;0;0;0;0;0;0;0;1.333333333;0;0;0;0;0;0.333333333;0;0;0;3;0;0;2.333333333;0;0;0;3.333333333;0;0
OTU1190;0;0;1;0;0;0;1.333333333;0;0;0;0;0;0;0;0;0;0;0;0;0;0;2.333333333;0;0;0;1.333333333;0;0;0;0;0;0;0;0.333333333;0;0.666666667;0;0;0;0;0;0;0;0;0;0;0;0;0;0.333333333;0;0;0;0;0;0
OTU1191;0;9.666666667;0;5;0;9.333333333;0;0;0;24;0;9.666666667;2.666666667;2;0;11;0;0;0;0;4.666666667;0;0;2;0;0;0;2;0;48.5;0.333333333;6;0;0;0;0;0;0;0;0;4.333333333;3;0;0;0;2.333333333;0;0;0;2.666666667;0;3;0;0;2;0
OTU1192;2.333333333;5;9.333333333;8;0;15.66666667;6.333333333;6.333333333;18;35.66666667;5.333333333;6.333333333;0;75.33333333;10.33333333;0;1.666666667;67;0;0;4;34.33333333;1.666666667;5.333333333;5.333333333;0;0;3.333333333;9.333333333;421.5;13;80.33333333;18.66666667;42.33333333;6.666666667;3.666666667;7.333333333;158.6666667;8.666666667;4.333333333;2.666666667;14.33333333;0;0;0;0;0;4.333333333;6.666666667;7;0;0;0;0;0;0
OTU1193;0.333333333;0;0;0;0;43.33333333;0;0;0;124;0;0;1.333333333;155.6666667;8.666666667;0;1;81.33333333;0;0;0;61.66666667;0;4.333333333;10.66666667;0;0;0;0;85;0;95;0;68.33333333;12;9.666666667;3.333333333;296.6666667;0;0;0;27.66666667;3.666666667;0.666666667;0;1;3;5.333333333;0;5.666666667;0;0;0;5.333333333;0;0
OTU1194;2;18.66666667;15;17.33333333;0;0;0;2.666666667;17.66666667;4.666666667;7;10;6.333333333;0;7;0;1.666666667;10.66666667;0;0;2.333333333;0;9.666666667;14.33333333;0;0;11;7;31.66666667;62.5;45.66666667;80.33333333;17;3;6;0;7;95.66666667;16;1.666666667;0;12;14.33333333;2;0;0;31.33333333;0;0;0;0;0;0;0;15.33333333;0
OTU1195;326;762.3333333;521.6666667;426.6666667;266.6666667;168.3333333;433.6666667;427.3333333;563.3333333;420.3333333;274.6666667;362.6666667;289.6666667;350;387;327.6666667;155.3333333;290;115.3333333;97;162.6666667;131.6666667;76.33333333;94.66666667;198;50.66666667;102.3333333;118.3333333;361.3333333;463;461;599;526.6666667;213.6666667;321.6666667;186.6666667;160.6666667;1588.333333;535;261.6666667;291;216;134.6666667;54.66666667;145.3333333;35.66666667;72;115;188.3333333;122;79.66666667;115;162.6666667;46.66666667;361.3333334;72.66666667
OTU1196;0;1.666666667;0;0;0;0;0;0;0;7.666666667;0;0;0;0;0;0;0;2.333333333;0;0;0;0;0;0;0;0;0;0;0;5;5.666666667;4;7;0;1;0;0;2.333333333;1;2.666666667;0;3.666666667;0;0;0;0;0;0;0;0;0;0;0;0;2;3.333333333
OTU1197;0;0;0;0;0;0;0;0;0;0;0;0;0;1.333333333;0;0;0;0;0;0;0;5.666666667;0;0;0;0;0;0;0;0;0;0;0;0;0;0;0.666666667;0;0;0;0;0;0;0;0;0;0;1;0;0;0;0;0;0;2.333333333;0
OTU1198;7.666666667;16.66666667;7;11;5;0;4;3.333333333;6;10.66666667;6.666666667;7;9.333333333;11.66666667;1.333333333;1.333333333;15;3;11.66666667;15.66666667;10.33333333;11.33333333;9.333333333;25.33333333;19.66666667;12;10.66666667;12.66666667;20;9;2;1.666666667;1.666666667;5;0.666666667;13;20.33333333;3.333333333;4;7;4;16.66666667;6.333333333;23.33333333;6;4.666666667;2.333333333;9.666666667;9.333333333;22;20;15.33333333;4;8;12.66666667;0
OTU1199;336.6666667;45;93.66666667;68.66666666;85.66666667;658;42.66666666;47;86.33333333;599;95;186.3333333;77;69;61;511.3333333;174.6666666;44.66666667;314.3333333;152.6666667;1120.333334;90.66666667;204;643;336.3333333;18;294;646;172.6666667;171.5;31;104.3333333;35.66666667;188.3333333;29;37.66666667;264.3333334;316.3333333;36.33333333;84;68.66666667;8.333333333;20;40.66666666;140.3333333;9.666666667;5.666666667;49.66666667;45.66666666;10.33333333;444;253.6666666;110.3333333;7.666666667;61;230.6666667
OTU1200;0;1;1;0;0.333333333;13.33333333;0;0;0;4;1;0;1;10.66666667;0;1.666666667;2.333333333;8;2.666666667;1.666666667;0;16;0.666666667;2.333333333;2;0;2;1.333333333;0;0;0;0;0;5;0.666666667;0;0;0;0;0;0;10;9.666666667;0;0;1.666666667;0;3.666666667;4;7;2;9.666666667;1.333333333;4.666666667;12.33333333;0
OTU1201;0;8;3.333333333;3.666666667;3.666666667;10.33333333;6;0;7;8.333333333;1.666666667;0;3;14.66666667;0;3.333333333;0;12.33333333;0.666666667;3.333333333;3.666666667;5.333333333;1.333333333;2.333333333;30.33333333;1.333333333;2;0;0;0;0;0;0.333333333;0;0;0;4.666666667;0.666666667;1;0;1.333333333;5;0.666666667;0;0;0;0;0;0;2.333333333;0;4.333333333;0.666666667;0;8.333333333;0
OTU1202;0;1;0;0;0.666666667;6;0;0;0;9.666666667;0;0;0;3;0;0;0.333333333;1.333333333;1;0.333333333;2.666666667;2.333333333;0;0.666666667;0;0;0;0;0;0.5;0;0;0;1.666666667;0;0;0;0;0;0;0;3;0.333333333;0;0;0;0;0.333333333;1;1.666666667;0;2.333333333;1;0;0;0
OTU1203;6.666666667;1.333333333;0;0;0;72;0;1;2;35.33333333;0.333333333;10;2.666666667;27;0.333333333;0;11.66666667;15.66666667;15.66666667;11.33333333;9.666666667;13.33333334;2;22.33333333;19.33333333;14;10;7.666666667;0;0;0;4.333333333;0.666666667;54.33333333;7.333333334;7.666666667;7;2.666666667;1.333333333;0;1;14;16.66666666;3.666666667;4.333333333;25;20.66666667;8.333333333;2.666666667;42;13;13;6;20.33333333;12.33333334;8
OTU1204;0;0;0;0;0;5.666666667;0;0;0;0;0;0;0;0.666666667;0;0;0;0;0;4.666666667;0;1;0;1;2.333333333;1.333333333;0;0;0;0;0;0;0;10.33333333;0;0.333333333;0;0;0;0;0;6.666666667;2.333333333;0.333333333;0;7.666666667;0;4;0;16.66666667;0.333333333;0.333333333;0;5.333333334;0;3.333333333
OTU1205;0;0;0;0;0;0.333333333;0;0;0;0;0;0;0;0;0;0;0;1;0;0.666666667;0;0.333333333;0;1;2.666666667;1.333333333;0;0;0;0;0;0;0;2.666666667;0;0;0;0;0;0;0;1.333333333;0;0;0;0;0;0;1.333333333;1;0;0;0;0;0;0
OTU1206;21.66666667;6;6.666666667;5.333333333;6.666666667;36.33333333;7;20.33333333;0;41.33333333;14;21.66666667;10.33333333;119.3333333;29.66666666;8.666666666;7.333333334;29;92.66666666;93.66666667;8;69;9.333333333;37.66666667;21;37.66666667;2;17.66666667;18.66666667;0;24.33333334;28.33333333;7;124;64.33333333;80.33333333;93.66666667;9.333333334;22;79;27;58.33333333;98.33333333;108.3333334;39.66666667;169;103.3333333;125.3333333;6.333333333;84.33333333;92;61;27.33333333;128;52;159
OTU1207;3.333333333;0;0.666666667;0;3.333333333;22.33333333;0;0;0.333333333;24.33333333;0;10.66666667;0;27;9.666666667;0;14.66666667;22.33333333;18;15.66666667;11.66666667;15.66666667;13;26;15;20.33333333;8.333333333;11.66666667;2;0;0;0;0;37.66666667;10;16;15.33333333;0;0.333333333;3.666666667;0;35.33333333;27.33333333;55.33333333;13.33333333;43.33333334;10;46.33333333;3;47.33333333;11.66666667;0;6.333333333;28.66666667;22;14.66666667
OTU1208;0;0;0;0;0;2.333333333;0;0;0;1.666666667;0;0;0;0;0;0;0;0;0;1;0;0;0;0;0;0;0;0;0;0;0;0;0;0;0;0;0;0;0;0;0;0;0;0;0;0.666666667;0;0;0;0.333333333;0;0;0;0;0;0
OTU1209;5.333333333;0;0;0.666666667;21.33333333;7.333333333;0;0;0;0;4;3;2.666666667;22;4.666666667;4.666666667;5.666666667;13.66666667;35;51;24.66666667;52;12.66666667;19.66666667;25.33333333;68;49.66666667;14;0;0;0;0;0;5;3;26.66666667;5.666666667;0.666666667;0;11.66666667;0.666666667;12.66666667;22.66666667;111;8;29;7.333333333;49.33333333;4.333333333;10.33333333;44.33333333;17.33333333;29.66666667;23;48.66666667;36.66666667
OTU1210;56;11.66666667;12.33333333;17;188;55.33333334;7;25;11.66666667;30.33333333;72.66666666;59;41;81.33333333;31.33333334;38.66666666;117.3333333;56;106.3333333;95.33333333;87.66666667;89;101;55.33333333;81.66666667;132;126.3333333;74.66666667;66.33333333;6;0.666666667;2.333333333;11.33333333;52;26.33333333;117;48.33333333;4.666666666;16;58.66666667;80.33333333;116.6666667;144.6666667;97;187;135;174.3333333;108;103;155.3333333;139.6666667;106.3333334;118.3333333;169.3333333;119;176.3333334
OTU1211;3.666666667;1.333333333;0;1.333333333;0;4.666666667;0;0;0.333333333;0;0;0;1;2.333333333;0;0;0;0;1;3;0;13.66666667;0;0;0;0;0;0;1;0;0;0;0;3.333333333;0;0.666666667;0;0;0;0;0;3.666666667;1.333333333;0;0;0;0;0;0;2.333333333;1;0;0;0;0;0
OTU1212;23.33333333;1;0;2.666666667;8.666666667;3.333333333;1.333333333;3.666666667;0.333333333;0.666666667;1.333333333;9.666666667;1.333333333;5.333333333;1.666666667;0;17.66666667;27.33333333;11;17.66666667;18.33333333;38.66666667;7.666666667;23.33333333;8.333333333;12;5.333333333;10;0.666666667;0;2.333333333;3;2.333333333;3;0.666666667;2.666666667;12.33333333;0.333333333;0.333333333;1;0.666666667;1;25;13.66666667;2.333333333;41.33333333;12;9.333333333;1.666666667;1.666666667;15.66666667;9.333333333;12;84.66666667;2;45
OTU1213;0;9;1;0;0.333333333;9.666666667;0;0;0;5.666666667;0;0;3.333333333;6.666666667;0;1.333333333;5;4.333333333;0;0.333333333;0;0;4;3.666666667;0;0.666666667;1.666666667;0.666666667;0;1;0.666666667;0;0;14.66666667;0.333333333;2;0;0;0;1;0;8;3.333333333;0;0;0;1.333333333;0.666666667;3;0;0;0;2.666666667;0;5.666666667;0.333333333
OTU1214;8;2.333333333;0;0;0;0;0;0;0;0;0;0;1.333333333;0;0;2;0;2.333333333;12;18;3.666666667;12;0;12;1.333333333;0;3.666666667;0;0;0;0;0.333333333;0;7;0;0;1;0;1.666666667;0.333333333;6.666666667;8;4.666666667;1.333333333;0.666666667;0;1;5.333333333;0.666666667;1;10;26.33333333;0;0;8.666666667;1
OTU1215;0;0;0;0;0;0;0;0;0;0;0;0;2;0;0;0;0;1;3.666666667;6;2.666666667;5.666666667;0;4;0.666666667;0;1.666666667;0.333333333;0;0;0;1.333333333;0;0;0;0;0;0;0.333333333;0;0;0;0.333333333;0.666666667;0;0;0;2.333333333;1;0;1.666666667;15;0.666666667;0;0.666666667;0
OTU1216;2.666666667;0;0;0;0;3;0;0;0;5.333333333;0;0;0;0;0;0;0;0;0;0;1.666666667;0;0;0;1;0;2.666666667;1;0;0;0;0;0;5;0;0;1.666666667;0;0;0;0;0;0;0.333333333;0;0.333333333;0;0;0;0;0.333333333;1;0;7.666666667;0;0
OTU1217;88.33333334;8.666666667;14;9.333333333;169.6666667;75.66666666;25.66666667;37;17.66666667;42;58;88.33333334;72;116;116;21.33333333;123.3333333;113.6666667;119.6666667;112.6666667;116.6666667;97.66666667;104.6666667;215.3333334;200.6666666;229;197;115.3333333;64.66666667;3;17;45;14.66666667;111.3333333;120;162.6666666;142.6666667;21.66666667;44.66666667;149;54;85;177;299.6666667;101.3333333;173;176.6666666;155;81.66666667;104.6666667;132.3333334;114.6666667;119;201.3333334;168.3333333;141
OTU1218;0;8.666666667;0;2;0;0;1;3.666666667;0;6.333333333;0.666666667;1.333333333;0.666666667;0;0.333333333;0;0;0;0;0;0;0;0;0;0;0;0;1.333333333;0.333333333;10.5;2.333333333;0;2.333333333;0;0.666666667;0;0.333333333;1;6;0;2.333333333;0;0;0;0;0;0;0;0.333333333;0;0;0;0;0;0.333333333;0
OTU1219;0;0;0;0;0;0;0;0;0;0;0;0.666666667;0;0;0;0;0;0;0;0;0;0;0;0;0;0;0;0;0;0;0;0;0;0;0;0;0;0;0;0;0;0;0;0;0;0;0;0;0;0;0;0;0;0;0;0
OTU1220;0;0.666666667;0;0;0;8.333333333;0;0;0;0;0;0;0;6.333333333;0;0;0;0;0.333333333;5.666666667;3;0.666666667;4;9.666666667;22.33333333;0;7.333333333;0;0;0;0;2.666666667;0;6.666666667;0;0;0;0;1;0.333333333;0;16;0.333333333;0.666666667;0;1.333333333;0;0;0;41;1.666666667;15.33333333;4;7;3.333333333;5
OTU1221;33.33333333;6.666666667;20.33333334;7.333333333;20.33333333;246;53.66666667;49;19.33333333;90.66666667;24;19.33333333;14;308.3333333;29.33333333;5.666666667;25.66666667;107.6666667;17.66666667;14;17.66666667;28;17.66666667;19.33333333;18.33333333;78;19.33333333;22.33333333;24;0;26;417.6666667;7.333333333;63.33333334;90;19.66666667;31.33333333;287.3333333;34.33333333;66.66666667;24;3.666666667;87.33333333;49;24;28.33333333;68.33333333;55.33333333;40.33333333;10;35.66666667;4.666666667;26;17.33333333;44.33333333;28.33333333
OTU1222;0;1;0;0;0;0;0;0;0;0;0;0;0;0;0;1;0;0;0;0;0.333333333;0;0.666666667;3;0;0;0.333333333;0.666666667;0;0;0;0;0;0;0;0;0;0;0;0;0.666666667;0;0;0;0;0;0;0;0;0;0;0;0;0;0;0
OTU1223;0;0;0;0;0;0;0;0;0;0;0;0;0;0;0;0;0;0;0;0;0;2.333333333;1.666666667;0;0;0;0;0;0;0;0;1.333333333;0;0;0;0;0;0;0;0;0;0;0;0;0;0;0;0;0;0;0;0;0;0;0;0.666666667
OTU1224;0;0;0;0;0;0;0;0;0;2;0;0;0;0;0;0;0;0;0;0;0;1.333333333;0;0;0;0;0;0;0;0;0;0;0;0;0;0;0;0;0;0;0;0;0;0;0;0;0;0;0;0;0;0;0;0;0;0
OTU1225;0;0;0;5;0;43;8.333333333;0;0;36.66666667;4.666666667;0;0;28;2.666666667;0;0;12.66666667;0;0.333333333;0;4.666666667;0;1.666666667;2.333333333;26.33333333;3;0;0;0;6;19.33333333;0;34.66666666;16.33333333;3.333333333;1;22.66666666;7.333333333;0;0;19.66666667;12.33333333;6;0;13;5.666666667;1;0;14.66666667;0;17;0;9.666666667;1;12.33333333
OTU1226;63.66666666;19.66666666;29.33333333;10.66666667;75;50;118.3333333;66;41.66666667;11;138.6666667;50.33333333;18.66666667;124.6666667;74.33333333;37.66666666;49.33333333;96;123;169;54.99999999;119.6666667;109.3333333;96.66666667;133.3333333;193.6666667;123.6666667;109.3333333;39.66666667;2;98.33333333;76.33333333;13.33333333;59.33333333;184.6666667;157;141.3333333;62.66666667;202.6666666;190.6666667;193.6666667;137;164;308;91.33333333;149;214.6666667;223.6666667;77.66666666;162.3333334;353.3333334;128;96.33333334;121.6666667;172;129
OTU1227;0;0;0;0;0;0;0;0;0;0;0;0;0;0;0;0;0;0;0;0;0;0;0;0;0;0;0;0;0;0;0;0;0;0;0;0;0;0;0;0;0;0;0;0;0;0;0;0;0;0;0;0;0;0.666666667;0;0
OTU1228;29.33333333;1.333333333;12;3.666666667;26.33333333;3.666666667;25;34.33333333;26;2;49;59.66666667;54.33333333;9.333333333;39.33333333;51;36.33333333;28;37.66666667;19.33333333;49.33333333;26.66666667;37;25.66666667;26;42.66666667;58.66666667;47.66666667;61;4.5;9;6.333333333;13;13;35;37.33333333;28.33333333;16.33333333;42;41.33333333;37.33333333;10;18;52.33333333;52;20.66666667;18.66666667;32.33333333;26;15.33333333;30;22;58;22.33333333;41;23.66666667
OTU1229;620.9999999;125.3333333;430;100.3333333;667.3333333;478.3333333;526.6666666;730.3333334;198;178.6666666;749.6666667;719;268.3333333;639;724.6666667;645;851.3333333;590.3333333;848.6666667;732.6666667;854.6666666;722;1313.666667;778;557.6666667;614.3333333;759.3333333;1105.333333;927.6666667;60;870;589;318.3333334;445.3333333;1076.333333;1014.666667;784.6666667;724.6666668;1026.666667;1399.666666;632.6666667;313.6666667;1125.666667;760.9999999;1409.666667;652;1391.666667;922;492;345.3333333;926.3333333;314.6666667;910;1079.333333;623.3333334;1175.666667
OTU1230;821.6666667;245.3333333;1043.333333;522;691.3333333;557;853.3333334;508;554;353.6666666;679.0000001;608.3333333;498.3333333;569.6666667;642.3333333;780.6666667;575.6666667;502.3333333;878.3333333;750;753.6666667;768.3333333;846.3333334;770;671;622.9999999;903;671.6666667;912;209;512.3333333;705.3333333;495.3333333;395;593.6666667;772.6666666;1147;1181.333334;928.3333333;884.3333333;507;536;734;690;847.6666666;515.6666666;1068.333333;845.3333333;483;751.3333334;958.6666667;741;936;800.6666667;830.6666667;939.6666666
OTU1231;6.333333333;2.333333333;0;0;5.666666666;11.33333333;1.333333333;30;1.666666667;2.333333333;5.666666667;0;7.666666667;96;54;45;23.66666667;38;23.66666667;2.666666667;46;113.3333333;68.33333333;32.66666667;12;60.66666667;20.66666667;38;6.333333333;0;11;4;2.666666667;8;18;90;20.66666667;2;9;81.66666667;23.33333333;27;78;72.66666666;41.66666667;42;120;69.66666667;62.66666667;15.66666667;48;7.666666667;125;102;24.66666667;92.66666666
OTU1232;0;0;0;0;0;0;0;0;0;1.333333333;0;0;1;0;0;1;0;1.666666667;1;0;0;0;0;0;0;0;0;0;0;0;0;1;0;0.333333333;0;0;1;13.66666667;0;0;0;0;0.666666667;0;0;1.333333333;0;0.666666667;0;0;0;0;0;0;0;0
OTU1233;0;0;0;0;0;1;0;0;0;0;0;0;0;0.333333333;0;0;0;0;0;0;0;0;0;0;0;0;0;0;0;0;0;0;0;1.666666667;0;0;0;0;0;0;0;1;0;0;0;0;0;0;0;0;0;0;0;0;0;0
OTU1234;0;0;0;0;0;4.333333333;0;0;0;21.66666667;0;0;0;6.333333333;0;0.666666667;0;3.333333333;0;0;0;0;0;0;0;0;0;0;0;0;0;6.666666667;0;15;0;1.333333333;0;27;0;0;0;6.666666667;0.333333333;0;0;0;6.333333333;0;0;0;0;0;2.666666667;0;0;0
OTU1235;3;17.66666667;5.333333333;4.333333334;3.333333333;0;1.333333333;1;0;4.333333334;39.66666666;4.666666666;0;7.333333334;6;2;0;10;0;2;1.666666667;1.666666667;4.666666667;0;1;1;14;0.666666667;3.333333333;3.5;0.333333333;1.333333334;4;1.333333333;6;2;0;11;0;0;2;0;1;0;3;1;0;2;0;0;6.333333333;0;4;10.33333333;2.333333334;0
OTU1236;1.666666667;16;0;0;0;0;0;5;1;3.333333333;0;3.333333333;3.666666667;0;12.66666667;3.333333333;5.666666667;10.66666667;0.666666667;0;0.333333333;0;0;3.666666667;0;0.666666667;3.333333333;2.333333333;2.333333334;22.5;17.33333333;4.666666667;15.33333334;0.333333333;4;1.333333333;0;23;2.666666667;5;1.333333333;0.666666667;2;0;1.666666667;0;0;0.333333333;1.666666667;0;0;0;0;7.333333333;0;0
OTU1237;0;54.66666666;1.666666667;2.666666667;4.666666667;0;1.666666667;1.333333333;1;10;1.666666667;0;0;11.33333333;1.666666666;2;1.666666667;5.333333333;0;0.333333333;0;0.666666667;1;3;4.333333333;0;0;0;1.333333333;18.5;8;3;8.333333333;2;2.666666667;2.333333333;0;3;1.666666667;3;10.66666667;5.333333334;2.333333333;6;1.666666667;0;5;1.333333333;0.666666667;0;1;0;3.333333333;0;0;0
OTU1238;0;2.333333333;0;0.333333333;0;0;0;0;0;9.333333333;2;0;0.666666667;0;0;0;0;0;0;0;0;0;0;0;0;0;0;0;0;0;0;0;0;0;0;0;0;0;1.333333333;0.666666667;0;1;0;0.666666667;0;0;0;0;0;0;0;0;0;0;0;0
OTU1239;0;7;0;1.666666666;0;0;0.666666667;2;0;0;1.333333333;8;0;0;1.666666666;1.333333333;0;0;0;0;1.666666667;1;0;0;0;0;0;0;0;0;7.666666667;2;6.666666666;0;0.333333333;0;0;2.666666667;1.666666667;1.333333333;2.333333333;0;2;0;0;0;0.666666667;0;0;0;0;0;3;0;0.666666667;0
OTU1240;2.333333333;12.33333333;8.333333333;4.333333333;1.666666667;8.333333333;9;2;6.666666667;0;5;3.333333333;6;2.666666667;1.333333333;2.666666667;6;3.666666667;2.666666667;4.666666667;2.333333333;4;6.333333333;1.666666667;2.333333333;0.666666667;2.666666667;1.333333333;0;8;6;1.666666667;0;5;2.666666667;0.666666667;3.333333333;0;7;0.666666667;4;2;2.333333333;0;6.333333333;0;0.666666667;0.333333333;3.666666667;3;2;4.666666667;3;0;3.666666667;0
OTU1241;6;17;5.333333333;4.333333333;10.66666667;28.33333333;3;7.333333333;1.666666667;12.66666667;2;13;6.666666667;33;5.666666667;8.666666667;9;15;11;12.66666667;5.333333333;12;3.333333333;7.666666667;12.33333333;7;6;12.33333333;5;24;5.333333333;9.333333333;6.666666667;10.66666667;6.666666667;8.333333333;6;4.666666667;5.666666667;4.333333333;9.333333333;14.33333333;14.33333333;3.333333333;15.33333333;10;14;15;5.666666667;7.333333333;11.33333333;12.66666667;10.33333333;3.333333333;10.66666667;3.333333333
OTU1242;2.666666667;7;5;2.333333333;2.333333333;5;0.333333333;3.333333333;2.333333333;10.33333333;0;0;3.333333333;0;0;0;1.666666667;1.333333333;2;3.333333333;0.666666667;0.333333333;1;1.666666667;9;3.666666667;1.333333333;3.666666667;0;4.5;0.333333333;5.333333334;0;0;5.666666666;0;0;0;9.666666666;0;0;1.333333333;1.333333333;0;4.666666667;0;0.666666667;0;3;0;1;4.333333333;0.666666667;0;0;1.666666667
OTU1243;3.666666667;31.33333334;4.333333333;14;4;0.333333333;11;1.666666667;6.000000001;11.66666667;5.666666666;5.333333332;3;6.333333333;2;1;1.666666667;9.666666667;0;0.333333333;2.666666666;0;0;5.666666666;8.666666666;6.666666667;0.333333333;0.666666667;0.666666667;16.5;0.999999999;0.666666666;7.666666667;3;2.666666666;1;3.333333333;5.333333333;0.666666667;0;3.999999999;5.333333333;0;0;0;0;0.333333333;0;2;0;0;0;1.333333333;0.666666666;0;0.333333333
OTU1244;3;15.66666667;9;7.333333333;11.66666667;2.333333333;1.333333333;8.666666667;10.66666667;0;19.66666667;2.666666667;1.666666667;1.333333333;12.66666667;8.666666667;7.666666667;1.666666667;4;0.666666667;1.666666667;2.333333333;2.333333333;1.333333333;15.66666667;2.333333333;2.666666667;2.666666667;7.333333333;31.5;14.33333333;5.666666667;16.33333333;2.666666667;7.333333333;5;3.666666667;3;22.66666667;9.333333333;8.333333333;3;4.333333333;4;3.666666667;2.333333333;0.666666667;3.333333333;3.333333333;4.333333333;4.333333333;4.333333333;3.666666667;3.666666667;13.33333333;2
OTU1245;17.33333333;23;22.66666667;43;17.33333334;1;15;9.333333333;42.33333334;1;27;47;0.333333333;6;4;38.33333333;10.33333333;8.333333334;31.66666667;33.00000001;3;11;13.66666667;69.66666667;27;31.33333333;38;9;21;3;6;5.666666666;31;0;9;33.66666666;16.66666666;0.666666667;17.33333333;15.33333333;19.33333333;4.666666667;14;4.666666667;40.33333333;15.33333333;0.333333333;5;22.66666667;54.66666666;26.33333334;14.66666667;11;13;38;7.666666667
OTU1246;2;47.00000001;29.33333334;12;3.666666667;0.666666667;14.33333333;16;15;1.333333333;9;8.666666666;4;4.666666666;3;10;9.666666666;1;2.666666667;2.333333333;10.33333333;2;8.666666667;3.666666667;5.333333333;10.33333333;0;3.333333333;9.666666666;16;37.33333334;10.33333333;12;2;3.333333333;5.000000001;5.333333333;3.666666667;22.66666667;7.333333333;6.333333333;0;2.333333333;1;2.666666666;2;0;1;5.666666667;0;2;0;3.666666667;0.666666667;4.333333333;1.666666666
OTU1247;0;0;0;0;0;0;0;0;0;0;0;0;0;0;0;0;0;0;0;0;0;0;0;0;0;0;0;0;0;0;0;0;0;0;0;0;0;0;0;0;0;0;0.333333333;0;0;0;0;0;0;0;0;0;0;0;0;0
OTU1248;0;0;0;0;0;0;0;0;0;0;0;0;0;0;0;0;0;0;0;0;0;0;0.666666667;0;0;0;0;0;0;2;0;0;0;0;0;0;0;0;0;0;0;0;0;0;0;0;0;0;0;0;0;0;0;0;0;0
OTU1249;0;0;0;0.666666667;0;0;0;0;0;1;0;0;1;0;0.333333333;0;1.333333333;0;0.333333333;0;0;1.666666667;0;1.333333333;1.666666667;0.666666667;0;0;0;0;0;2.333333333;0;0.666666667;0.333333333;0;0;1;0;0;0.333333333;0;0;0;0;0;0.666666667;0;0.333333333;0;0;0;0;0;0;0
OTU1250;0;0;0;0;0;0;0;0;0;0;0;0;0;0;0;0;0;0;0;0;0;0;0;0;0;0;0.666666667;0.666666667;0;0;0;0;0;0;0;0;0;0;0;0;0;0;0.333333333;0;0;0;0;0;0;0;0;0;0;0;0;0
OTU1251;0;3.333333333;0;0;0;0;0;1;0;0;0;0;0;0;0;0;0;0;0;0;0;0;0;0;0;0;0;0;0;0;0;0;0;0;0;0;0;0;0;0;1.333333333;0;0;0;0;0;0;0;0;0;0;0;0;0;0;0
OTU1252;0;4.666666667;0.666666667;1.333333333;0;0;0.666666667;0;0;0;0;0;0;0;0;0;0.333333333;0;0.333333333;0;0;0;0;0;0;0;1.333333333;0;0.666666667;0;0;0;0;0;0;0;1.666666667;0;0;0;0;0.333333333;0;3.333333333;0;0;0;0;1.666666667;0;0;3.333333333;0.666666667;0;1.333333333;0
OTU1253;0;0;0;0;0;0;0;0;0;0;0;0;0;0.666666667;0;0;0;0;0;0;0;0;0;0;0;0;0;0;0;0;0;0;0;0;1;0;0;0;0;0;0;0;0.333333333;0;1;0;0;0;0;0;0;0;0;0;0;0
OTU1254;0;0;0;0;0;0;0;0;0;0;0;0;0;0;0;0;0;0;0;0;0;0;0;0;0;0;0;0;0;0;1;0;0;0;0;0;0;0;0;0;0;0;0;0;0.666666667;0;0;0;0;0;0;0;0;0;0;0
OTU1255;0;2.333333333;0;2.333333333;0;0;0;0;0;0;0;0;0;0;0;0;0;0;0;0;0;0;1;0;0;0;0;0;0;0;0;0;0;0;0;0;0;0;0;0;0.333333333;0;0;0;0;0;0;0;0;0;0;1;0;0;0;1.333333333
OTU1256;1;2.333333333;1.333333333;0;0;2;0;0.333333333;0;0;1;0;0;4;0;0;1.666666667;1;1.333333333;0;0;1.333333333;0;1.333333333;0;1.333333333;2;0;0;2;0;0;2;0;0;2.333333333;1.333333333;0;1;1.666666667;2.333333333;0.333333333;0.666666667;0.666666667;0;0;0;0;0;0;0;0;2;1.333333333;4.666666667;0
OTU1257;0;0;0;0;0;0;0;0;0;0;0;0;0;0;0;0;0;0;0;0;0;0;0;0;1;0;0;0;0;0;0;0;0;0;0;0;0;0;0;0;0;0;1;0;0;0;0;0.333333333;0;0;0;0;0;0;0;0
OTU1258;0;2;0;0.666666667;0;0.666666667;1.333333333;0;0;0.333333333;0;0;1;0;0;0.666666667;0;0;0.666666667;0;0;0;0;0;0;0;0;0;0.333333333;0;0;0;0;0;0;0.333333333;0.666666667;0;0;1.333333333;0;0;0.666666667;0.333333333;0;0;0;0;0;0.666666667;0;0;0;0;0.333333333;0.333333333
OTU1259;0;1.333333333;0;0.666666667;0;0;0;0;0;0;0;1.333333333;0.333333333;0;0;2;1;0;0.666666667;0.333333333;2;0;0;1.333333334;0.333333333;0;1.333333333;1.666666667;0;0.5;0;0;0.666666667;0.666666666;0;0;0.333333333;0;0;0;0;1;0;0.666666667;0;0;0;0;1.333333333;0;0;0;0;1;0.666666667;0
OTU1260;0;5.333333333;0.666666667;0;1.333333333;1.333333333;0.666666667;0;0;0;0;0;2.333333333;0.333333333;2.333333333;1;0;0;0;0;0;0;3.333333333;13.66666667;0.333333333;0.333333333;0;3.333333333;0.666666667;3;3;1.333333333;4.333333333;0;0;1;0;0;2.666666667;0;0;4.666666667;0;2;1.666666667;1;0;1.333333333;0;0;2;0.333333333;0;0;3.666666667;1.333333333
OTU1261;0;0;0;0;0;0;0;0;0;0;0;0;0;0;0;0;0;0;0;0;0;0;0;0;0;0.666666667;0;0;0;0;0;0;0;0;0;0;0;0;0;0;0;0;0;0;0;0;0;0;0;0;0;0;0;0;0.333333333;0
OTU1262;0;0;0;0;0;0;1;0.333333333;0.333333333;0;0;0.333333333;0;0;0.333333333;1;2.666666667;0;1.333333333;0.333333333;1.666666666;0.666666667;1;1;1.666666666;0.333333333;2;0.666666666;0;0;0.333333333;0;1.333333333;0;0;0;0.666666667;0.333333333;4.666666667;0;0;0;0.333333333;2.666666666;0.666666667;0;0.333333333;0.666666666;2.333333333;0.333333333;0;2.333333333;0;0;1;0.666666667
OTU1263;0;0;0;0;0;0;0;0;0;0;0;0;0;0;0;0;0;0;0;0;0;0;0;0;0;0.666666667;0;0;0;0;0;0;0;0.333333333;0;0;0;0;0;0;0;0;0;0;0;0;0;0;0;0;0;0;0;0;0;0
OTU1264;0;0;0;0;0;0;0;0;0.666666667;0;0;1.333333333;0;0;0;0;0;0;0;0;0;0;0;0;0;0;0;0;0;0;0;0;0;0;0;0;0.666666667;0;0;0;0;0;0;0;0.666666667;0;0.666666667;0;0.666666667;0;0;0;0;0;0;0
OTU1265;0;0;0;0;0;0;0;0;1.333333333;0;0;0;0;0.666666667;0;0;0;0;1;0;0;0;0.333333333;0;0;0;0;0;0.333333333;0;0;0;0.333333333;0.333333333;0.333333333;0;0;0;0;0;0;0.333333333;0.333333333;0;0;0;0;0;0;0.666666667;0;0;0;0;0;0
OTU1266;0.333333333;0;0;0.666666667;0;0;0;0;0.333333333;0;0;0;0;0;0;0;0;0;0;0;0;0;0;0;0.333333333;0;0;0;0;0;0;0;0;0;0;0;0;0;0;0;0;0;0;0;0;0;0;0;0;0;0;0;0;0;0;0
OTU1267;25;35.33333333;22.33333333;18;29.66666667;6.333333334;29;29.66666666;39.66666667;14;19;25;44;9.333333333;52.00000001;26;48;8.666666666;5;14.33333333;27.33333333;14;12;12.33333333;29;18.33333333;18.66666667;23.33333333;41.33333334;37;19;23.33333333;41;9.666666666;23;8;20.33333333;3.666666667;32.66666667;22.66666667;28.33333333;9;7.333333333;16;44.66666667;12;28.66666667;15.66666667;37;10;27.00000001;7.333333332;34.66666667;26.33333333;26.33333333;8
OTU1268;0;2.666666667;1.333333333;1.333333333;0;0;1;0;0;0;0;0.666666667;0;0;0;0;1.666666667;0;0;0;2.666666667;0;0;0;0.666666667;9;0.333333333;0;0;6;0;0;3.666666667;0;1.333333333;3.666666667;1;0;0.666666667;0.333333333;0.333333333;0;0;0;0;0;0;0;0;1.333333333;0;0.666666667;0;0;0.333333333;0
OTU1269;0.666666667;6.666666666;0;0.666666667;0;1;0;2.333333333;0;1.333333334;0;0;2;3.666666666;0;1;2.333333333;1.333333333;0.333333333;0.666666667;1.666666667;3.666666667;0;0.666666667;0.333333333;0.666666667;0;0.333333333;0;1;0;1.666666667;4.333333333;0.666666667;1;0;2;0.666666667;4.666666667;1;0.666666667;1.333333333;0.333333333;2.333333333;2;0;3;0;0;1.333333333;3;2;1.333333333;0;0.333333333;0.333333333
OTU1270;1.666666667;0;0;0;0;0;2;0;0;0;0.666666667;1.333333333;0.333333333;0;0;0;3;0;0;0;0;1;1.666666667;0;0.666666667;0;1.666666667;2.333333333;1;0;0;0;0;0;0;0;0;0;1;0;0;0;0.333333333;0;0;0;2.333333333;0;0;0;0;0;0;0;0;0
OTU1271;8.000000001;34.33333333;15.66666667;56.33333334;18.33333334;3;20.66666667;21.33333333;16.66666667;0;24;19;18.33333333;3.666666666;26.66666667;12.66666667;35.33333333;13;11.66666667;15.66666666;20.66666667;9.333333333;32.33333334;19.66666667;35;19.66666667;35;33.33333333;28.66666667;34.5;19.66666667;9.666666667;28.66666667;7;5.666666666;28;14.66666667;5.666666667;28.33333333;6.999999999;15.33333333;20.33333333;17;10.66666667;20;2;8.666666667;12.33333333;35.33333333;2;12.66666667;14.33333333;23.66666667;19.33333333;19;11.33333333
OTU1272;0;3.666666667;0.666666667;6;0;0;0;2;0.666666667;0;0;0;0;0;0;0;0;0;0;0;0.333333333;0;0;0;0;0;0;0;3;0;1.666666667;0;1;0;0;0.666666667;0.666666667;0;0.666666667;0.333333333;0;0;0;0;0;0;0;0;0;0;0;0.666666667;0.666666667;0;0;0
OTU1273;0;1.666666666;2.333333334;0;2;0;1;0.666666667;2;0.333333333;6.666666667;7;2.666666667;1;4.333333334;2.333333333;1.333333333;0;0;0.999999999;0;0;2;0;5.333333333;0;2;3;2.666666666;4;0;0;0;0;2;0;1.333333333;0;3.666666667;0.666666667;3.333333333;0.666666667;0;0.666666667;2;0;0;0;1.666666667;0;0;0.666666667;0.666666667;0.333333333;2;0
OTU1274;0;0.333333333;0;0;0;0;0;0;0;0;0;0;0;0;0;0;0;0;0;0;0;0;0;0;0;0;0;0;0;0;0;0;0;0;0;3;0;2.666666667;0;0;0;0;0;0;0;0;0;0;0;0;0;0;0;0;0;0
OTU1275;0;0;0;0;0;0;0;0;0;0;0;0;0;0;0;0;0;0;0;0;0;0;0;0;0;0;0;0;0;0;0;0;0;0;0;6.666666667;0;0;0;0;0;0;0;0;0;0;0;0;0;0;0;0;0;0;0;0
OTU1276;13;25.66666667;12;11;0.333333333;0.333333333;22.66666667;4.666666667;13;13;3.333333333;31.66666667;1;4.333333334;0;9;0;4.333333333;12.66666667;2;3;3.666666667;5;3;0;2;2;12;1;8;1;1;0;13.66666667;3.333333333;8;2;0.333333333;3.333333333;0.666666667;12.66666667;2.666666667;3;0;0;0;3.333333333;0.333333333;1.666666667;3.333333333;15.33333333;10.33333333;12;0;3.333333333;0.333333333
OTU1277;0;2;0;0;0;0;0;0;0;0;0;0;0;0;0;0;0;0;0;0;0;0;0;0;0;0;0;0;0;0;0;0;0;0;0;0;0;0;0;0;0;0;0;0;0;0;0;0;0;0;0;1.666666667;0;0;0;0
OTU1278;0;0;0;0;0;0;0;0;0;0;0;0;0;0.666666667;0;0;0;0;0;0;0;0;0;0;0;1;5.666666666;0;0;0;0;0;0;0;1;0;0;0;0;0;0;0;0;0;0;0;0;0;0;0;0.666666667;0;0;0;0;0
OTU1279;9.333333333;0;0;0;0;1;0;0;0;6.333333333;1;0.666666667;0;0;0;1;3.666666667;0.666666667;0;1.333333333;1.333333333;30.66666667;3;6;0;15;5.333333333;16.66666667;3.333333333;0.5;0;0;0.333333333;1.333333333;0;1;0;0;1;0;0;0.666666667;0;0;0;0;0;0;0;6.666666667;0;28.33333333;1.666666667;2.333333333;0.666666667;0
OTU1280;0;0;0;0;0;0;0;0;0;0;0.666666667;0;0;0;0;0;0;0;0;0.333333333;0;0;0.333333333;0;0;0;1.333333333;0;0;0;0;0;0;0;1;0;0;0;0;0;0;0;0;0;0;0;0;0.333333333;0;0;10.33333333;1;0;0;0.333333333;2.666666667
OTU1281;0;0;0;0;0;0;0;0;0;0;0;0;0;0;0;0;0;0;0;0;0;0;0;0;0;0;0;0;0;0;0;0;0;0;0;0;0;0;0;0;0;0;0;0;0;0;0;0;0;1;0;0;0;0;0;0
OTU1282;0;0;0;0;0;0;0;0;0;0;0;0;0;0;0;0;0;0.333333333;0;0;0;0;0;2.666666667;0.666666667;0;0;0;0;0;0;0;0;13;1.666666667;0;0;0;0;0;0;0;0;0;0;1.666666667;0;0;0;0;0;0;0;0;1.333333333;0
OTU1283;0;13.33333333;4;4.666666667;0;1;4.666666667;1.666666666;0;1;1;3.666666667;0;3.666666667;1.333333333;1.666666666;1.666666667;6.333333334;4.666666667;3.666666666;4.333333333;37.66666667;0.333333333;5;2.666666667;0;15.33333333;22.33333333;1.333333333;2;0.333333333;0;0;6;0;0;1.333333333;0.666666667;5;0;5.666666667;5.666666667;8.999999999;0;0;0;0.666666667;0;0;2;11;21.33333334;1;10.33333333;1.333333333;0
OTU1284;7.666666667;3;2.333333334;0;1;1.666666667;3.333333333;0;0;0;24;0;0;1.666666667;0.333333333;0.666666667;3;1.333333333;2.666666667;6;4;0;4.333333333;3;1;2.666666667;28.66666666;3.666666667;0;0;0;0;0;0;20.33333333;3;1;0.333333333;2.666666667;1.666666667;6.666666667;0.666666667;1.333333333;1;4.333333333;0;0;0;4.666666667;1.333333333;4.333333333;1;2.666666667;0.666666667;2;0
OTU1285;0;0;8.333333333;0;0;0;0;3.333333333;0;0;0;15.66666667;0;0;2.333333333;0;0;0;0;0;0;0;0;0;0;0;0;0;0;0;11;39.66666667;0;0;5;0;0;8.666666667;3.333333333;0;0;0;0;0;0;0;0;0;0;0;0;0;0.666666667;0;0;0
OTU1286;0;3.333333333;0;1.333333333;0.666666667;0;0;0;0;0;0;1.666666667;0;0;0;1.666666667;0;0;0;0;0;0;0;0;0;0;0;0;0;0;0.666666667;0;0;0;0.666666667;0;0;0;0.666666667;0;0;0;0;0;0;0;0;0;0;0;0;0;0;0;0;0
OTU1287;0;0;0;0;0;0;0;0;0;0;0;0;0;0;0;0;0;0;0;0;0;0.333333333;0;0;0;0;0;0;0;0;0;0;0;0;0;0;0;0;0;0;0;1;0.333333333;0;0;5.666666667;0;0;0;0;0;0;0;0;0;0
OTU1288;1.333333333;1.666666667;0;6.333333333;0;7.666666667;0.666666667;3.666666667;0.333333333;1;0;0;2;1.333333333;5.333333333;0;0.333333333;0;2.333333333;0;0;0;0;0;0;0;0;0;0;0;11;9.666666667;2.666666667;2;1.333333333;0;1.333333333;0;2.666666667;1.666666667;7;7.333333333;0.333333333;2;0.666666667;0;0.333333333;0;0;0.666666667;0;0;0;0;0;0
OTU1289;0;0;0;0;4;0;0;0;0;0;0;0.666666667;0.333333333;12.33333333;0;0;2;0;0;1.666666667;0;3.333333333;0;1.666666667;0;0;0;0;0;0;0;0;0;0.666666667;0;0;0;0;0;0;0;0;6;0;2.666666667;2;0;1.333333333;0;0;0;0;0;0;0;0
OTU1290;0;0;0;0;0;0;0;0;0;0;0;1.333333333;0;0;0;0;0;0;0.333333333;0;0;0.333333333;0;0;0;0.333333333;0;0.333333333;0;0;0;0;0;0;0;0;0;0;0;0;0;0;0.333333333;0;0;2.333333333;2;1.333333333;0;3;0;0;0.333333333;0.333333333;0;1.333333333
OTU1291;6.333333333;0;1;0;4;115.3333333;1.666666667;1.333333333;0;15;2.333333333;1.666666667;0;28;5;0.666666667;1.666666667;7;2.666666667;5.666666667;0.666666667;10.66666667;0.666666667;4;1.333333333;17.66666667;0;0.666666667;0;0;0;0.333333333;0;16.66666667;1.333333333;7.666666667;4.666666667;0.666666667;0.333333333;6.666666667;0;20.33333333;14.66666667;13.66666667;0;19;2.333333333;21.66666667;0.333333333;20;12.66666667;6;1.333333333;20.33333333;3.333333333;13.66666667
OTU1292;5.333333333;2;0;0;10.66666667;1.333333333;0;0;0;6.666666667;0.666666667;0;2.666666667;25;9.666666667;2;2.666666667;6.333333333;4;3.333333333;0;5.333333333;0;6;5.666666667;14;5;0;0;0;0;0.666666667;0;14;7.333333333;11.33333333;1;0.333333333;0.666666667;5;2.666666667;5.333333333;7;2.333333333;10.66666667;19.33333333;12.33333333;12;0.333333333;9.666666667;2.666666667;2.333333333;0.333333333;7;3.666666667;2.333333333
OTU1293;11.33333333;74.66666667;21.33333333;13.66666667;11.33333333;41.33333334;12.66666667;19.66666667;11;31;29;18;31.33333333;28.33333333;6;38;6.666666666;2.333333333;12.33333333;7.666666667;3;12;2.666666667;25.33333333;10.33333333;7.333333333;2.666666667;3.666666667;18.33333334;37;17.66666667;6.333333333;6.333333333;7;9.666666666;6;7.666666667;1.666666667;18.33333333;15.66666666;17;0;17.66666667;2.333333333;7;2.666666667;4;0.333333333;7.333333333;0;3.666666666;12.66666667;5.333333333;2.666666666;21.33333333;8
OTU1294;42.66666667;171.6666667;137.6666667;105.6666667;75.66666667;71.00000001;23;41.33333333;17;65;92.33333333;65.66666666;83;144.6666667;91;143.3333333;33.66666666;108.6666667;193.6666667;62.33333333;21.33333333;152;17.33333333;78.66666667;110;116.3333333;54.66666667;45.66666666;35;117.5;40.66666667;29.33333334;164;99.33333332;85.66666667;63.33333334;49;63;44;176;356.3333334;120;115.6666667;215.3333334;108.3333333;181;163;173.6666667;49.66666666;92.33333333;65;28;39;35;191.3333333;104.3333333
OTU1295;0;0;0;0;0;0;0;0;0;0.333333333;0;0;0;0;0;0;0;0;0;0;0;0;0;0;0;0;0;0;0;0;0;0;0;0;0;0;0;0;0;0;0;0;0;0;0;1;0;0;0;0;0;0;0;0;0;0
OTU1296;0;0;0;0;0;0;0;0;0;0;0;0;0;0;0;0;0;0;0;0;0;0;0;0;0;0;0;0;0;0;0;0;0;0;0;0;0;0;0;0;0;0;0.333333333;0;0;0;0;0;0;0;0;0;0;0;0;0
OTU1297;0;0;0;0;0;0;0;0;0;0;0;0;0;1;0.666666667;0;0;0.666666667;0;0;0;0;0;0;0;0;0;0;0;0;0;0;0;0;0;0;0;0.333333333;0;0;0.666666667;0;0;0;0.333333333;0;0;0;0;0;0;0;0;0;0;0
OTU1298;0;0;0;0;2.666666667;11.33333333;0;2.333333333;0;0;0;0;0;37;15.66666667;0.666666667;0;9.333333333;0;4.333333333;0;9.333333333;0;1;0;1;0;0;1.333333333;0;15.66666667;9.666666667;0;21.33333333;12.66666667;0.666666667;0;7;14;12.33333333;3.333333333;14.33333333;29.33333333;1;0;2.333333333;6;1.666666667;0;9.666666667;0;0;0;0;0;0
OTU1299;40;23;29.66666667;6;42;75;28.33333333;34.66666667;0.666666667;26.66666667;16;102;44.33333333;57.66666667;96.66666667;46.66666667;51.33333333;64.33333333;108.3333333;83.33333333;26.33333333;61.33333333;32.33333334;61.66666667;30.33333334;124.3333334;51.66666667;18.33333334;28.33333333;17.5;103.3333333;99;19;71;139.3333333;69;40;32.66666667;94.66666666;104;13.33333333;15;88.33333334;115;35.33333333;131.6666667;109;89;28.66666667;63.33333333;94.33333334;51.33333333;39;99.33333334;45.66666667;97
OTU1300;0;0;0;0;0;0;0;0;0;0;0;0;0;0;0;0;0;0;0;0;0;0;0;0;0;0;0;0;0;0;0;0;0;0;0;0;0;0;0;0;0.333333333;0;0;0;0;0;0;0;0;0;0;1;0;0;0;0
OTU1301;0;0;0;0;0;0;0;0;0;0;0;2;0;0;0;0;0;0;0;0;0;0;0;0;0;0;0;0;3;0;0;0;0;0;0;0;0;0;0;0;0;0;0;0;0;0;0;0;0;0;0;0;0.666666667;0;0;0
OTU1302;0;0;0;0;0;27;0;0;0;1.666666667;0;0;0;6.333333333;0;0;0;0;0;3;0;0;0;0;0;0;0;0;0;0;0;1;0;38;0;0;0;0;0;0;0;80.66666667;0;0;0;0;0;0;0;31;0;0;0;0;0;0
OTU1303;181.6666667;319.3333333;304;212;155;22.33333333;118;87.66666667;273;29.66666667;235.6666667;105;131;11.66666667;22.66666667;848.3333333;105.3333333;44;265.3333333;51.33333333;229;104;42;65.33333333;400;2.666666667;129.3333333;82.66666667;229;46.5;85.66666667;44.66666667;106.6666667;10.33333333;30.66666667;38;280;8.333333333;113;51.33333333;104.6666667;17.33333333;42;7.666666667;62.66666667;4.666666667;23.66666667;42.33333333;54;11.66666667;106;84;66.66666667;9.666666667;145.6666667;9.333333333
OTU1304;0;0;0;0;0;0;0;0;0;0;0;0;0;0;0;1.666666667;0;0;0;0;0;0;0;0;0;0;0;0;0;0;0;0;0;0;0;0;0;0;0;0;0;0;0;0;0;0;0;0;0;0;11;0;0;0;0;0
OTU1305;0;0;0;0;0;32.66666667;0;0;0;0;0;0;0;0;0;0;0;0;0;0;0;0;0;0;0;0;0;0;0;0;0;0;0;0;0;0;0;0;0;0;0;2;0;0;0;0;0;0;0;0;0;0;0;0;0;0
OTU1306;0;0;0;0;0;0;0;0;0;17.33333333;0;0;0;18;0;0;0;0;0;0;0;0;0;0.666666667;0;21.33333333;0;0;0;0;0;0;0;0;0;0;0;0;0;0;0;4.333333333;2.333333333;6;0;3.333333333;0;0.333333333;0;0;0;0;0;0;0;0
OTU1307;9.333333333;0;0.666666667;0;1;0;0;0;0;0;0;0;0;0;0;0;0;0;0;0;6;0;0;0.333333333;0;0;0;0;0;0;0;0;0;0;0;0;0;0;0;0;0;0;0;0;0;0;0;0;0;0;0;0;0.666666667;0;0;0
OTU1308;0;0;0;0;0;0;0;0;0.333333333;0;0;0;0;3.666666667;0;0;0;0.666666667;0;2;0;0;0;0.666666667;0;0;0;0;0;0;0;0;0;0;0;0;0;1;0;0;0;1;6;0;0;0;0;0;0;0;0;2;0;0;0;0
OTU1309;0;0;0;0;0;0;0;0;0;0;1;3.333333333;0;0;0;1.666666667;0;0;0;0;0;1.666666666;0;0;1;0;0;0.666666667;0;0;0;0;0;0;0;0;0.333333333;0;0;0.333333333;0;0;0;0;0;0;0;0;2.666666667;0;0;1.666666667;0;0;0;0
OTU1310;4.333333333;104.6666667;25;220.3333333;23.33333333;7.666666667;50.33333333;14.66666667;101;1.333333333;5.666666666;11;21;0;5.333333333;11.66666667;3;0;3.666666667;0.333333333;0;1;0;0;0;0;0;0;12.66666667;8;29.33333333;10;26.66666667;1.666666667;2;0;7;4.333333333;4;1;1.666666667;0;0;0;0;0;0;3;1;0;1;0;2.666666667;4;2.333333333;5.333333333
OTU1311;0.666666667;5.333333333;2.666666667;5.333333333;4;0;0.333333333;9;2;0;0;3.666666667;0;0.666666667;16.33333333;7.333333333;0;4.333333333;0;0;2;1.666666667;0;1;0;0;2.666666667;1.666666667;0;17;13.33333333;0;3;0;0;2.666666667;0;1;1;0;2.333333333;0;0;0;3.666666667;0;0;0;0;0;0;0;0;0;0;0
OTU1312;2;0;0;0;2.333333333;0;0;0;0.333333333;0;0;2;0;4;0;0.333333333;6.333333333;0.666666667;0;4.333333333;0;5.333333333;3;2;2.333333333;4.333333333;0;0;0;0;0;0;0;0;0;0;0;0;0;0;0;0;0.666666667;0;0;0;0;0;0.333333333;0;0;0;0;10;0;0
OTU1313;0;0;0;1;0;0;0;0.666666667;0;0;0;0;0;0;0;0;0;0;0;0;0;0;0;0;0;0;0;0;0;0;0;0;0;0;0;0;0;0;0;0;0;0;0;0;0;0;0;0;0;0;0;0;0;0;0;0
OTU1314;0;0;0;0;0;0;0;0;0;0;0;0.333333333;0;0;0;0;0.333333333;0;0;0;0;0;0.666666667;0;0;0;0;3;0;0;0;0;0;0;0;0;0;0;0;0;0;0;0;0;0;0;0;0;1.333333333;0;0;0;0;0;0;0
OTU1315;0;0;0;0;0;0;0;0;0;0;0;0;0;0;0;0;0;3.666666667;0;0;0;0;0;0;0;0;0;0;0;0;0;1.666666667;0;0;0;0;0;2.333333333;0;0;0;0;0;0;0;0;0;0;0;0;0;0;0;0;0;0
OTU1316;0;0;0;0;0;0;0;0;0;0;0;0;0;0;0;0;0;0;0;0;0;0;0;0;0;0;0;0;0;0;0;0;0;5.333333333;1;0;0;6.666666667;0;0;0;0;5;0;0;0;0;0;0;0.333333333;0;0;0;0;0;0
OTU1317;12.66666667;0;0;0;0;8.333333333;0;0;0;0;0;0;0;31;0;0;0;1;1;0;0;0;0;2.333333333;0;5;0;0;0;0;4.666666667;0;0;86;0;1.666666667;2.333333333;0;0;0;4;2.666666667;0.333333333;0;0;2.333333333;1;0.666666667;0;37.33333333;1.333333333;6.666666667;0;3.666666667;0;0
OTU1318;139.6666667;218.3333333;52;39.33333333;129.3333333;662.6666667;123.3333333;124;122;468.6666667;91.66666667;103.3333333;298;710;111;113.6666667;164.6666667;502.6666667;190;300.3333333;88;728;128;229.3333333;283;199.6666667;171.3333333;189.6666667;29;179;94.66666667;73.66666667;253.6666667;794.6666667;308;173.3333333;155.3333333;72;188;199.3333333;441;600.3333333;445;279;68.66666667;523.3333333;68.66666667;290.6666667;116.3333333;649;246;355.6666667;186.6666667;80.33333333;162.6666667;86.66666667
OTU1319;0.666666667;5.333333333;0;0;0;142.3333333;0;5;0;62;0;0;0;74.33333333;1.666666667;0;2.666666667;45.66666667;5.333333333;25.33333333;13;18.33333333;2.333333333;4.333333333;0;3.666666667;5;1;0;0;0;0.333333333;0;121;8.333333333;0;0;2;0;0;0;52;0.666666667;6;0;11.66666667;5;21;1.666666667;55.66666667;32.66666667;3.333333333;0.666666667;45;7.333333333;12
OTU1320;0;0;0;0;0;0;0;0;0;0;0;0;0;3.333333333;0;3.333333333;0;6.666666667;4;0;0;8.333333333;2;0.333333333;0;0;0;3;0;0;0;0;0;0;0;2.333333333;0;0;2.333333333;7;0;13.33333333;7.666666667;0.333333333;0;6.666666667;0;0;0;4;0;0;0;0.666666667;3.333333333;0
OTU1321;91.66666667;354;55;56.66666667;134.6666667;376;195.3333333;62.66666667;176.6666667;286;172;82.33333333;426;474.3333333;77.33333333;215.6666667;283;576.6666667;202.6666667;213.3333333;218.6666667;403.3333333;106.6666667;163.6666667;187;22;274;296.3333333;75.66666667;34;124.3333333;37;67.66666667;420.3333333;82.66666667;162;116;11.33333333;205.6666667;169;293.3333334;363.6666666;230;107.3333333;78;99;96.33333333;142.6666667;166.6666667;188.6666666;232.3333333;452.3333334;300.3333333;83.66666667;199;128
OTU1322;0;0;0;0;0;1;0;0;0;0;0;0;0;4;0.333333333;0;0;0;0.666666667;0;0;0;0;0;0;0;0;0.333333333;0;0;0;0;0;0;0;0;0;0;0;0;0;0;0;0;0;0;0;0;0;0;0;0;0;0;0;0
OTU1323;0;0;0;0;0;15;0;0;0;3.333333333;0;0;0;0;0;0;0;0;0;0;0;0;0;0;0;0;0;0;0;0;0;0;0;0;0;0;0;0;0;0;0;0;0;0;0;0;0;0;0;0;0;0;0;0;0;0
OTU1324;0.333333333;2.666666667;0;1.333333333;5.666666667;254.3333333;0.333333333;14;2.666666667;277;1.666666667;3.333333333;0;57.66666667;4.333333333;0;0;96;3;2.666666667;0;0;0;11.33333333;1.333333333;68.33333333;0;0;0;0;0.666666667;14.66666667;0.666666667;359.6666667;73.66666667;31.66666667;0;43;0;2;0;57.66666667;26.33333333;10.33333333;0;84.33333333;185.6666667;8.333333333;0;16.33333333;0;0;10.66666667;382;3.666666667;22
OTU1325;0;0;0;0;0;17.33333333;0;0;0;0;0;0;0;0;0;0;0;0;0;0;0;0;0;0;0;0;0;0;0;0;0;0;0;0;0;0;0;0;0;0;0;0;0;0;0;0;0;0;0;0;0;0;0;0;0;0
OTU1326;1;2.666666667;1.333333333;0;0;150.3333333;1.333333333;2;0;191;0;0;0;0;0;0;0;0;0;0;0;0;0;0;0;0;0;0;0;0;0;0;0;0;0;0;0;0;0;0;0;9;0;0;0;0;0;0;0;0;0;0;0.333333333;0;1;0
OTU1327;0.333333333;0;0;0;0;206.3333333;1;0;0;26;1.333333333;0.333333333;0;3.333333333;0;0;0;0;0;0;0;0;0;0;0;0;0;0;0;0;0;0;0;0;0;0;0;0;0;0;0;3;0;0;0;0;0;0;0;0;0;0;0;0;1.333333333;0
OTU1328;0;0;0;0;0;11.66666667;0;0;0;5.333333333;0;0;0;0;0;0;0;0;0.666666667;0;0;0;0.666666667;8.666666667;1.666666667;0;0;0;0;0;0;0;0;0.333333333;0;0;0;0;0;0;0;0;0;0;0;0;0;0;0;0;0;25.33333333;0;0;4.333333333;4.333333333
OTU1329;0;0;0;0;0;3.666666667;0;0;0;0;0;0;0;1;0;0;0;0;0;0;0;0;0;0;0;0;0;0;0;0;0;0;0;0.333333333;0;0;0;0;0;0;0;1.333333333;0;0;0;0;0;0;0;0.666666667;0;0;0;0;0;0
OTU1330;0;0;0.666666667;0;0.333333333;0;0;0;0;0;1.333333333;0;0;0;0;0.333333333;0;0;0;0;0;0;1.666666667;0;0;0.666666667;0;0;0;0;1.666666667;0.666666667;0;0;0;0;0;0;0;0.333333333;0;0;0;0;0;0;0;0;0;0;0;0;0;0;0;0
OTU1331;0;7.666666667;0;0.666666667;0;0.666666667;0;1.666666667;0;0;3.333333334;0;0.333333333;0;0.666666667;0.666666666;1.333333333;0;0;0;2;1;0.333333333;1;4;1;1.666666667;2.333333334;2;3.5;6;0;2.333333333;0;0;0.666666667;1.666666667;1.666666667;1.666666667;1;0;0;0;0;0;1;0;0.333333333;0.333333333;0;0;1.666666667;2.666666667;3.333333333;0.333333333;0
OTU1332;1.666666667;0;0;0;0;0;0;0;0;1;0;0;0;0;0;0;0;0;0;0;0;0;0;0;0.333333333;0;0;0;0;1;0;0;0;0.333333333;0;0;0;0;0;0;0;0;0;0;0;0;0;0;0;0;0;0;0;0;0.333333333;0
OTU1333;0;5.666666667;0;0;0;0;0;0;0;0;0;0;0;0;1;0;0;0;0;0;0;0.666666667;0;0;0;0;0;0;0.333333333;0;0.333333333;1.333333333;0.333333333;0;1.333333333;0.333333333;0;0;0;0;0;0;0;0;1;0;0;0;1.666666667;0;0;0;0;0;0;0
OTU1334;0;0;0;0;1;1.333333333;0;0;0;0.666666667;0;0;1.333333333;2;0;0;0.666666667;0;3.666666667;1;0;11.66666667;0;0.333333333;0;0;0;3;0;0;0;0;0;0.333333333;0;0.666666667;1;0;0;0;2.333333333;0;0;1.333333333;1.666666667;0.666666667;0;4;3;1.666666667;1.333333333;0;0;0;0;0
OTU1335;0;0;0;0;0;6.666666667;0;0;0;0;0;0;0;0;0;0;0;0;0;0;0;0;0;0;0;0;0;0;0;0;0;0;0;0;0;0;0;0;0;0;0;0;0;0;0;0;0;0;0;0;0;0;0;0;0;0
OTU1336;18.33333333;1;0;1;30.33333334;59.99999999;0;3.333333333;0;13;0;11.33333333;9.666666667;50.33333334;20;7;15.66666667;18.66666667;39;47;26.66666667;31.66666666;1.333333333;27.33333333;4.333333333;23.66666666;9.333333333;4.333333333;0;1;9.333333333;7;3;96.33333333;19.33333333;32;17.66666667;1.333333333;13;25;15;60;43.33333333;5;46.66666666;64;21.66666667;67.33333333;3.333333333;84.66666667;40.33333333;20.33333333;11;26.66666666;16.33333333;18
OTU1337;0;0;0;0;0;76.66666667;1.333333333;0;0;31;0.666666667;0;0;105.3333333;0;0;0;7.333333333;0;0;0;0;0;3;0;54;0;0;0;0;2.666666667;1.666666667;0;127.6666667;13.33333333;0;0;1.333333333;1;11.66666667;1;124.6666667;91.66666667;15.33333333;0;156;1;43;1.666666667;76.33333333;2;2.333333333;0;8.333333333;0;0
OTU1338;0;0;0;0;0;24;0;0;0;1.333333333;0;0;0;8;0;0;0;0;0;0;0;0;0;0;0;2;0;0;0;0;0;0;0;18.66666667;0;0;0;0;0;0;0;5;0;0;0;1.333333333;0;0;0;1.666666667;0;0;0;2.666666667;0;0
OTU1339;0;0;0;0;0;28;0;0;0;0;0;0;0;15.33333333;1.333333333;0;0;1;2;0;0;0.333333333;0;1;0;0;0;0;0;0;0;0;0;0;0;0;0.333333333;0;0.333333333;3;0;5.333333333;12.33333333;0;1.333333333;5.333333333;14.66666667;0;0;9;2.666666667;0;0;2.666666667;1.333333333;0
OTU1340;6.333333333;0;1;7;17;62.33333333;1.333333333;0;0;3;0;67.66666667;3.666666667;22.66666667;0.666666667;0;0;2.666666667;15.66666667;29;0;2.333333333;0;4;2;2;3.333333333;0;5.333333333;0;0;0;1;68.33333333;0;0;6.666666667;0;2;0;0;42.33333333;1.666666667;0;3;12.66666667;0;1;0;181.6666667;0;21.33333333;0;4;1.333333333;0
OTU1341;12;6.333333333;0;0;27.66666667;17;0;0.666666667;0;6.333333333;0;1;11.66666667;40.33333333;8;1.333333333;3;11;5.333333333;22;16;10;0;8.333333333;38;6.333333333;4.666666667;3.666666667;0;0;0;1;0;14.66666667;0.666666667;2.333333333;3;0;0;0;1.666666667;26.33333333;23;0;6.333333333;4.666666667;0.666666667;4;9;19.33333333;11.33333333;11;4;5.666666667;5;1.666666667
OTU1342;8.666666667;2;0;0;5;39.33333333;0;2.333333333;0;21;0;3.666666667;4;37;5;0;0;4.666666667;3.666666667;6;3;2;0;3.666666667;0;0;0;0;0;0;0;0;0;16.33333333;6.333333333;0;3;0;0;0.333333333;0.333333333;12.66666667;7.333333333;0;3;3;1.666666667;3.666666667;0;43.33333333;0;10.66666667;0;3.333333333;3.666666667;0
OTU1343;4.666666666;1.333333333;0;0;0.333333333;22;0;0;0;4.333333333;0;4.666666666;0;24;0;0;0.666666667;0;1.333333333;5.666666666;4;2;0;2.333333333;1;4.666666667;0;0;0;0;0;1;0;34.33333333;6.333333333;0;1.666666667;0;0;0;0;1;5.666666666;0;0;15.66666667;2;3;0;25.66666667;2.333333333;2.333333333;0;13.33333333;0;3.333333333
OTU1344;0;0;0;0;0.666666667;3.333333333;0;0;0;0;0;0;0;18;0;0;0;2.333333333;0;3.333333333;0;0.333333333;0;0;1.333333333;0;0;0;0;0;0;0;0;1.666666667;2.333333333;0;0.333333333;0;0;0;0;3.333333333;18.33333333;0;0;7.666666667;8;5;0;3.666666667;0;0;0;0;0;0
OTU1345;0;0;0;0;1.333333333;10.33333333;0;0;0;0;0;0;0;6.666666667;0;0;0;0;0;2;0;1.666666667;0;1;0;1.666666667;0;0;0;0;0;0;0;0.333333333;0;0;0.333333333;0;0;0;0;0;8;0;0;23;0;2.666666667;0;4;2;3;0;1;0;0
OTU1346;4.333333333;0;0;0;0;0;0;0.333333333;0;0;0;13.66666667;0;3;0;0;2.666666667;0;15.66666667;10;1.333333333;2;0;0.666666667;0;4;0;5.666666667;0;0;0;0;0;6.666666667;0;0;4.333333333;0;0;0;0;1.666666667;49.33333333;0.333333333;0;49.66666667;0.666666667;4.666666667;0;1.333333333;0.666666667;0;0;1;0;0
OTU1347;8.666666667;2.666666667;0;0;0;53;0;1.666666667;0;29.66666667;0;7;0.333333333;80;2.666666667;0;1.666666667;19.66666667;7;9;0;7.666666667;0;2.666666667;1;18.66666667;0.666666667;0;0.666666667;0;0;0;0;28.33333333;2.666666667;1.666666667;6.333333333;0;0;0;0;56.33333333;38.66666667;0;0;11;6;4.666666667;0;46.33333333;6;0;0;13.66666667;4.666666667;2
OTU1348;0.666666667;11.33333333;0;1;19;9.333333333;3;0.666666667;0;10.33333333;4.333333333;9.666666667;4;14.66666667;4.666666667;10;26.66666667;14.66666667;15.66666667;11;7.666666667;10.66666667;9;14;5.666666667;2;11.66666667;13;6.666666667;0;0.666666667;4.666666667;6;14.66666667;13;14;8.666666667;6.333333333;1;9;4.666666667;18;16.66666667;3;22.33333333;10.33333333;13;17.66666667;4;13.66666667;8;5.333333333;8.666666667;7.333333333;2.333333333;3
OTU1349;17.33333333;63.33333333;40;92;7.333333333;10;10.66666667;18.33333333;11.66666667;9.333333333;25;77.66666667;16.33333333;26;15.33333333;62.66666667;47;30.33333333;24.66666667;54.66666667;22;107.3333333;5.333333333;16.33333333;73.66666667;33.33333333;52.33333333;23.33333333;9.333333333;70.5;52;22.33333333;29;17;48.66666667;24.33333333;8;11.66666667;11.33333333;12;59.66666667;13.33333333;37;12.66666667;29;9;19.66666667;59.66666667;88.33333333;74.66666667;51.33333333;116.6666667;70.66666667;31.33333333;95.66666667;35.66666667
OTU1350;0;7.666666667;1.333333333;6;6;0;0;0.333333333;0;0;4.333333333;13.66666667;3.666666667;0;3.666666667;7;3;0;0;0;0.333333333;0;0;0.666666667;0;0;0.666666667;0;0.666666667;5.5;25.33333333;9.333333333;0.333333333;7;4;0.333333333;0;0;3.666666667;0;1;0;0;0;0.666666667;0;0.333333333;3.666666667;10.33333333;0;0;0;5.333333333;9;19.66666667;0
OTU1351;1.333333333;15.33333333;0;0;9.333333333;0;0;0;0;0;0;2.666666667;0;0;12.66666667;1.333333333;0;0.333333333;2;1.666666667;0;0;0;5.333333333;0;0;4.333333333;0;0;0;0;0;0;10.33333333;2;1.333333333;0;0;0;0;0;0;2.666666667;0;0;2.333333333;0;0.666666667;0;5.666666667;3.333333333;3;0;0.333333333;0;0
OTU1352;0;8.666666667;0;0;0;0;0;0;0;0;0;8.666666667;0;1;0;6;0;12.66666667;0;9.666666667;0.666666667;16;1.333333333;1;1;1.666666667;0.333333333;0;0;0;0;0;0;3;0;0;0;0;0.333333333;0;0;0;7;0;0;0;8.333333333;2.666666667;3.333333333;7.333333333;7;13;0;2;0;0
OTU1353;0;6;0;0;0;0;0;7;0;0;0;3;0;0;0;1.333333333;0;1.333333333;0;1;0;0;0;0;0;0;0;0;1;17.5;35;0;1;0;0;0;0;0;4.333333333;0;7.666666667;0;0;0;0;0;0;0;3.666666667;0;0;0;0;0;0;0
OTU1354;5.666666667;13.66666667;0;0;1;6.333333333;0;0.666666667;0;1.666666667;0;0.666666667;0;6.666666667;9;0;0.666666667;12.33333333;1.666666667;9;0;33.66666667;2;3;0;16.66666667;0;14.33333333;0;0;0;3.333333333;0;18.66666667;10;8.333333333;0;0;0.333333333;2.333333333;0;13.66666667;17;6;3.666666667;46;6.333333333;37;1;42;8.333333333;13.33333333;20.66666667;14;0;3.666666667
OTU1355;0;27.33333333;0;0;0;0;0;0;0;0;0;0;0;0.666666667;4.333333333;0;0;0;0;0.666666667;0;0;0;1;0;0;0;0;0;0;0;10.66666667;0;4;6.333333333;0;0;2;0;0;0;0;0;0;0;0;0;0;0;0;7.333333333;0;0;0;0;0
OTU1356;35.66666667;281.3333333;94.66666667;95.66666667;66.33333334;26;80;130.3333333;58.33333333;60;133;134.3333333;90.66666667;63.66666667;44.66666667;160;38;91.66666667;80.33333333;74.33333334;54.33333333;47;129;64;56.33333334;94;77;101;39.66666667;111;115;70.33333333;70.66666667;35.33333333;65.66666667;90.66666667;20;36.33333333;84;68.66666667;170.3333333;28.66666667;83;33;62.66666666;43;105.3333334;49.33333333;51.33333333;77;44.66666667;125.3333333;145.3333334;93;84;78.66666667
OTU1357;13.66666667;42;4.666666666;8.333333333;6.333333333;4.666666667;3.333333333;6;1.666666667;8.666666667;2;19;12.33333333;82.33333333;14.33333333;23.66666667;14.66666667;21.33333333;7.666666667;16.66666667;56.66666667;173;11.33333333;7.333333333;28.33333333;24.66666667;11;29.66666666;6.333333333;0;8.333333333;7;3.333333333;13;11.66666667;15.66666667;3.333333333;5.333333333;5;2;54.33333333;4.333333333;7;0.666666667;4.666666667;1.666666667;27.66666667;22;33.66666666;6.666666667;7.666666667;17.66666667;261.3333333;13;11;4.333333334
OTU1358;0;0;0;0;0;39;0;1;0;16.66666667;0;0;0;1.333333333;0;0;0;8;0;0;0;0;0;0;0;0;0;0;0;0;0;0;0;47.66666667;0;5;0;4.333333333;0;4.333333333;0;13.33333333;5.666666667;0;0;0;1.333333333;0;2;10;0;0;0;31.33333333;0;0
OTU1359;0;0;0;0;0;2.666666667;0;0;0;0.333333333;0;0;0;6.333333333;0;0;0;0;0;0;0;0;0;0;0;0;0;0;0;0;0;0;0;2;0;0;0;0;0;0;0;2;0;0;0;0;0;0;0;0;0;0;0;0;0;0
OTU1360;0;0;1;0;0;22.66666667;0;0;0;8;0;3;0;0;0;0;0;2;0;0;0;0;0;0;0;0;0;0;0;0;0;0;0;7.333333333;0;2.666666667;0;0;0;0;0;0;0;0.333333333;0;0;2.333333333;0.666666667;0;0;0;2;0;3.333333333;0;0
OTU1361;0;0;0;0;0;0;0;0;0;0;0;0;0;1.333333333;0;0;0;0;0;0;0;0;0;0;0;0;0;0;0;0;0;0;0;3.666666667;0;0;0;0;0;0;0;0;0;0;0;0;2;0;0;0;0;0;0;0;0;0
OTU1362;0;13;0;0;0;0;0;0;0;0;0;0;0;0;0;0;0;0;0;0;0;0.333333333;0;0;0;0;0;0;0;0;0;0;0;0;0;0;0;0;0;0;0;0;0;0;0;0;0;0;0;2;0;0;0;0;0;0.333333333
OTU1363;0;0;0;0.333333333;0;266.6666666;0;0;0;63.66666667;1;0;0;37.66666667;0.666666667;0.666666667;1.666666667;20.33333334;3.333333333;7.666666667;0.666666667;0.666666667;0;4;0;0;0.333333333;1;0;0;0;0;0;165.3333333;2.666666667;0;0;0;0;0.333333333;0.666666667;2;20;0;0;0;8.333333333;0;0;4;13;15.33333333;3.333333333;0.666666667;0;5.666666666
OTU1364;0;3.666666667;0;0;0;44;0;1;0;19;0;0;0;2;8;0;0;10;0;0;0;0;0;0;0;0;0;0;0;0;0;0;1;19;1.333333333;0;0;0;0;2.666666667;0;6.333333333;0.666666667;0;0;0;0;0;0;5.333333333;0;0;0;0;0;0
OTU1365;0;0;0;0;0;14;0;0;0;4;0;0;0;2;0;0;0;0;0;0;0;0;0;0;0;0;0;0;0;0;0;0;0;7.333333333;0;0;0;0;0;0;0;5;0;0;0;0;0;0;0;0;0;0;0;0;0;0
OTU1366;12.33333333;1;0.666666667;0;20.33333333;115;2;0.333333333;0;14.33333333;1;7.666666667;0;51;13.33333333;3;3.333333334;24;34.66666667;26;4.333333333;20.66666667;10.33333333;13.33333333;8;13.66666667;2.666666667;6.666666666;1.333333333;0;0;1;0;90;6.333333333;15.66666667;9;0;2.666666667;11.66666667;0;51;51.33333333;0.333333333;5;30.33333333;14;24;1;46.66666666;6;4.333333333;2;5.000000001;4.333333333;2.666666667
OTU1367;0;2;0;0;0;64;0;1;0;217;1.333333333;0;0;7;0;0;0;0.333333333;0;0;0;0;0;0;0;1.333333333;0;0;0;0;0;0;0;9.666666667;0;0;0;0;0;0;0;3.333333333;0;0;0;0;0;0;0;0.666666667;0;0;0.666666667;0;1;1
OTU1368;0;0;0;0;0;13;0;0;0;0;0;0;0;4.666666667;0;0;0;0;0.333333333;1.666666667;0;0;0;0;0;0;0;0;0;0;0;0;0;0;0;0;0;0;0;2.333333333;0;0;0.333333333;0;0;0;0;0;0;0;0;2.666666667;0;3.666666667;0;0
OTU1369;0;0;0;0;0;0;0;0;0;0;0;0;0;0;0;0;0;0;0;0;0;3;0;0;0;0;0;0;0;0;0;0;0;0;0;0;0;0;0;0;0;0;0;0;0;0;0.666666667;0;0;0;0;0.333333333;0;0;0;0
OTU1370;0;0;0;0;0;0;0;0;0;0;0;0;0;0;0;0;0;0;0;0;0;0;0;0;0;0;0;0;0;0;0;0;0;0.666666667;0;0;0;0;0;0;0;0;0;0;0;0;0;0;0;6.333333333;0;0;0;0;0;0
OTU1371;2;20;0;0;12.66666667;44.66666667;2.333333333;0;0;83.33333333;0;0;0.666666667;56.66666667;6.333333333;2.333333333;7.333333333;35.33333333;2.666666667;6.333333333;0;12.33333333;0;7.333333333;0;7.666666667;0;0;0;0;22;1;0;100.6666667;17;9.666666667;0;5.333333333;9.333333333;10;11.33333333;124.3333333;21.66666667;7.333333333;7;0.666666667;4;9;11.66666667;45.66666667;1;0;6.666666667;0;9.333333333;6
OTU1372;3;87.66666667;0;2.666666667;6;18.33333333;2;0.666666667;0.333333333;126.6666667;0;0;0.333333333;45.33333333;3.666666667;1;0;13.33333333;3;0;0;0;0.333333333;0;0;0;0;0;0;164.5;8.333333333;99.00000001;0;27.66666667;14.66666667;2.666666667;0;55;12;14.33333333;2.333333333;15;4;4.333333333;3.333333333;0;1.666666666;3.333333333;0.666666667;7;0.666666667;0.333333333;2.333333333;0;2;10
OTU1373;0;0;0;0;0;0;0;0;0;0;0;0;0;75.66666667;0;0;0;0;0;0;0;0;0;1.666666667;0;0;0;0;0;0;0;0;0;0;0;0;0;14;0;0;0;0;1;0;0;0;0;0;0;0;0;0;0;0;0;0
OTU1374;0;0;0;0;0;0;0;0;0;0.666666667;0;0;0;0;1;0;0;0;0;0;0;0;0;0;0;0;0;4;0;0;0;0;0;0;0;0;0;0.333333333;0;0;0;0;0;0;0;0;0;0;0;0;0;0;0;0;0;1
OTU1375;0;0;0;0;0;9.666666667;0;0;0;0;0;0;0;5.666666667;0;0;0;0;0;4.333333333;0;0;0;0;0;0;0;0;0;0;0;0;0;2.666666667;0;0;0;0;0;0;0;4;0;0;0;0;0;0.333333333;0;3.333333333;0;0;0;0;0;0
OTU1376;0;7.333333333;1.333333333;2;7.333333333;164.3333333;1;3.333333333;1;52.66666667;0;1.666666667;1.666666667;79.33333333;2;2.333333333;1;9.333333333;4.333333333;11;1;9;0;4.333333333;3;6;1.666666667;2.666666667;0;0;33;2.333333333;0;78;2.666666667;2.666666667;0.333333333;3.333333333;3;0.666666667;3;58.33333333;15.33333333;3;3.333333333;2.333333333;5.333333333;2.666666667;2;34.66666667;13.66666667;11.33333333;0;5.333333333;6.666666667;7.666666666
OTU1377;7.666666667;250;13;68;48;29.66666667;32.33333333;34.33333333;14.33333333;90;9.333333333;46.33333333;56.66666667;51;90.66666667;52;20.66666667;49;28;19;6.333333333;11.66666667;7;12.33333333;28.33333333;31.33333333;8.333333333;0.333333333;32;47.5;83.33333333;88.33333333;119.6666667;61.33333333;104.3333333;52;28.33333333;35.33333333;100.3333333;81.66666667;103;63.33333333;54.66666667;14;37.66666667;21.33333333;41.33333333;44.33333333;39;43.66666667;9;8.333333333;10.33333333;13.66666667;59.66666667;12.33333333
OTU1378;19;150;9.333333333;41.66666666;48.99999999;130.3333333;25;27.66666667;38;206;24.66666666;21.33333333;22;103.6666667;13.33333333;54.66666667;16;31.33333334;43;114;21;67;15.33333333;13.33333333;30.33333334;3.666666667;18.33333333;28.66666666;4.999999999;557;87;48;37;84.66666666;28.66666667;29.33333334;13.66666667;7;57.33333333;33.33333333;75.66666666;83.66666667;59.66666667;18.66666667;68.66666667;35.66666667;55;97.00000001;28.33333333;58;68.33333334;31.66666667;83.99999999;43.33333333;82.00000001;12
OTU1379;0;0;0;0;0;1.333333333;0;0;0;0;0;0;0;0;0;0;0;0;0;0;0;0;0;0;0;0;0;0;0;0;0;0;0;0;0;0;0;0;0;0;0;0;0;0;0;0;0;0;0;0;0;0;0;0;0;0
OTU1380;0;0.333333333;1.666666667;0;0;0.666666667;0;0.666666667;0;0;0;0;0.333333333;0;0;0;1.333333333;0;1.666666667;0;3.333333333;0.666666667;0;0.666666667;0;0.666666667;0;0.666666667;0;0;0;0.333333333;0;0;2;0;1;0;0.333333333;0;0;0;0;0;0;0;4.666666667;0.333333333;0.666666667;0;1.666666667;0;0;0;1;0
OTU1381;0;1;0;0;0;0;0;0;0;0;0;0;0;0.666666667;0;0;0;0;0;0.333333333;0;0;0;0;0;1.666666667;0;0;0;0;0;0;0;9;0;0;0;0;0;0;0;3;0;0;0;0;0;0;0;4.333333333;0;0;0;9.333333333;0;0
OTU1382;0;0;0;0;0;0.333333333;0;0;0;0;0;0;0;0.333333333;0;0;0;0;0;0;0;0;0;0;0;0;0;0;0;0;0;0;0;0;0;0;0;0;0;0;0;0;0;0;0;0;0;0;0;0;0;0;0;0;0;0
OTU1383;0.333333333;1.333333333;0;0;0;18.33333333;0;0.333333333;0;52;0;0;0;2;0;0;0;0;0;0;0;0;0;0;0;0;0;0;0;0;0;0;0;0.333333333;0;0;0;0;0;0;0;0.333333333;0;0;0;0;0;0;0;0;0;0;0;0;0.333333333;0
OTU1384;0;0;0;0;0;135;0;0.666666667;0;35;0;0.666666667;0;1.333333333;0;0;0;0;0;0;0;0;0;0;0;0;0;0;0;0;0;0;0;4;0;0;0;0;0;0;0;5;0;0;0;0;0;0;0;1;0;0;0;0;0;0
OTU1385;0;1;0;0;0;1.333333333;2.666666667;0.333333333;0.666666667;0;0;1.333333333;0;0;0;0;0.333333333;0;0.333333333;0;0;0;1.666666667;0;0;0.333333333;0;0.666666667;0;0;0;0;2.333333333;0;0;0;0;0;0;0;0.333333333;0;0.666666667;0;0;1;0;0.333333333;0;0;1;0.333333333;0;0;0;0
OTU1386;0;0;0;0;0;0;0;0;0;1;0;0;0;0.333333333;0;0;2;0;0;0;0;0;0;0;0;0;0;0;0.333333333;0;0;0;0;0;0;0;0;1.333333333;0;0;0;0;0;0;0;0;0;0.666666667;0;0;0;0;0;0;0;0
OTU1387;0;0;0;6.333333333;0;0;0;0;0;0;0;0;0;0;0;0;0;0;0;0;0;0;1.666666667;0;0;0;0;0.333333333;0;0;0;2;1;0;0;0;0;1;0;0;0;0;0;0;0;0;0;0;0;0;0;0;0.333333333;0;0;0
OTU1388;2.666666667;3.666666666;9.666666666;8.999999999;1.999999999;0;11.66666667;11.33333333;16.33333333;0.666666667;9;9.666666666;4;8;4.999999999;6.666666667;2.666666666;0.333333333;8;6;16.66666667;7.333333334;10;6.666666667;6.333333333;2.666666667;17.33333333;13.66666667;46.33333333;0.5;3.666666667;11;11.66666667;3.666666666;3.333333333;5.333333332;12;3.333333333;22.66666667;5.333333334;5.666666667;2.666666666;1.666666667;8;6.333333333;2.666666666;6;7;13;8;12.66666666;5.666666667;9.666666667;2.666666667;9;11.66666667
OTU1389;10.33333333;1.666666666;1.333333333;1.666666667;0.666666667;1;1;12.66666667;0;2.666666667;2.666666666;4;4.333333333;4.666666666;2;3;4;0.333333333;0.333333333;0.333333333;0;2.666666668;1;6.999999999;2.666666667;0.666666667;0;0.666666667;1.333333334;3;0;2.333333333;6;0;1.333333333;3.666666667;2;0.666666667;2;1.333333333;0.333333333;2;4.666666667;4.666666667;1.333333334;0;1.333333334;1.666666667;1.333333334;0.666666667;2;4.333333333;0.333333333;1.666666667;4.333333334;4.333333333
OTU1390;0;0;0;0;0;0;0;0;0;0;0;0;0;0;0;0;0;0;0;0;0;0;0;0;0;0;0;0;0.666666667;0;0;0;0;0;0;0;0;0;0;0;0;0;0;0;0;0;0;0;0;0;0;0;0;0;0;0
OTU1391;0;0;0;0;0;0;0;0;0;0;0;0;0;0;0;0;3.333333333;0;0;2.333333333;0;0;0;0;0;0;0;0;0;0;0;0;0;0;0;0;0;0;0;0;0;0;0;0;0;1;0;0;0;0;0;0;0;0;0;0
OTU1392;1.333333333;3.333333333;0;1.666666666;1.666666667;0;1;2.333333333;10.66666667;2.333333334;0.333333333;0.333333333;1.666666667;0;7.666666667;4.666666666;6.666666666;0;1.666666667;1.333333333;0.666666667;0;4.666666666;3.333333334;4;0;0;0;1.333333333;1.5;2.666666667;0.666666667;5;0;0;0;2.999999999;0;0;0;1.666666667;0;0;0.333333333;1.666666667;1.666666667;0;0;2.333333333;0;0.666666667;0;1.333333333;1.333333333;0.666666667;0
OTU1393;0;0;0;0.666666667;0;0;0;0;0;0;0;0;0;0;0;0;0;0;0;0;0;0;0;0;0;0;0;0;0;0;0;0;0;0;0;0;0;0;0;0;0;0;0;0;0;0;0;0;0.666666667;0;0;0;0;0;0;0
OTU1394;1.333333333;4.666666666;5;1.666666667;1.333333333;2.333333333;3.666666667;7;8;2;3.666666666;0;0.666666667;0;4.666666667;5.000000001;1.666666666;0;1.333333333;4.333333333;0;2.666666667;2.666666666;3.000000001;8.666666667;4.333333333;3.999999999;6;4;7;0;3.666666667;16;0.666666667;2.333333333;2;0.333333333;0.333333333;6.666666666;15.33333333;3.666666666;0.666666667;0;0.666666667;1.333333334;0;0;3;6.333333332;0;1;1;3;0;4.333333333;5
OTU1395;0;0;0.333333333;1.333333333;0;0;0;0;0;0;0;0;0;0;0;0;0;0;0;0;0;0;0;0;0;0;0;0;6.333333333;0;89.33333333;0;0;0.333333333;0;0;0;0;0;0;2;0;1.666666667;0;0;0;0;0;0;0;0;0;0;0;0;0
OTU1396;0;1.666666667;0;0;0;0;0;0;0;0;0;0;1.333333333;0;0;0;0;0;0;0;0;0;0;0;0;0;0.333333333;0;0;0;0;0;0;0;0;0;1.666666667;0;0;0;0;0;0;0;0;0;0;0;0;0;0;0;0;0;0;0
OTU1397;0;2;0.333333333;0;0;0;0;0;2;0;0.666666667;2.333333333;1;0;0;0;1;0;0;0;1.333333333;0;3.666666666;0;0;0;0;0;0;0;0.666666667;0;0;0;0;0;0;0;0.333333333;0;0;0;0;0.666666667;0.333333333;0;0;0;0;0;0;1.333333333;0;0;0;0
OTU1398;0;0;0;0;0;0;0;0;0;0;0;0;0;0;0;0;1.333333333;0;0;0;0;0;0;0;0;0;0;0;0;0;0;0;0;0;0;0;0;0;0;0;0;0;0;0;0.333333333;0;0;0;0;0;0;0;0;0;0;0
OTU1399;1;5;1.333333333;1;1.333333333;0;3.666666667;1;0.333333333;0;0;3;0.333333333;0;0.666666667;0;1.333333333;0;2.666666666;1.666666667;1.333333333;0.333333333;0;2;1.333333333;0;3.333333333;0;3.333333333;7;3.333333333;0.333333333;6;0.333333333;0;0;6.666666667;0;3.333333334;0.666666667;0;0;0;0.333333333;0.333333333;0;0;0;0;0;0.333333333;0.333333333;1.666666667;0;0;0
OTU1400;0;0;0;0;0;0;0;0;0;0;0;0.666666667;0;0;0;0;0;0;0;0;0;0;0;0;0;0;0;0;0;0;0;1;0;0;0;0;0;2;0;0;0;0;1;0;0;0.333333333;0;0;0;0;0;0;0;0;0;0
OTU1401;0.666666667;0.333333333;0;1.666666667;0;0;1.333333333;1.333333333;2;0;1.666666667;7.333333334;1;0;0;1.666666666;0;0;1.333333333;0.666666667;0.333333333;0.333333333;2.333333334;0.333333333;1;0;0;0.333333333;0.666666667;6;0.666666667;0.333333333;4;1;1.666666667;0.333333333;0.666666666;2.666666667;2.333333333;4.333333333;2.333333333;0.666666667;0;1.666666666;0.333333333;0;0.333333333;1;0;0.333333333;0;1;2.666666666;0.666666667;0.666666667;0
OTU1402;0;0;0;0;0;0;0;0;0;0;0;0;0;0;0;0.333333333;0;0;0;1;0;0;0;0;0;0;0;0;0;0;0;0;0;0;0;0;0;0;0;0;0;0;0;0;0;0;0;0;0;0;0;0;0;0;0;0
OTU1403;0;0;0;0;0;0;0;0;0;0;0;0;0;0;0;0;0;0;0;0;0;0;0;0;0;0;0;0;0;0;0;0;0;0;0;0;0;0;0;0;0;0;0;0;0;0;0;0;0;0;0;0;0;0.666666667;0;0
OTU1404;0.333333333;12.66666667;1.333333333;2.333333334;1.333333333;0;2.999999999;3.333333334;12;0;3;3;1.333333334;1;3.333333333;2.333333334;1.333333333;0.666666667;0.333333333;2;0.666666667;0.333333333;3.333333333;5.999999999;0.333333333;0;2.333333333;0;0;10.5;0.333333333;2;3.666666667;0.333333333;0;1;1;0.666666666;1;0;4.666666666;0;0;1;0.333333333;0.333333333;0.666666666;0;0;1;0.333333333;2;1.666666666;0.333333333;3.333333333;1
OTU1405;0;0;0;0;0;0;0;0;0.333333333;0;2;0;0;0;0;0;0;0;0;2;0;0;2;0;0;0;0;0;0;0;0.666666667;0;0;0;0;0;0;0;0;0;0.666666667;0;0;0;0;0;0;0.333333333;0;0;1;0.666666667;0;0;0;0
OTU1406;0;0;0;0;0;0;0;0;0;0;0;0;0.333333333;0;0.666666667;0;0;0;0.333333333;0.333333333;0;0;0;0;0.333333333;0;1;0;0;0;0;0.666666667;0;0;0.333333333;0;0;0;0.333333333;0;0;0;0;0;0;0;0;0;1.666666667;0;2.666666667;0;0;0;0;0
OTU1407;0;0;0;0;0;0;0;0.333333333;0;0;0;0;0;0;0;0;0;0;0;0;0.333333333;0;0;0;0;0;0;0.666666667;0;0;0;0;0;0;0;0;0;0;0;0;0;0;0;0;0;0;0;0;0;0;0;0;0;0;0;0
OTU1408;0;0;0;0;0;0;0;0;0;0;0;0;0;0;0;0;0;0;0;0;0;0;0;0;0.333333333;0;0;0;0;0;0;0;0;0.333333333;0;0;0;0;0;0;0;0;0;0;1;0;0;0;0;0;0;0;0;0;0;0
OTU1409;0;0;0;0;0;0;0;0;0;0;0;0;0;0;0;0;0;0;0;0;0;0;0;0;0;0;0;0;0;0;0;0;0;0;0;0;0;0;0;0;0;0;0;0;0;0.666666667;0;0;0;0;0;0;0;0;0;0
OTU1410;0;0;0;0;0;0;0;0;0;0;0;0;0;0;0;0;0;0;0;5.333333333;0;0;0;0;0;0;0;0;0;0;0;0;0;0;0;0;0.333333333;0;0;0;0;0.333333333;0;0;108.6666667;0;0.333333333;3.333333333;0.333333333;0;0;0;0;0;0;0
OTU1411;0;0;0;0;0;0;0;0;0;0;0;0;0;0;0;0;0;0;0;0;0;0;0;0.333333333;0;0;0;0;0;0;0;0;0;0;0;0;0;0;0;0;0;0;0;0;0;0;0;0;0;0;0;0;11;0;0;0
OTU1412;0;0;0;0;0;0;0;0;0;0;0;0;0;0;0;0;0;0;0;0;0;0;0;0;0;0;0;0;0;0;0;0;0;0;0;0;0;0;0;0;1.666666667;0;0;0;0;0;0;0;0;0;0;0;0;0;0;0
OTU1413;0;11.66666667;0;0;0.333333333;0;0;0;0;0;0;0;0;0;0;0;2;0;0;2.666666667;0;0;0;0;0;2;0;0;0;0;0;1.333333333;0;1;0;0;0;0;0;0;0;1.666666667;0;0;0;0;0;0;0;0;0;0;0;0;0;0
OTU1414;0;0;0;0;0;2;0;0;0;0;0;0;0;0;0;0;0;0;0;0;0;0;0;0;0;0;0;0;0;0;0;0;0;0;0;0;0;0;0;0;0;0.333333333;0;0;0;0;0;0;0;2.666666667;0;0;0;0;0;0
OTU1415;0;0;0;0;0;15.33333333;0;0;0;0;0;0;0;9.333333333;0;0;0;0;0;0;0;0;0;0;0;0;0;0;0;0;0;0;0;2.333333333;0;0;0;0;0;0;0;0;0;0;0;0;0;0;0;0.666666667;0;0;0;1;0;0
OTU1416;0;0;0;0;0;0;0;0;0;0;0;0;0;19;0;0;0;0;0;0;0;0;6.333333333;0;0;0.666666667;0;0;1.333333333;16;0;0;19.33333333;0;0;0;2.666666667;0;2;0;27;0;0;0;0;0;0;0;18.33333333;0;0;0;0;0;0;0
OTU1417;219.0000001;227.3333334;264;193.3333333;144;50.66666667;167.6666667;154.6666667;279;41.33333334;439;401.6666666;100.3333333;40.33333333;182.3333333;205;307.3333333;82.66666666;248.6666667;240.6666667;331.6666666;131.3333333;271.6666667;302;230.6666667;177.3333334;209.9999999;366;295.6666667;156.5;187;50.33333333;145.3333333;32.33333334;77.33333334;175.3333333;435.6666666;22.33333334;234.6666666;123.3333333;232;65;51.66666667;148;206;49;145;93.66666666;315.3333333;92.33333333;401;111;231;74.66666666;197.6666667;163.6666666
OTU1418;0;0;0;0;0;0;0;0;0;0;0;0;0;0;0;0;0;0;0;0;0;0;0;0;0;0;0;0;0;0;0;0;0;0;0;0;0;0;0;0;0;0;0;0;1.333333333;0;0;0;0;0;0;0;0;0;0;0.666666667
OTU1419;3.333333334;8;2.333333333;8;5.666666666;0;5;4.666666667;19.66666667;5;6.666666666;7.333333333;10.33333333;3.333333334;17.66666667;9.666666667;5.666666666;0;11;1.666666667;12.33333333;6.333333333;3.666666667;10.66666667;9.666666668;2;9.666666667;6;6.333333333;16.5;1.333333334;0;9.999999999;1.333333334;1.333333333;11.66666667;7.999999999;0;8.333333334;1.333333333;4.333333333;1;1.333333333;2.333333333;11.33333333;4;0.666666667;4.666666667;14.66666667;0;5.333333333;1.333333333;4;5.333333333;4;1
OTU1420;0;0;0.333333333;0;0;0;0;0;0;0;0;0;0;0;0.666666667;1.333333333;0.666666667;0;0;1.666666667;0.666666667;0;0;1.666666667;0;0;1;1.333333333;0;0;0;0;0.333333333;1;0.666666667;0;0.333333333;0;0;0;0;0;0;0;1;0;0;0.333333333;3;0;0;0;0;0;2;0
OTU1421;0;0;0;0;0;0;0;0;0;0.666666667;0;0;0;0.666666667;1;0;0;0;0;0;0;0;0;0;0.333333333;0;0;0;0;0;0;0;0;0;0;0;0.333333333;0;0;0;0;0;0;0.333333333;0;0;0;0;0;0;0;0;0;0;0;0
OTU1422;0;0;0;0;0;0;0;0;0;0;0;0;0;0;0;0;0;0;0;0;0;0;0;0;0;0;0;0;0.333333333;0;0;0;0;0;0;0;0;0;0;0;0;0;0;0;0;0;0;0;1.333333333;1.666666667;0;0;0;0;0;0
OTU1423;0;0;0;0;0;0;0;0;0;0;0;0;0;0;0;0;0;0;0;0;0;0;0;0.333333333;0;0;0;0;0;0;0;0;0;0;0;0;0;0;0;0;0;0;0;0;0;0;0;0;0;0;0;0;0;0;0;0
OTU1424;0.666666667;3;1.333333333;2.333333333;1;0.333333333;0.666666667;1;3.666666666;1;0;4.333333333;3;1.666666667;0.666666667;4;0;0;1;2;3;0;0.666666667;3.333333334;3.999999999;1.666666667;4.333333333;4.333333333;1.666666667;2;2.666666668;1.666666666;5.666666667;0;0;0.666666667;0.333333333;0;1;1.666666667;0;0.333333333;0;1;2.333333334;0.666666667;0;3.666666667;0;0;3;1;1;3.333333333;2.666666666;2.666666667
OTU1425;1.666666667;0;0;0;0;0;0;0.666666667;0;0;0.333333333;0;0;0;0.666666667;0;0;0;0;0;0;0;0;0;0;0;0;1;0;0;0;0;0;0;0;0;0;0;0;0;1.333333333;0;0;0;0;0;0;0;0.333333333;0;0;0;0;0;0;0
OTU1426;0;0;0;0;0;0;0;0;0;0;0;0;0;0;0;0;0;0;0;0.333333333;1.333333333;0;0.666666667;0.333333333;0;1;0.666666667;0.666666667;0;6;0;0;0;0;0;0;0;0;0;1;0.333333333;0;0;1;0.666666667;0.333333333;0;0;1;0;0;0;0;0;0;0
OTU1427;0;0;0;0;0;0;0;0;0;0;0;0;0;0;0;0.333333333;0;0;1;0;0.333333333;0;0;0;0;0;0;0;0;0;0;0;0;0;1;0;0;0;0;0;0;0;0;0;0;0;0;0;0;2;0;0;0;0.333333333;0;0
OTU1428;0;1;0;0;0;0;0;0;0;0;0;0;0;0;0;0;0;0;0;0;0;0;0;0;0;0;0;0;0;0;0;0;0;0;0;0;0;0;0;0;0;0;0;0;0;0;0;0;0;0;0;0;0;0;0;0
OTU1429;0;1.666666667;0;0;0;0;0;0;0;0.333333333;0;0;1;0;0.333333333;0.666666667;0;0;0;0;0;0;0;0;0;0;0.666666667;0;0;1;0;0;0.666666667;0;1;0;0;0;0;0;0;0.333333333;0;0;0;0;2;0;0;0;0;0;0;0;0;0
OTU1430;0;0;0;0;0;0;0;0;0;0;0;0;0;0;0;0;0;0;0;0;0;0;0;0;0;0.666666667;0;0;0;0.5;0;0;0;0;0;0;0;0;0;0;0;0;0.666666667;0;0;0;0;0;0.666666667;0;0;0;0;0;0;0
OTU1431;0;0;0;0;0;69;0.666666667;0.333333333;0;0.333333333;0;0;0;0;0;0;0;0;0;0;0;0;0;0;0;0;0;0;0;0;0;0;0;0;0;0;0;0;0;0;0;0;0;0;0;0;0;0;0;0;0;0;0;0;1;0
OTU1432;0;0;0;0;0;0;0;0;0;0;0;0;0.666666667;0;0;0;0;0;0;0;0;0;0;0;0;0;0;0;0;0;0;0;0;0;0;0.333333333;0;0;0;0;0;0;0;0;0;0;0;0;0;0;0;0;0;0;0;0
OTU1433;0;0;0;0;0;0.333333333;0;0;0;0;0;0;0;5.666666667;0;0;0;1;0;0;0;1;0;0;1.333333333;0;0;0;0;0;0;0;0;7.333333333;0;0;0;0;0;0;0;2;0.666666667;0;0;0.333333333;0;0;0;1.333333333;0;0;0;0;0;0
OTU1434;91;292.6666667;94;189.6666667;84.66666667;82.66666666;177.3333333;127;161.6666666;165.3333333;78.33333334;89.33333333;38;47.33333333;106.3333333;25.33333333;64;85.33333333;63;29;83.33333334;29.66666667;68;80.33333334;158;40;70.66666666;117.6666667;59.66666666;553.5;348;461;200.3333333;78.33333333;151.3333333;55;79;138.6666667;107.6666667;38.33333333;77.66666666;35.66666666;11;7.666666667;40.66666666;22;96.33333333;14.66666667;81.66666667;38;22;2;31;43;58.33333334;52.33333333
OTU1435;5.333333333;0.333333333;0;0;0;75.33333333;14;0;8;2.333333333;0;0;4.333333333;14;1;0;0;0;0;0;4;0;4.666666667;0;0;3;1.666666667;0.666666667;7.333333333;0;0;0.666666667;0;3.333333333;2.333333333;4;0;7.333333333;4;0;0;6.666666667;6.666666667;0;11;0;23;0;0;0;4.333333333;0;0;0;0;0
OTU1436;0;0;0;0;0;0;0;0;0;0;0;0.333333333;0;0;0.666666667;0;0;0;0;0;0;0;0;0;0;0;0;0;0;0;3;0;0;0;0;0;0;0;0;0;1;0;0;0;1;0;0;0;0;0;0;0;0;0;0;0
OTU1437;0;0;0;0;0;0.666666667;0;0;0;0;0;0;0;0;0;0;0;0;0;0;0;0;0;0;0;0;0;0;0;0;0;0;0;0;0;0;0;0;0;0;0;0;0;0;0;0;0;0;0;0;0;0;0;0;0;0
OTU1438;0;0;0;0;0;0;0;0;3.666666667;0.333333333;0;0;0;0;0;0;0;0;0;0;0;0;0;0;0.333333333;0;0;0;0;0;0;0;0.333333333;0;0;0;0;0;0;0;0;0;0;0;0;0;0;0;0;0;0;0;0;0;0;0
OTU1439;0;2;0;0;0;0;0;0;0;0;0;1.333333333;0;0;0;0;0;0;0;0;0;0;0;0;1.333333333;0;0;0;0;5.5;0;0;0;0;0;0;0;0;0;0;0.666666666;0;0;0;0;0;0;0;0.333333333;0;0;0;0;0;0;0
OTU1440;1.333333334;9;1;9.333333334;1.666666666;1.666666666;5.333333333;5.000000001;2.666666667;8.333333333;4.666666666;6.333333333;5.666666667;3.333333333;2;5.666666667;7;0.666666667;1;12.66666667;9.666666667;2;2.666666667;6.333333334;10.33333333;4.333333333;7.666666666;6.333333333;3.333333333;10.5;1;2;8;2.666666667;0;5.666666667;3.666666666;1;4.333333333;0;0;2.666666667;0;3.666666667;1.333333333;0;0.333333333;0.666666667;4;1.333333334;1;3;4.333333333;1.666666667;5.666666667;2.333333333
OTU1441;0;0;0;0;0;0;2.666666667;0;0;0;0;0;0;0.666666667;0;0;0.333333333;0;0;1;0.333333333;0;0;0;2;0;0;0.333333333;4.666666667;0;0;0;1;0;0;0;0;0;0.666666667;0;0;0;0;0;1;2;1;0.666666667;0.666666667;0;0;0;0;0.666666667;0;1.333333333
OTU1442;0;0;0;0;0;0;0;0;0;0;0;0;0;0;0;0;0;0;0;0;0;0;0;0;0;0;0;0;0;0;0;0;0;1;0;0;0;0;0;0;0;0;0.333333333;0;1;0;0;0;0;0;0;0;0;0;0.333333333;0
OTU1443;0;0;0;0;0;0;0;0;0;0;0;0;0;0;0;0;0;0;0;0;0;0;0;0;0;1.333333333;0;0;0;0;0;0;0;0;0;0;0;0;0;0;0;0.333333333;0;0;0;1;0;0;0;0;0;0;0;0;0;0
OTU1444;0;0;0;0;0;0;0;0;0;0;0;0;0;0;0;0;0;0;0;0;0;0;0;0;0;0;0;0;0;0;0;0;0;0;0;0;0;7.666666667;0;0;0;0;0;0;0;0;0;0;0;0;0;0;0;0;0;0
OTU1445;0;0;0;0;0;45.33333333;0;0.333333333;0;0;0;0;0;0;0;0;0;0;0;0;0;0;0;0;0;0;0;0;0;0;0;0;0;0;0;0;0;0;0;0;0;0;0;0;0;0;0;0;0;0;0;0;0;0;0;0
OTU1446;0;0;0;0;0;1.333333333;0;0;0;0;0;0;0;0;0;0;0;0;0;0;0;0;0;0;0;0;0;0;0.666666667;3.5;7.666666667;305.3333333;2.666666667;4.666666667;2.666666667;4.333333333;0;0;0;0;0;0;0;0;0;0;0;0;0;0;0;0;0;0;0;0
OTU1447;1;2.333333333;1.666666667;1.333333333;0;618.3333333;0.333333333;2.333333333;1.666666667;29;3;2.666666667;0;0;0;0;0;0;0;0;0;0;0;0;0;0;0;0;0;0;0;0;0;2.333333333;0;0;0;0;0;0;0;0;0;0;0;0;0;0;0;0;0;0;0;0;3;0
OTU1448;10;21.66666667;15.33333333;16.33333334;12.66666667;1420;13.33333334;25;16;1350.666667;12;16.66666667;0;62.33333333;0;0;0;0;0;0;0;0;0;0.666666667;0;0;0;0;0;0;0;0;0;211;0;0;0;2;0;0;0;0.666666667;0;0;0;0;0;0;0;0;0;0;14.66666667;9.333333334;15.33333333;10.33333333
OTU1449;0;0;0;0;0;16.66666667;0;0;0;0;0;0;0;0;0;0;0;0;0;0;0;0;0;0;0;0;0;0;0;0;0;0;0;0;0;0;0;0;0;0;0;0;0;0;0;0;0;0;0;0;0;0;0;0;0;0
OTU1450;0;2;0;0;0;65.33333333;0;0.333333333;0;111.6666667;0;0;0;7.666666667;0;0;0;1.333333333;0;0;0;0;0;0;0;0;0;0;0;0;0;0;0;17.33333333;0;0;0;2;0;0;0;0;0;0;0;0;0;0;0;0;0;0;0;0;0;0
OTU1451;0;0;0;0;0;27.66666667;0;0;0;7.666666667;0;0;0;1;0;0;0;0;0;0;0;0;0;0;0;0;0;0;0;0;0;0;0;0;0;0;0;0;0;0;0;0;0;0;0;0;0;0;0;0;0;0;0;0;0;0
OTU1452;0;0;0;0;0;0;0;0;0;0;0;0;0;0;0;0;0;0;0;0;0;0;0;0;0;0;0;0;0;0;0;0;0;0;0;0;0;0;0;0;0;0;1.333333333;0;0;0;0;0;0;0;0;0;0;0;0;0
OTU1453;1;15.33333333;0;0;0;0;0.666666667;0;8.333333333;0;1.333333334;0;0;0;0;0.333333333;0;0;0;0;0;0;0;0;0;0;0;0;0;1;0;0.666666667;0;0;0;0;0;0;0.333333333;0;0;0;0;0;0;0;0;0;0;0;0;0;0;0;1;0
OTU1454;3.333333333;0;0.333333333;0;22.66666667;0;0;0;0.666666667;0.666666667;0.333333333;0.666666667;0;0;0;1.666666667;2.666666667;0;0;1.333333333;3.333333333;0.666666667;0;0;0;0.666666667;3;6.666666667;0;0;0;0;0;0;0;0;0;0;1.666666667;0;0;0;1.333333333;0;0;0;2.666666667;4.333333333;3.333333333;3;1;10;33.33333333;1;0.666666667;0
OTU1455;0;1;0;0;1;1.333333333;0;0;0;7;0;0;0;5;0.666666667;0;3;4.333333333;0.333333333;0;0;0.666666667;1.333333333;0;0;0;0;0;0;0;0;0;0;1;0;2;0;1;0;0;0;0;0;1;1;0;2;0;3.666666667;0;0;0;0;0;0;0
OTU1456;2.333333333;1.333333333;1;0;1;1;1.333333333;1;0.666666667;8.333333333;1;0;2.333333333;0;0;1.666666667;0.333333333;9;4.333333333;1.333333333;1.666666667;0.333333333;0.666666667;1;1.333333333;0;2;0.333333333;1;0;2.666666667;0.666666667;1.666666667;0.333333333;0;0.666666667;2.666666667;69.33333333;0.333333333;1.333333333;1;1;6;2;5;4.666666667;4;3;2.333333333;0;0.666666667;0.666666667;0.333333333;0;0;0.666666667
OTU1457;0;0;0;0;0;0;0;0;0;0;0;0;0;0;0;0;0;1;0.666666667;5.333333333;0;0;0;0;0;0;0.333333333;0;0;0;0;0;0;11;0;0;0;0;0;0;0;0;0;0.333333333;0;0;0;2.666666667;0;2;0;0;0;0.666666667;6;0
OTU1458;10;226.6666666;12;3;51;4;10;9;3;9.333333333;7.333333333;10.66666667;4.666666667;13.33333333;8.333333333;65;8;8.666666667;20.66666667;124;53.66666667;68.33333333;3.666666667;13.33333333;166.6666667;16.66666667;5.333333333;27.33333333;3.666666667;0.5;9;4.666666667;1.333333333;13.33333333;5;32.66666667;2.666666667;1;5;13.33333333;8.333333333;8.333333333;162;10;10.66666667;4.333333333;22.66666667;37.66666667;14.66666667;12;67;55.66666667;40.33333333;7.666666667;37.66666667;5.333333333
OTU1459;0;0;0;0;0;0;0;0;0;0;0;0;0;0;0;0;0;0;0;0;0;24.66666667;0;0.666666667;0;0;0;0;0;0;1.333333333;0;0;0;0;0;0;0;0;0;0;0;0;0;0;0;0.666666667;0;0;0;0;0.666666667;0;0;0;0
OTU1460;0;0;0;0;0;10.33333333;0;0;0;0;0;0;0;0;0;0;0;0;0;0;0;0;0;0;0;0;0;0;0;0;0;0;0;0;0;0;0;0;0;0;0;0.333333333;0;0;0;0;0;0;0;4.333333333;0;0;0;1;0;0
OTU1461;0.333333333;0.333333333;0;0;0;0;0;0;0;0;0;0;0;0;0;0;0;0;1;0.333333333;0;3;0;3.333333333;0;0;0;0.333333333;0;0;0;0;0;0;0;0;0;0;0;0;0;0;0;0;0;0;0;0;0;0;1.333333333;1.666666667;0;0;0;0
OTU1462;0;0;0;0;0;0;0;0;0;0;0;0;0;0;0;0;0;0;0;0.333333333;0;1;0;0;0;0;0;0;0;0;0;0;0;0;0;0;0;0;0;0;0;0;0;0;0;0;0;0;0;0;0;1;0;0;0;0
OTU1463;0;0;0;0;0;0;0;0;0;0.666666667;0;0;0;2;2.333333333;0;0;1;0;0;0;2;0;0;0;0;0;0;0;0;0;0;0;0;1.333333333;0;0;0;0;0;4;2;0;0;0;0;0;0;0;0;0;0;0;0;0;0
OTU1464;0.333333333;52.66666667;14;8.666666667;1;0;0.333333333;5;2.333333333;9.333333333;4.333333333;5.333333333;2.333333333;5;1.333333333;8.666666667;1.333333333;4.666666667;4.333333333;8;5;0;3;3.666666667;0;2;4;3.333333333;1.333333333;208;30.33333333;0;7.333333333;3;0;3.333333333;1.333333333;1.666666667;9.666666667;4.666666667;14;0.666666667;1;0.666666667;3.333333333;0;0;3;4;0;13.33333333;17.66666666;5.666666667;1;0;2
OTU1465;0;0;0;0;0;0;0.666666667;0;0;0;0;0;0;0;0;0;0;0;0.333333333;0;0;0;0;0;0;0.333333333;0;0;0;0;0;1.333333333;0;0;0;0;0;0;0;2;0;0;0;0;0;0;0;0;0;0;0;0;0;0;0;0
OTU1466;0;0;0;0;0;0;0;0;0;0;0;0;0;0;0;0;0;0;2.333333333;0.333333333;0;0.666666667;0;0;0;0;0;0;0;0;0;0;0;0;0;0;0;0;0;0;0;0;0;0;0;0;0;0;0;0;6;0;0;0;0;0
OTU1467;0.666666667;0;0;0;1.333333333;0;0;0;0;0;0;0;0;0;0;0;0;0;0.333333333;1.666666667;0;0;0;0;0;0;0;0;0;0;0;0;0;0;0;0;0;0;0;0;0;0;0;0;0;0;0;0;0;0;1.333333333;12;0;0;0;0
OTU1468;0.333333333;0;3;0;0;0;6.333333333;0;0;0;3.333333333;0;0;0;0;0;0;0;0;0;0.333333333;0;0;0;0;0;0.666666667;0;1;0;1.333333333;0;0;0;0;0;0.666666667;0;4;0;0;0;0;0;0;0;0;0.333333333;0;0;0.666666667;0;0;0;1;0
OTU1469;0;0;0;0;0;2.333333333;0;0;0;0;0;0;0;6;0;0;0;0;1.333333333;0;0;0;0;0;46;0;0;0;0;0;0;0;0;2;0;0;0;0;0;0;0;0.666666667;0;0;0;0;0;0;0;6.666666667;0;0;0;0;0;0
OTU1470;0;0;0;0;0;0;0;0;0;0;0;0;0;6.333333333;0;0;0;1;1;1;0;0;0;0.333333333;0;0;0;0;0;0;0;0;0;6.333333333;0;0;0;0;0.333333333;0;0;1;0;0;0;0;0;0;0;8.666666667;0;1;0;0;0;0
OTU1471;0;3.333333333;0;0.666666667;5.333333333;33.66666667;2.666666667;20.33333333;0;92.33333333;5.666666667;0;11.33333333;45.33333333;34.33333333;9.666666667;0;43.33333333;0;0;0;2.666666667;0;0;0;0;0;0;2;0;22;37.66666667;0.666666667;66.33333333;24.33333333;26.66666667;0.666666667;2.333333333;42.66666667;28.66666667;38;73;21.66666667;15.66666667;23;8;14.66666667;18.66666667;18.66666667;48.33333333;0;13.66666667;2.666666667;0;22.66666667;0
OTU1472;33;0;2.666666667;1;63;1.666666667;3;2.333333333;2.333333333;0;8.666666667;21.33333333;14.66666667;27.33333333;49.33333333;4.666666667;66.66666667;33;34;33.66666667;39.66666667;19.66666667;55.33333333;28.66666667;27.33333333;77.33333333;18.33333333;24.66666667;47.33333333;3;0.333333333;2.333333333;1;53.66666667;39;46;42.33333333;2.666666667;0.666666667;19;22;26.66666667;33;26;25;90;40;19.66666667;55;61;95.66666667;49.66666667;56.66666667;93;20;86.66666667
OTU1473;0;0;0;0;1;0;0;0.333333333;0;0;0;0;0;0;0;0;0;0;0;1.666666667;0.666666667;0;0;0;2;0;0;0;0.333333333;0;0;0;0;0;0;0;0;0;0;0;0;1;0;0;0;0;0;0;0;0;0;0.666666667;0;0;0;0
OTU1474;857.3333333;1881.333334;2357.333333;3146.666667;851.3333333;358;1481.666666;1842.333333;1386.333333;1177.666666;1859.333333;1559;1480.666667;499.6666667;665.6666667;1340;535;538.6666667;797.6666667;666.6666666;603.3333333;680.6666667;506.6666666;962.6666667;945.3333333;620.6666667;1008;623.6666666;772;1470.5;1149;1348;1278;244;538.6666666;679;1750.666667;535.3333333;1471.333333;1151.333334;920.3333333;369;402.6666667;664.6666667;431.6666667;193;374.3333333;571;1421.333334;448;691.3333333;980.6666667;441;295;1237.666667;651.6666667
OTU1475;0;0;0;0;0;0;0;0;0;0;0;0;0;0;0;0;0;0;0;0;0;0;0;0;0;0;0;0;0;0;0;0;0;0;0;0;0;0;0;0;0;0;0;1.333333333;0;0;0;0;0;0;0;0;0;0;0;0
OTU1476;0;0;0;0;0;0;0;0;0;0;0;0;0;0;0;1.666666667;0;0;0;1.666666667;0;0;0;0.333333333;0.333333333;0;1.333333333;0;0;0;0;0;0;0;0;0;0;0;0;0;0;0;0;0;0;0;0;0;0;0;0;5.333333333;0;0;0;0
OTU1477;0;2.333333333;0;0;0;0;0;0;0;0;3;0;2.666666667;0;0;0;0;0;0;0;0;0.666666667;0;0;0;0;0;0;0;0;0;0;0;0;0;0;0;0;0;0;16.66666667;0;0;0;0;0;1;0;0;0;0;0;0;0;0;0
OTU1478;1.333333333;16.33333333;7.666666667;7.333333333;4.333333333;0;10.33333333;3.333333333;6.666666667;7;3;4.333333333;11;11.66666667;4.666666667;10;1.666666667;4;1;4.333333333;3.333333333;9.666666667;1.333333333;6;9.333333333;10;5.333333333;4;1.333333333;2;8;3;1;3.333333333;3.333333333;4;1.666666667;0.333333333;17;8;7;6.666666667;3.666666667;11.33333333;1;1.666666667;4.333333333;4.666666667;6;4;4;7.333333333;0.666666667;6.666666667;2;7.333333333
OTU1479;3;59.66666667;31.33333333;28.66666667;0.666666667;3;27;104;6.666666667;3.333333333;11.66666667;10;11.33333333;0;0;24;8.333333334;0;5;4.333333333;1.333333333;0;0;3.333333333;12;9.333333333;5;19.66666666;0;3.5;12;1;0;1.666666667;0;0;40.66666667;0;4.666666667;7;9;0;0;0;1.333333333;0;0;1;3.333333333;0;15.33333333;68.66666667;4;0.333333333;7.666666667;1
OTU1480;0;1;0;0;0;0;0;0;0;0;0;0;0;0;0;0;0;0;0;0;2;0;0;0;0;0;0;0;0;0;0;0;0;0;0;0;0;0;0;0;0;0;0;0;0;0;0;0;0;0;0;0;0;0;0;0
OTU1481;0.333333333;0.333333333;0;0;0;0;0;0;0;0.333333333;0;0;2;0;0;0;0;0;0;0.666666667;0;0;0;0;0;0;0;0;0;0;0;0;0.333333333;0;0;0.666666667;0;0;0;0;0;0;0;0;0;0;0;0;0.333333333;0;0;1;0;0;1;0
OTU1482;0;0;1.666666667;0;0;0;0;0;0;0;0;0;0;0;0;0;0;0;0;0;9;0;0;0;0;0;0;0;0;0;0;0;0;0;7.666666667;0;0;0;0;0;0;0;2;0;0;0;0;0;0;0;11.66666667;11.33333333;0;0;1.333333333;0
OTU1483;14.66666667;33.66666667;9.666666667;11.66666667;2.333333333;2.333333333;13;7;16.33333333;4.666666667;6.333333333;21.33333333;13;29.66666667;5;3.666666667;9.333333333;4.333333333;7.333333333;10.33333333;4.666666667;14;11;3;8;0;12;12;0;13;11.66666667;2.666666667;8.333333333;10.66666667;0;1.333333333;0;0;20.66666667;0;11;5.666666667;3;4;0;0;0;0;6;5.333333333;3.666666667;2.666666667;6.666666667;4.333333333;5;14
OTU1484;6;6.333333334;1.333333333;0;16.66666667;2;11.33333333;6.666666667;4.666666667;0;6.666666667;4.666666667;20;0;25.33333333;22.33333333;9;5.666666667;4;6.666666667;13.33333333;7;6.333333333;4.666666667;13.33333333;6.333333333;6.333333333;19.33333333;9.666666667;6.5;12.66666667;4;3.666666667;8;11;16.66666667;2.333333333;0;12;9;10.66666667;3;2.333333333;3;13;3.666666667;7.333333333;9;16;1;6.333333333;8.666666667;23;2.666666667;4;6.666666667
OTU1485;0;0;0;0;0;0;0;0;0;0;0;0;0.333333333;0;0;0;0;0;0;0;0;0;0;0;0;0;0;0;0;0;0;0;0;0;0;0;0;0;0;0;0;0;0;0;0;0;0;0;0;0;0;0;0;0;0;0
OTU1486;0;3.666666667;0;0;0;0;0;0;0;0;0;0;0;0;0;0;0;0;0;0;0;0;0;0;0;0;0;0;0;1;0;0;0;0;0;0;0;0;0;0;0;0;0;0;0;0;0;0;0;0;0;0;0;0;0.333333333;0
OTU1487;0;0;0;0;0;0;0;0;0;3;0;0;0;0;0;0;0;0;0;0;0;0;0;0;0;0;0;0;0;0;0;0;0;0;0;0;0;0;0;0;0;0;0;0;0;0;0;0;0;0;0;0;0;0;0;0
OTU1488;0;0.666666667;0;0;0;0.333333333;0;0;0;0;0.333333333;0;0;0;0;0;0;0;0;0;0;0;1.333333333;0;0;0;0;0;0;0;0;0;0;0;0;0;0;0;0;0;0;0;0;0;0;0;0;0;0;0.666666667;0;0;0;0;0;0
OTU1489;0;0.666666667;0;0;0;0;0;0;0;0.666666667;0;0;0;0;0;0;0;0;0;0;0;0;0;0;0;0.333333333;0;0;0;0;0;0;0;0;0;0;0;0;0;0;0;0;0;0;0;0;0;0;0;0;0;0;0;0;0;0
OTU1490;1;1;0;0;0;0;1;1.333333333;0;0;0.666666667;1.333333333;0;1;2.666666667;2.666666666;0;0;0;0;1.666666667;0.666666666;0.666666667;1.666666667;0;0;0;1;1.333333333;0;1.333333334;0;0.333333333;0;0.333333333;0.333333333;0;1;0.333333333;0;0.666666666;0;0;1;0.333333333;0;0;0.666666667;0;0;0.666666667;1.999999999;0;0.333333333;1;2
OTU1491;0;0;0;0;0;1;0;0;0;0;0;0;0;0;0;0;0;0;0.666666667;0;0;0;0;0;0;0;0;0;0;0;0;0;0;0;0;0;0;0;0;0;0;0;0;0;0;0;0;0;0;0;0;0;0;0;0;0
OTU1492;0;0;0;0;0;0;0;0;0;0;0;0;0;0;0;0;0;0;0;0;0;0;0;0;1.666666667;0;0;0;0;0;0;0.333333333;0;0;0;0;0;0;0;0;0;0;0;0.333333333;0;0;0;0;0;0;0;0;0;0.666666667;0;0
OTU1493;4;2.666666666;9.666666667;4.333333334;2.333333333;382;8.333333333;8.999999999;16;207.3333333;7.333333334;6.333333334;4.666666667;8.333333333;2.666666666;5;11;2;6.333333333;6.666666666;1.999999999;7;2.999999999;10;39;10.66666667;6.333333333;4.999999999;2.666666666;7.5;9.333333332;4.666666666;1;15.66666667;0;4.666666666;0;3.333333333;7.999999999;1;37.33333334;2.666666667;5.666666667;2.666666666;6;9.333333332;0.666666666;5.666666666;3.333333332;13.66666666;3.333333333;5.666666666;6.000000001;2.999999999;3;4.666666665
OTU1494;0;0;0;0;0;0;0;0;0;0;0;0;0;0;0.666666667;0;0.666666666;1;0;0;0;0;0;0;0;0;0;0;0;7.5;0;0;0;0;0;0;0;0;0;0;0;0.666666667;0;0;0;0;0;1;0;0;0;0.333333333;0;0;0;0
OTU1495;23.66666667;2;14.66666667;5.333333333;7;0.666666667;49.33333334;37.66666667;20.66666667;4;54.66666666;18.33333333;10;0.666666667;9;31;25.33333333;9.333333333;9;0.333333333;4.333333333;8.333333333;142;5;15.33333333;0;2.333333333;10;88.33333333;0;22.66666667;9.666666667;31.33333333;0;23;10.33333333;9.333333333;9.666666667;26.66666667;15.33333333;18;0;8;0.333333333;55.33333333;2.333333333;40.33333334;6.666666666;15.33333333;0;5.666666667;0;81.33333333;1.333333333;55.33333333;6
OTU1496;257.6666667;7.333333333;614.6666666;42.66666667;244;66.33333333;200;193.6666667;88;44;108.6666667;298.6666667;168.3333333;123;266;583.3333334;182.3333333;171.3333333;110;53.66666667;97.33333334;79.00000001;123.3333333;69.66666666;100.3333333;108.6666667;199.3333333;116;431.6666666;0;270.6666666;135.3333333;184;68.66666667;297.3333333;167.6666667;114;542;119;297;211.3333333;54;269.3333334;233;302.6666667;243.6666667;454.3333333;209.3333333;153.3333333;75;96.66666667;32.33333333;187.6666667;259.6666667;184;180.3333333
OTU1497;232.3333333;73.33333334;290.6666666;96;200.6666667;209.3333333;128.6666667;217.3333333;98.33333334;89;131.6666666;273;173;111.6666667;260.6666667;250.6666667;269;168.3333334;192.3333333;149.6666666;229.6666667;152.6666666;185.6666667;222.3333333;244.6666667;144;187.3333333;264.6666667;111;38.5;288.9999999;144.6666667;155;115;141.6666667;222.3333333;92.66666667;145.6666667;86.33333334;238.6666666;115;124;223.3333334;149.3333333;174.6666667;205;204.3333333;206.6666667;83.99999999;126;133.3333333;76;264;385.3333333;202.3333333;323
OTU1498;0;0;0;0;0;0;0;0;0;0;2;0;0;0;0;0;0;0;0.333333333;0;0;1.333333333;0;0;0;0;0;0;0;0.5;0;0;0;0.666666667;0;0;0;0;0.333333333;1;0.666666667;1;0;0;0;0;0;0.333333333;1;0;0;0;0;0;0;0
OTU1499;0.666666666;1.333333333;0;0;0.666666667;0.333333333;0;0.666666667;0;0;0;0;1;2.333333334;2;0;11.66666667;1;0.666666667;0.333333333;0.333333333;2.333333333;0;2.666666667;0;0.333333333;0.666666667;0.666666667;0.666666667;4;0;0;0;2;0;0;0.666666666;0;1;0.666666667;3.666666667;2.333333334;0.666666666;0;1.333333333;0.333333333;0;0;0;1.333333334;0;0;0.333333333;1;0.666666667;0.666666667
OTU1500;0;0;0;0;0;1.333333333;0;0;0;0;0;0;0;0;0;0;0;0;0;0;0;0;0;0;0;0;0;0;0;0;0;0;0;0;0;0;0;0;0;0;0;0;0;0;0;0;0;0;0;0;0;0;0;0;0;0
OTU1501;0;0;0;0;0;48.66666667;0;0;0;9.666666667;0;0;0;0.333333333;0;0;0;1;0;0;0;0;0;0;0;0;0;0;0;0;0;0;0;5;0;0;0;2.333333333;0;0;0;3.333333333;0;0;0;0;1.333333333;0;0;0;0;0;0;0;0;0
OTU1502;0;0;0;0;0;2.333333333;0;0;0;0;0.333333333;0;0;0;0;0;0;0;0;0;0;0;0;0;0;0;0;0;0;0;0;0;0;0;0;0;0;0;0;0;0;0;0;0;0;0;0;0;0;0;0;0;0.333333333;0;0;0
OTU1503;0;0;0;0;0;11;0;0;0;24.66666667;0;0;0;0;0;0;0;0;0;0;0;0;0;0;0;0;0;0;0;0;0;0;0;7.666666667;0;0;0;14.33333333;0;0;0;1.333333333;0;0;0;0;0;0.666666667;0;0;0;0;0;0;0.333333333;0
OTU1504;0;5.333333333;0;0;0;15.66666667;0;0;0;1;0;0;0;1.333333333;0;0;0;0.333333333;0;0;0;0;0;0;0;0;0;0;0;0;0;0;0;4.333333333;0;0;0;0.333333333;0;0;0;3.666666667;1;0;0;0;0.666666667;0;0;0;0;0;0;8.666666667;0.333333333;0
OTU1505;0;1.333333333;0;0.333333333;0;38.33333334;0.333333333;0.666666667;0;65.33333333;0;0.333333333;0;3.333333333;0;0;0;0;0;0;0;0;0;0;0;0;0;0;0;0;0;6.666666667;0;41.66666667;0;0;0;14.33333333;0;0;0;7;0;0;0;0;1;0;0;2;0.666666667;0;0.666666667;0;0;0
OTU1506;0;0;0;0;0;8.333333334;0;0;0;6;0;0;0;0.666666667;0;0;0;0;0;0;0;0;0;0;0;0;0;0;0;0;0;0;0;6.333333333;0.666666667;1;0;0.333333333;0;0;0;5;0.666666667;0;0;0;0;0;0;0.666666667;0;0;0;0.333333333;0;0
OTU1507;0;0;0;0;0;2;0;0;0;0;0;0;0;1.333333333;0;0;0;0;0;0;0;0;0;0;0;0;0;0;0;0;0;0;0;0.666666667;0;0;0;1;0;0;0;0;0;0;0;0;0;0;0;0;0;0;0;0;0;0
OTU1508;0;0;0;0;0;1.666666667;0;0;0;0;0;0;0;0;0;0;0;0;0;0;0;0;0;0;0;0;0;0;0;0;0;0;0;0;0;0;0;0;0;0;0;0;0;0;0;0;0;0;0;0;0;0;0;0;0;1
OTU1509;0;0;0;0;0;55;0;0;0;58.66666667;0;0;0;0;0;0;0;0;0;0;0;0;0;0;0;0;0;0;0;0;0;0;0;2.666666667;0;0;0;1.333333333;0;0;0;2.666666667;0;0;0;0;0;0;0;0;0;0;0;0;0;0
OTU1510;0;0;0;5.666666667;0;4.666666667;0;0;0;0;0;0;0;0.333333333;0;0;0;0;0;0;0;0;0;0;0;0;0;0;0;0;0;0;0;0;0;0;0;0;0;0;0;0.333333333;0;0.666666667;0;0;0;0;0;0;0;0;0;0;0;0
OTU1511;0;1;1.333333333;0;0;5.333333333;0;0;0;5.333333333;0;1.333333333;0;2.666666667;0.333333333;0;1.333333333;14.33333333;0;0.666666667;0;1.333333333;0;2;1.666666667;1.666666667;0;0.333333333;0;0;0;0;0;0.666666667;6;0;0;1.666666667;0.666666667;1.666666667;2;0;2.333333333;0.333333333;0;2;4.333333333;1.666666667;0.666666667;0;0;0;0.666666667;1;1;1
OTU1512;0;0;0;0;0;2.333333333;0;0;0;1.333333333;0;0;0;1.666666667;0;0;0;0;0;0;0;0;0;0;0;0;0;0;0;0;0;0;0;1.666666667;0;0;0;0;0;0;0;5;0;0;0;0;0;0;0;0;0;0;0;0;0;0.666666667
OTU1513;0;0;0;0;0;9.666666667;0;0;0;5.333333334;0;0;0;0.333333333;0;0;0;0;0;0;0;0;0;0;0;0.666666667;0;0;0;0;0;0;0;7;0;0;0;0;0;0;0;0;0;0;0;0;0;0;0;0;0;0;0;0;0;0
OTU1514;0;0;0;0;0;0;0;0;0;0;0;0;0;0;0;0;0;0;0;0.666666667;0;0.333333333;0;0;0;0;0;0;0;0;0;0;0;0;0;0;0;0;0;0;0;0;0;0;0;0;0;0;0;0;0;1.666666667;0;0;0;0
OTU1515;0;0;0;0;0;0;0;0;0;0;0;0;0;0;0;0;0;0;0;0;0;0;0;0;0;0;0;0;0;0;0;0;0;0;0;0;0;0;0;0;0;0;0;0;0;1.666666667;0;0;0;0;0.666666667;0;0;0;0;0
OTU1516;0;0;0.333333333;0;0;0;0;0;0;0;0;0;0;0;0;0;0;0;0;0;0;0;0;0;0;0;0;0;0;0;0;0;0;0;0;0;0;0;0;0;0;0;0;0;0;0;0;0;0.666666667;0;0;0;0;0;0;0
OTU1517;0;0;0;0;0;0;0;0;0;0;0;0;0;0.666666667;0;0;0;0;0;0;0;0;1;0;0;0;0;0;0;0;0;0;0;0;0;0;0;0;0;0;0;0;0;0;0;0;0;0;0;0;0.333333333;0;0;0;0;0
OTU1518;0;0;0;0;0;0;0;0;1;0;0;0.333333333;0;0;0;0;0;0;0;0;0;0;0.333333333;0;0;0;0;0;0;0;0;0;0;0;0;0;0;0;0;0;0;0;0;0;0;0;0;0;0;0;0;0;0;0;0;0
OTU1519;0;0;0;0;0;0;0;0;0;0;0;0;0;0;0;0;0;0;0;0;0;0;0;0;0;0;0;0;0;0;0;0;0;0;0;0;0;0;0;0;0;0;0;0;0;0;0;0;0;0;0.333333333;0;0;0;0;0
OTU1520;1.333333333;0;0;0;0;1;0;0;0;1;0;0;0;0;0;0;0;0;0;0;0;0;0;0;0;0;0;2.666666667;0;0;0;0;0;0;0;0;0;0;0;0;0;0;0.666666667;0;0;0;0;0.333333333;0;0;0;3;0;0;0;0
OTU1521;1.666666667;0;2;0.666666667;1.666666667;0;0;1.666666667;2;0;0;0;0;1;2;0.333333333;1;0;1.666666667;1.666666667;2.333333334;0;1.666666667;4;1.333333333;3.333333333;2;1.333333333;1;8;0;3;1.333333333;0.666666667;1.333333333;0;0;0;5.333333333;0;0;0;0;0;0;0;0;0;0;0;0;0.333333333;0;2.333333333;2.333333334;0
OTU1522;0.333333333;0;2.666666667;4.333333333;3;3;0;1.333333333;0;2.333333333;0;0;0;0;1.666666667;0;3.333333333;0;4.666666666;0;0;0;0;0;2;0.333333333;2.666666667;3.666666667;0.666666667;3.5;0;0.666666667;0;0;0;1.666666667;1.666666666;0;0;0.333333333;1;0;4;0;0.333333333;0;0;1.333333333;1.333333333;0;2;0;0;0;1;0
OTU1523;0;0;0;0;0;0;0;0.666666667;0;0;0;0;0;0;0;0;0;0;0;0;0;0;0;0;0;0;2;0;0;0;0;0;0;0;0;0;0;0;0;0;0;0;0;0;0;0;0.666666667;0;0;0;0;0;0;0;0;0
OTU1524;0;0;1;0;0;1;0;0;0;0;0;0;0;0.333333333;0;0;0;0;0;0;0;0;0;0.333333333;0;0;0;0;0;0;0;0;0;0;0;0;0;0;0;0;0;0;0;0;0;0;0;0.333333333;0;0;0;0;0;0;0;0
OTU1525;1.666666667;0;0;2.333333333;0.666666667;1;1.666666667;2.333333333;5.666666666;0.666666667;1.333333333;1;0;0.333333333;1;0;1.666666666;1;2;0;1.333333333;0.666666667;1;5;5;3.666666667;3.666666666;3.666666667;2.333333333;1.5;0;0;0;4.333333334;0;0.333333333;1;0.333333333;1.666666667;0;2.666666667;1.666666666;0.666666667;1;6.333333334;0.666666667;1;0.666666667;3;0;0.999999999;2.333333333;1.333333333;0.333333333;0;0.666666667
OTU1526;0;1;0;0;0;0;0;1;0;0;0;0;0;0;0;0;0;0;0;0;1.666666667;0;0;0;0;0;0;0;1;1;0;0;5.666666667;0;0;0;0;0;0;0;0;0;0;0;0;0;0;0;0;0;0;0;0;0.333333333;0;0
OTU1527;0;0;0;0.333333333;0;0;0.666666667;0;0;0;0;0;0;0;0;0;0;0;0;0.333333333;0;0;0;0;0.333333333;0;0;0;0;0.5;0;0;0;0.666666667;0;0;0;0;0;0;0;1;0;0;0;0;0;0;0;0;0;0;0;0;0;0
OTU1528;2;1.333333333;0;0.333333333;0;4;0.333333333;0;2.333333333;0.666666667;0;0.333333333;2;0.333333333;0;0;0.666666667;0.666666667;0;1.666666667;2.666666666;4;0.666666667;1.333333333;0;2.333333333;2;1.666666667;3;0;0.666666667;3;0;0;0;0;0;1;3.666666667;0;0;1;0.333333333;1.333333333;0.666666667;0;3.000000001;0.333333333;0;0;1.333333333;1.333333333;0.333333333;0;0.666666667;0
OTU1529;0;0;0;0;0;0;0;0;0;0;0;0;0;0;0;0;0;0;0;0;0;0;0;0.666666667;0;0;0;0;0;0;0;0;0;0;0;0;0;0;0;0;0;0;0;0;0;0;0;0;0;0;0;0.333333333;0;0;0;0
OTU1530;1.666666667;1.333333333;0;0;1.666666667;0;0;3;0;0.666666667;0;0.666666667;4.333333333;0.333333333;1.666666666;0;1.333333333;0;1;2;1.333333333;2.333333333;0;0;2.333333333;0;0;0;0;5.5;0;1;0;4.333333334;0;0;1.333333333;0;0;1.666666667;0;2.666666667;0;0.333333333;0;0;0;2;2.333333333;0;0.333333333;7;0;0.666666667;1;3
OTU1531;2;2.333333334;3.000000001;9.666666667;3.333333333;0;0;2;2.333333333;1;2.666666667;3.333333333;3.333333334;0.666666667;0.666666667;0.666666667;0.333333333;0;1;2;5.666666667;4;6.333333334;3.666666666;13.66666667;0;4.333333332;1;0.333333333;0.5;3;2.333333334;12;0;0;0.666666667;3.333333333;1;1;1.333333333;0;1.666666667;2;0;1;1.333333333;0;1;1.666666667;0;3.333333333;1.666666667;3.666666667;1.333333333;3.333333333;0.666666667
OTU1532;0;0;0.333333333;0;0;0;0;0;0;0;0;0;0;0;0;0;0;0;0;0;0;0;0;0;0;0;0;0;0;0;0;0;0;0;0;0;4.666666667;0;0;0;0;0;0;0;0;0;0;0;0;0;0;0;43.33333333;0;0.333333333;0
OTU1533;0;0;0;0;0;0;0.333333333;0;0;0;0;0;0;0;0;0;0;0;0;0;0;0;0;0;0;0;0;0;0;0;0;0;0;0;0;0;0;0;0;0;0;0;0;0.333333333;0;0;0;0;0;0;0;0;0;0;0;0
OTU1534;0;0;0;0;0;0;0;0;0;0;0;0;0;0;0;0;0;0;0;0;1;0;0;0;0;0;0;0;0;0;1.666666667;0;0;0;0;0;0;0;0;0;0;0;0;0;0;0;0;0;0;0;0;0;0;0;0;0
OTU1535;0;0;0;0;0;0;0;0;0;1.666666667;0;0;0;1;0;0.666666667;0.333333333;0.333333333;0;2.333333333;0;0;0;0;3;0;0;0.666666667;0;0;0;0;0;0;0;0;0;0;0;2;0;0;0;0;0.666666667;0;1;1.333333333;0;0;0.333333333;0;0;0;0;0
OTU1536;0;2.666666667;12.66666667;0;0.666666667;4;0;0.333333333;1.333333333;0;0;0;0;1.666666667;6.333333333;0;1.333333333;0;0;5.333333333;0;1.666666667;0;1.666666667;5;0;1.666666667;0;0.666666667;3.5;0;1.666666667;0;0;0;0.666666667;0;0;2.666666667;3.333333333;0.333333333;0.333333333;1;0;1.333333333;0;0.666666667;0;0;0;1.333333333;0;0;0.333333333;0;2
OTU1537;0;0;0;0;0;0;0;0;0;0;0;0;0;0;0;0;0;1.333333333;0;0;0;0;0;0;0;0;0;2;0;0;0;0;0;0;0;0;0;0;0;0;0;1.666666667;2;0;0;3.333333333;0;0;0;0;0;0;0;0;0;0
OTU1538;0;0.666666667;0.333333333;0;1.333333333;0;0;0;0;0;0;1.333333333;0;0.333333333;1.333333333;0;0;0;0;0;0;0.333333333;0;1;0;0;0;0.666666667;0;0;0;0;2;1.666666666;0;0;0;0;0;0.333333333;0.333333333;0;0.333333333;0;0;0.333333333;0;0;0;0;0;0;0;4.666666667;0;0
OTU1539;0;5;2.666666667;0;1.333333333;0;2.666666667;1.333333333;0;5.333333334;0;2;1.333333333;0;1.333333333;2.666666666;0;0;0;0.333333333;0;0;1;0.666666667;0;0;0;0;0;6.5;0;0.333333333;0;0;3;0.666666667;0;0;4;9.666666667;0.333333333;3.666666666;2.666666667;2;1;0.333333333;1.333333333;0;0;2.333333334;0;2;0;0;0.666666667;1
OTU1540;0;0;0.333333333;3;1;0;0;0.333333333;6.666666666;0;0;0;0;0;0.666666666;0;0.666666667;0;0;0.666666667;0;0;0;0;0.333333333;0;0;0;0;0;0;0;0.333333333;0;0.333333333;0;0.666666667;0;0;1.333333333;0;1;0;1.666666667;0;0.333333333;0;1.333333333;0;0;0;0;0;0;0.666666667;0
OTU1541;0;0.333333333;0;0;0;0;1.333333333;0;0;0;0;0;0;1.333333333;0;0;0;0;0;0;0;0;0;0;0;0;0;0;0.666666667;0;0;0.333333333;0.333333333;0;1;0.666666667;0;0;0;0;0;2;0;0;0;0.333333333;0;0;0;1.333333333;0;0;0;0;0;0
OTU1542;0;0.666666666;1;0;0;3.666666667;0;1;0;0.666666667;0;0;0;0;2.666666667;0;0;0.333333333;2.666666667;0;0;0;0;0;0;0;0;0;0;1;2;0;0;0;0;1;0.333333333;1;0;0;0;0.666666667;1.666666667;0.333333333;0.666666667;0;0.666666667;1;0;0;0;0;0;0;1.666666667;0
OTU1543;0.666666667;1;0;0;0;0;0;0;0;0;0;1;0;2;0;0;0;0;0;0;0.333333333;0;0.333333333;0.666666667;0;0;2;0;0;0;0;0;0;0;0;0.666666667;0;0;0;1;0;0;0;0;0.333333333;1.666666667;0;0;0;0.333333333;0;0;0;0;0;0
OTU1544;0;0.333333333;1.666666667;0;0;0;0;0;0;0;0;0;0;0;1;0.666666667;0;0;0;0;0;0;0;0;0;0;0;0;0;3.5;0;0;1;0;0;0;0;0;0;0;0;0;0.333333333;0;0;0.333333333;0;0;0;0;0;0.333333333;0;0.333333333;0;0
OTU1545;0;0.666666667;0.666666667;0.333333333;0.666666667;2;0;0;0.333333333;0.666666667;0;0.333333333;0;1.666666666;0.666666667;0;0.333333333;0.333333333;0.333333333;0;0;2;0.666666667;0;2.666666667;0;1;1.666666667;0;2.5;0.333333333;0;0;0;0.666666667;1.333333333;0.666666667;4.666666667;0;0.333333333;2;3.666666666;0.333333333;0;0.666666667;1;1.333333333;0;0;0;2.333333333;0;0.666666667;0;0.333333333;0
OTU1546;0;0;0;0;0;0;0;0;0;0;0;0;0;0.333333333;0;0;0;0;0;0;0;0;0;0;0;0;0;0;0;0;0;0;0;1.333333333;0;0;0;0;0;0;0;0;0;0;0;0;0;0;0;1.333333333;0;0;0;0;0;0
OTU1547;0;0;0;0;0;8.666666667;0;1;0;6.333333333;0;0;0;5.333333333;0;0;0;0;0;0;0;0;0;0;0;0;0;0;0;0;0;10.33333333;0;6.666666666;3.666666667;0;0;4.666666666;0;0;0;1;0;0;0;0;0;0;0;0.333333333;0;0;0;0;0;0
OTU1548;0;0.333333333;0;0;0;10;0;0;0;2.666666667;0;0;0;0;0;0;0;2.666666667;0;0;0;0;0;0;0;0;0;0;0;0;0;0;0;0.666666666;0;0;0;0;0;0;0;0;0;0;0;0;0;0;0;0;0;0;0;0;0;0
OTU1549;0;0;0;0;0;12;0;0;0;0.333333333;0;0;0;0;0;0;0;0;0;0;0;0;0;0;0;0;0;0;0;0;0;0;0;6.333333333;0;0;0;0;0;0;0;0;0;0;0;0;0;0;0;0.333333333;0;0;0;0;0;0
OTU1550;0;0;0;0;0;3;0;0;0;2;0;0;0;0;0;0;0;0;0;0;0;0;0;0;0;0;0;0;0;0;0;0;0;0;0;0;0;0;0;0;0;0;0;0;0;0;0;0;0;0;0;0;0;0;0;0
OTU1551;0;0;0.666666667;0;0;4.666666667;0;0;0;6.666666667;0;0;0;0;0;0;0;0;0;0;0;0;0;0;0;0;0;0;0;0;0;0;0;0;0;0;0;0;0;0;0;0;0;0;0;0;0;0;0;0;0;0;0;0;0;0
OTU1552;0;0;0;0;0;5;0;0;0;3.333333333;0;0;0;0;0;0;0;0;0;0;0;0;0;0;0;0;0;0;0;0;0;0;0;0;0;0;0;0;0;0;0;0;0;0;0;0;0;0;0;0;0;0;0;0;0;0
OTU1553;0;0;0;0;0;4.333333333;0;0;0;0;0;0;0;0;0;0;0;0;0;0;0;0;0;0;0;0;0;0;0;0;0;0;0;5.666666667;0;0;0;0;0;0;0;1.666666667;0;0;0;0;0;0;0;0;0;0;0;0;0;0
OTU1554;0;0;0;0;0;1;0;0;0;0;0;0;0;0;0;0;0;0;0;0;0;0;0;0;0;0;0;0;0;0;0;0;0;1.666666667;0;0;0;0;0;0;0;1.666666667;0;0;0;0;0;0;0;0.666666667;0;0;0;0;0;0
OTU1555;0;0;0;0;0;1;0;0;0;0;0;0;0;0;0;0;0;0;0;0;0;0;0;0;0;0;0;0;0;0;0;0;0;0.333333333;0;0;0;0;0;0;0;0;0;0;0;0;0;0;0;0;0;0;0;0;0;0
OTU1556;0;0;0;0;0;1;0;0;0;1.666666667;0;0;0;0;0;0;0;0;0;0;0;0;0;0;0.666666667;0;0;0;0;0;0;0;0;0;0;0;0;0;0;0;0;0;0;0;0;0;0;0;0;0;0;0;0;0;0;0
OTU1557;0;0.666666667;0;0;0;5.666666667;0;0;0;1.666666667;0;0;0;0.333333333;0;0;0;0;0;0;0;0;0;0;0;0;0;0;0;0;0;0;0;0.333333333;0;0;0;2.333333333;0;0;0;0;0;0;0;0;0;0;0;0;0;0;0;0;0;0
OTU1558;0;0;0;0;0;19;0;0;0;2.333333333;0;0;0;0;0;0;0;0;0;0;0;0;0;0;0;0;0;0;0;0;0;0;0;0;0;0;0;0;0;0;0;0;0;0;0;0;0;0;0;0;0;0;0;0;0;0
OTU1559;0;29.66666667;5;0;26;7;0;5.333333333;1.333333333;9.333333333;5.333333333;8.666666667;4.666666667;15.33333333;12.66666667;13.33333333;8.333333334;17.66666666;1;2.666666667;4.333333333;2.666666667;4.666666667;6;15;7.666666667;5.333333333;1.666666667;5.333333333;11;9.666666667;2;8.666666667;14;9.666666667;10.33333333;4.333333333;0.666666667;6;3.666666667;10.33333333;31.33333333;9;4.333333333;23.66666667;10.66666667;20.66666667;5.333333333;24.66666667;3.333333333;0.666666667;8.333333333;5;1;11.33333333;9.333333333
OTU1560;0;0;0;0;0;0.666666667;0;0;0;2.666666667;0;0;0;0;0;0;0;0;0;0;0;0;0;0;0;0;0;0;0;0;0;0;0;0;0;0;0;0;0;0;0;0;0;0;0;0;0;0;0;0;0;0;0;0;0;0
OTU1561;0;0;0;0;0;0;0;0;0;1;0;0;0;0;0;0;0;0;0;0;0;0;0;0;0;0;0;0;0;0;0;0;0;0;0;0;0;0;0;0;0;0;0;0;0;0;0;0;0;0;0;0;0;0;0;0
OTU1562;2;0;0;0;4.666666667;47.33333333;0;0.666666667;0;25.33333333;0;2.666666666;0;22.33333333;0;0;0;12.33333333;0;0;0;1.333333333;0;0.666666667;0.666666667;1;1.666666667;0;0;0;0;0;0;13.66666667;0;0;0;0;0;0;0;7.666666666;2;0;1;4.666666667;0.333333333;0.333333333;0;1.666666667;3.666666667;0;2.666666667;0;1.333333333;2.333333333
OTU1563;0;4.333333333;2.333333333;0.333333333;0;5;0;0;0;0;1;0;0;0;0;0.666666667;0;1.333333333;0;0;1.666666667;1.666666667;2.666666667;0;4;0;0.666666667;2;0;0;0;0;0;0;0;0.666666667;0;0;0;0;0;0;0;4.666666667;0;0;0;0;0;0;1;0;1.666666667;0;0.333333333;0
OTU1564;0;0;0;0;0;0;0;0;0;3.666666667;0;0;0;0.333333333;0;0;0;0;0;0;0;0;0;0;0;0;0;0;0;0;0;0;0;0;0;0;0;0;0;0;0;0;0;0;0;0;0;0;0;0;0;0;0;0;0;0
OTU1565;0;0;3.666666667;0;1.333333333;0;1.666666667;3;0;0;6.333333333;12.66666667;0;0;3;5;3.333333333;0.666666667;9.333333333;2.333333333;3.333333333;8.333333333;4.333333333;9.333333333;17.33333333;0;0;5.333333333;5;0;2.333333333;0;1;0;0;0.666666667;0;0;2.666666667;0;4.666666667;0;0.666666667;1;4.333333333;0;0;0;0;6.666666667;0;0;0;1.333333333;0.333333333;9
OTU1566;0;0;0;0;0;0;0;0;0;0;0;0;0;1.333333333;0;0;0;0;0;1.333333333;0;2;0;0;0;0;0;0;0;0;0;0;0;0;0;0;0;0;0;0;0;0;0;0;0;0;0;0;0;0;0;0;0;0;0;0
OTU1567;44.66666666;0;0;6.666666667;47.66666666;6.333333333;9.666666667;0.333333333;3.666666667;0;6.333333333;68.33333333;33.33333333;73;67.66666667;35.99999999;85.66666666;56.33333333;140;76.66666667;125;149;134;110.3333333;81.33333333;99.33333333;132.3333333;89;16.33333333;6;2;4;1.666666667;36.66666667;31.66666666;40.66666666;43.33333333;0.333333333;12;40;10;5.333333334;19;89.33333333;62.66666667;89.66666667;67;36;29.33333333;67;85.33333333;95.33333333;67.33333333;74.66666667;35.33333333;184.3333333
OTU1568;0;0;0;0;0;6.666666667;0;0;0;0;0;0;0;2;0.333333333;0;0;1.333333333;1.333333333;0;0;0;0;0;0;0;0;0;0;0;0;0;0;2;1;0;3;0;0;3;0;3;0.333333333;0;0;0;0;0;0;2.333333333;0;0;0;0;0;0
OTU1569;0;0;0;0;0;0;0;0;0;0;0;0;0;0;0;0;0;0.666666667;0;0;2;5.333333333;0;0;0;0;0;0;0;0;0;0;0;0;0;0;0;0;0;0;1;0;0;0;0;0;0;0;0;0;0;2.666666667;0;0;0;0
OTU1570;0;0;0;0;0;0;0;0;0;0;0;0;0;0;0;0;0;0;0;0;0;0;0;0;0;0;0;1;0;0;0;0;0;0;0;0;0;0;0.666666667;0;0;0;0;0;0;0.333333333;0;0;0;0;0.666666667;0;0.666666667;0;0;0
OTU1571;56.33333334;282;117.6666667;181;114.3333333;52.33333333;197;91;199.3333333;48.33333333;68.33333333;74;224.3333334;36;162.6666666;61.33333333;92.33333333;61.66666667;74.66666667;42.66666666;81;20.66666666;98.66666667;47.33333333;160.6666667;16.33333334;50.33333333;50;99.33333333;324.5;103.6666667;149.6666667;205.6666667;65.66666667;90.66666667;56.66666667;48.33333333;114.3333333;134;53.66666667;130.3333333;66.66666667;32.33333333;59.66666667;62;20.33333333;34.66666666;24.66666667;92;50;39.99999999;49;47;38.66666666;139;85.66666667
OTU1572;111.3333333;160.3333333;188;167.3333333;206.3333334;60.33333334;112;143;187.3333333;117.6666667;83.66666667;147.3333333;285.6666666;46.33333333;289;53;203;80;99.33333333;65.66666667;152.6666666;52.66666667;101.3333333;42.33333334;180;3.666666667;52;86;257;54.5;80.33333333;61.33333333;223.6666666;63.33333334;55.33333333;92.33333333;177.3333333;48.33333333;152.6666667;141.3333333;224.3333333;64;29.33333334;56.66666666;70.66666667;19;60;31.33333334;134.3333333;35;48.33333333;69.33333333;67.33333334;33.33333333;165;87.66666666
OTU1573;7.333333333;4.333333333;0;13.66666667;2.333333333;0;2.666666667;2.333333333;35.33333333;2;0;0.666666667;31.66666667;3.333333333;4;0;3.666666667;0;0;0;7.333333334;6.666666667;2;4;7.333333333;1.333333333;0;6;11;14.5;0;1;5.333333333;0;0;0;11;0;3.333333333;0;10.66666667;0;0;0;0;0;0;0;2.666666667;0;0;3.333333333;0;0;0;0
OTU1574;0;0;0;0;0;1.333333333;1.333333333;0;0;2.333333333;0;0;0;6;0;0;19;8.333333333;6.333333333;2;1.333333333;4;0.333333333;0.666666667;0;0;0;3.666666667;0;0;0;0;0;1.666666667;6;7.666666667;1.666666667;3;0;3.333333333;0;8.333333333;2.666666667;5.333333333;0.666666667;1;0;0;0;0;11;2.666666667;0.666666667;2;3.333333333;0
OTU1575;37.33333333;27;30.33333333;51;64.33333334;3.333333333;53;49.33333333;119;19.33333333;28.33333333;40.33333333;320.3333334;1.666666667;84.33333333;8.666666667;24;15.33333333;37.66666667;8.333333334;11;2;22.66666667;22.33333333;75.33333333;5;16;18.33333333;104.6666666;47.5;35;29;57.66666667;39;41.66666666;37.33333333;109;11.33333333;57.33333333;36.66666667;146.6666667;10;7.666666667;27.33333334;31.33333333;10.33333333;31.66666666;18.66666667;48;7;32.66666667;6.666666667;12.66666667;5.333333333;33.66666667;20
OTU1576;0;0;0;0;0;4;0;0;0;0.333333333;1.666666667;1.666666667;0;0;0;0;0;0;0;0;0;0;2.333333333;0;0.666666667;0;1.666666667;0;0;0;0;0;0;0;0;0;0;0;0;0.333333333;0;0;3;0;0.333333333;0;3;0;0;0;0;0;1.666666667;4;0;0
OTU1577;0;2.666666667;5.666666667;0;0;0;0;0;0;2.666666667;0;0;0;0;0;0;0;0;0;0;0;0;1;2.333333333;12;0;0;1.333333333;0;6;0;0;0;0.666666667;0;0;0;2;0;0;0;0;0;0;0;0;0;0;0;0;0;0;0;0;0;0
OTU1578;0;0;0;0;0;0;0;0;0;0;0;0;0;0;0;0;1.666666667;0;0;0;0;0;0;0;0;0;0;0;0;0;0;0;0;0;0;0;0;0;0;0;0;0;0;0;0;0;0;0;0;0;0;0;0;0;0;0
OTU1579;0;0.333333333;0.666666667;0;0;0;0;0;0;0;0;0;0;0;0;0;0;0;0;0;0;0;0;0;0;0;0;0;0;1.5;0;0;0;0;0;0;0;0;0;0;0;0;0.333333333;0;0;0;0;0;0.333333333;0;0;0;0;0;0;0
OTU1580;0;0;0;0;0;0;0;0;0;0;0;0;0;0;0;0;0;0;0;0;0;0;0;0;0;0;0;0;0;0;0;0;0;1.666666667;0;0;0;0;0;0;0;0;0;0;0;0;0;0;0;0;0;0;0;0;0;0
OTU1581;0;0;0;0;0;0;0;0;0;0;0;0;0;0;0;0;0;0;0;0;0;0;0;0;0;0;0;0;0;0;0;0;0;0;0;0;0;0;2;0;0;0;0;0;0;0;0;0;0;0;0;0;0;0;0;0
OTU1582;124.6666667;5.333333333;89.33333333;11;145.3333333;29.66666667;166.6666667;81.66666667;61.33333333;28;109.3333333;166;90.66666667;277.6666667;321.3333333;94;101;250.3333333;222;52.33333333;49;166.6666667;109.3333333;75.33333333;148;92.33333333;227.3333333;94.33333333;283.3333333;3.5;123.3333333;298.3333333;34.33333333;109.3333333;722.6666667;195.3333333;209.3333333;423.6666667;113;324;66;69;237.6666667;49.66666667;278;57.33333333;235.3333333;168.6666667;15;27.33333333;87;13.66666667;34.33333333;6;75;141.6666667
OTU1583;362;57;123;76.66666667;300.3333333;73.33333334;122.6666667;189;338.6666666;162.6666667;235.3333333;374.6666667;394.6666667;165.3333333;338.6666666;468;255;315.3333333;476;146.6666667;297.6666666;250;389.6666666;93;240;52.33333333;241.3333333;162;626.3333333;30.5;67.66666667;131.6666667;148.3333334;235;225.3333334;213.6666667;685.3333334;95.66666667;192;266.3333333;109.6666666;271;244;110.3333333;409.3333334;45;31.66666667;90.33333333;88.33333334;121;231;53.66666667;393;37.33333333;134;91.99999999
OTU1584;0;17.33333334;0.666666667;2.333333333;0;0.666666667;0;0.666666667;0.333333333;0;0.333333333;0;1;0;0;0;0;0;0;0;0;0;0;0;0;0;0;0;0;4;0;0;0;0;0;0;0.666666667;0;0.333333333;0.666666667;0;0;0;0;0;0;0;0;0;0;0;0;0;0;0;0
OTU1585;2;0;0;0;1.333333333;0;0;0;0;0;0;1;0;1;0;0;0;0;0;0;0;0;0;0;0;2.666666667;0;0;0;0;0;0;0;0;0;0;2.666666667;0;0;0;0;0;0;0.333333333;0;1.333333333;0;2.666666667;0;0;2.666666667;4;0;5;0;1.333333333
OTU1586;0;0.666666667;0;0;0.666666667;0;0;0;0;0;0;0.666666667;0;0;0;0;0;0;0;0;0;0;0;0;0;0;0;0;0;0;0.333333333;0;1;0;0;0;0;0;0;0;0;0;0;0;0;0;0;0;0;0;0;0;0;0;0;0
OTU1587;2.666666667;57;12;25;13.66666667;0;4.333333334;3.999999999;5.333333334;5.666666667;0.666666667;2;24.33333334;4.666666666;8;6.999999999;18;7.666666666;11;6.666666667;8.000000001;2.333333333;5.333333333;4.333333333;23;15.66666666;5.666666667;6.666666666;5.333333333;35.5;2.666666667;0;12;2.666666667;6;12.66666667;8.666666666;1.333333334;3;5.333333334;14.66666667;8;3.333333334;5.333333333;9.000000001;9.666666667;13;6;19.66666666;9.666666666;7.333333334;4.666666667;5.666666667;14;11;7
OTU1588;0;2;0;0;0;0;0;0;0;0;0;0;0;0;0;0;0;0;0;0;0;0;0;0;0;0;0;0;0;0;0;0;0;0.333333333;0;0;0;0;0;0;0;0;0;0;0.666666667;0;0;0;0;0;0;0;0;0;0;0
OTU1589;11.33333333;133;55.33333334;117;59;1.333333333;17.66666666;50;92;18.33333333;18;49.66666666;149;3.666666667;75;30.66666666;34.33333333;13.33333333;29;9.333333333;16.66666667;2;8.666666667;13.33333333;36.33333333;6;10;15;34.33333334;151;48.33333333;40.66666666;69.33333333;7.666666667;21.33333334;27.66666666;53.33333334;18.66666667;42;46.66666667;91;6.666666666;15.33333334;32.33333334;64.33333334;9.333333334;22;16.66666667;70.33333333;17.33333333;13;23.33333333;19.66666666;13;89;23.33333333
OTU1590;5.666666666;86;34.33333333;22;11.66666667;24.66666667;38.66666667;11.33333333;28.66666666;38.66666666;21.66666667;11.33333333;14.33333333;17.66666666;8.333333333;33;10.66666667;37.66666666;7.000000001;7.666666667;37.66666667;14;28;38.33333333;39;31.33333333;51.33333334;26.66666666;13;35.5;15.33333333;10;10;12.33333334;5.333333333;7.333333334;5.666666667;13.33333333;19.66666667;1.666666667;16.66666667;34.33333333;9.666666667;10.66666667;5.666666667;7.333333333;3.666666667;13.33333333;25;20;20.33333333;21;27.33333334;13;78.33333334;25.33333333
OTU1591;0;10;0;0;1.666666667;68.66666667;0;0;0;42;0;2.666666667;0;20;23.66666667;0;1;16.33333333;2;11.33333333;1;5.666666667;19.33333333;18.66666667;0.333333333;19;14;24.33333334;0;0;0;0;0;79.66666667;0.333333333;0;2;0;0.333333333;0;0.666666667;40;7;2.333333333;2.333333333;2;0;1.666666666;10.66666667;41.66666667;1;57.66666666;2.333333333;1.999999999;0;0
OTU1592;0;0;0;0;4.666666667;0;0;0;0;0;0;1;0;3;0;0;0;3.666666667;1.666666667;4.333333333;0;2.333333333;0;1;0;0;0;0;0.666666667;0;0;0;0;1;1;0.333333333;0;0;0;1.666666667;0;0;3.666666667;1;0;0;0;2;0;0;0;0;5.666666667;0;4.666666667;0
OTU1593;0;8.666666667;3.666666667;6;8.333333333;2.333333333;0.333333333;14;0;0;0;21;6.333333333;0;9.333333333;5.666666667;2;6;4.666666667;1;7.333333333;1.333333333;4.666666667;3.333333333;5;0;12.66666667;10.33333333;12.66666667;5;9;3;5.666666667;0;6.666666667;5;2.666666667;3.333333333;3;5;9.666666667;3.666666667;4;0.333333333;15.33333333;0;7;2;3.333333333;1.666666667;1.333333333;0;1.666666667;0;2.333333333;0
OTU1594;2;25.66666667;0;2.666666667;10;83;13.66666667;4.666666667;1.666666667;27.33333333;4.666666667;5.666666667;14;37.66666667;18;11.33333333;7;25;6.666666667;10.66666667;9;11.66666666;0.333333333;6;10.66666667;22;5.666666667;6;5.666666667;11.5;3;4.666666667;6.666666667;44;11;14;13.66666667;1;4;10.33333333;22;23.66666667;14;1.666666667;9.666666667;5;7.333333333;16;18;26.33333334;8.333333333;25.33333334;4;5.333333333;16.66666667;13.66666667
OTU1595;0;0;0;0;0;0;0;0;0;0;0;0;0;0;0;0;0;0;0;0;0;1.333333333;0;0;0;0;0;0;0;0;0;0;0;0;0;0;0;0;0;0;0;0;0;0;0;0;0;0;0;0;0;1.333333333;0;0;0;0.333333333
OTU1596;8.666666667;155.6666667;9.666666667;55.66666667;28.66666666;5.333333333;22;21.66666667;14.66666667;42.66666667;32.33333333;30.66666667;26;26.66666667;22.33333333;12.66666667;35.66666666;35;8.333333333;16.33333333;20.33333333;1.333333333;14.33333333;26.33333333;68.66666667;32.66666667;27;37.33333333;10;48.5;32.66666667;26.66666667;33;23;15;22.66666667;9.666666667;47.66666667;32;23.66666667;20;44.66666667;5.666666667;18.66666667;11;10;1.666666667;13.33333333;39.66666667;7.333333333;5;27;5.333333333;15.33333333;56.66666667;30.66666667
OTU1597;5;67;23.33333334;15.33333334;25.33333333;49.33333333;37.33333333;36;8.666666667;94.00000001;27.66666667;33.33333334;18.66666667;31;26.66666667;19;19;16.33333333;9.666666667;9.333333334;16.66666667;6;17;18.33333333;24;43.66666667;28.66666666;25;6;40.5;49;78.66666666;39;19.33333333;13.66666667;6;8.333333333;48.33333333;30.66666667;3.666666667;32.66666667;19.66666667;2.666666667;36.33333333;14.33333333;3.666666667;13;8.666666667;70.33333334;58.99999999;9;39;15.33333333;20;52.66666667;18
OTU1598;0;0;0;0;0;0;0;0;0;0.333333333;0;0;0;0;0;0;0;0;0;0;0;0;0;0;0;0;0.666666667;0;0;0;0;0;0;0;0;0.666666667;0;0;0;0;0;0;0;0;0;0;0;0;0;0;0;1.333333333;0;0.333333333;0;0
OTU1599;2.333333333;18;2.666666667;0;5.333333333;19;0;0;0;21.66666667;1.666666667;5;0;17.33333333;2.666666667;5.666666667;1;9.333333333;2;7.333333333;8.333333333;3.333333333;2.333333333;11.66666667;65.66666667;11.33333333;6.333333333;0;0.333333333;0;5.333333333;0;0;9;0.666666667;11.66666667;1.666666667;3.666666667;1.666666667;1.333333333;0.666666667;21.33333333;3.666666667;8.333333333;7.333333333;12.33333333;5.333333333;7.333333333;3.333333333;12.33333333;0;6.666666667;6.666666667;15.66666667;22;29
OTU1600;0;0;0.333333333;0;0.333333333;0;0;0;0;0;0;0;0;0;0;0;0.333333333;0;0;0;0;1.333333333;0;0;0;0.333333333;0;0;0;0;0;0;0;0.333333333;0;0;0;0;0.333333333;0;0;0;0;0;0;0;0;0;0;0;0;0;0;0;0;0
OTU1601;1;27;8.666666667;0;0.666666667;0;0;0;0.666666667;0;1;2.666666667;0;0.666666667;0.666666667;0;0;2.333333333;0;0;0.333333333;0;0;0.333333333;1.333333333;0;3;0;0;0;8.666666667;0;0;0;0;0;0;4.333333334;0.333333333;2.666666666;5.333333333;3.333333333;0;0;2.666666667;0;0;0;0.333333333;0;0;0;0;0;3.666666667;0
OTU1602;0;0;0.666666667;0.666666667;0;0;0;0;0;0;0;0.333333333;0;0;0;0;3.333333334;3.666666667;0;2.666666667;1;0.333333333;0;2;3;0;0;4.333333333;2.333333333;0;0;0.666666667;0;0;0;1;0;0;0.333333333;2;0;2.333333333;0;0.333333333;0;0;0;3.333333333;3.666666667;0.666666667;0;3;2.333333333;5.666666667;7.666666666;0.666666667
OTU1603;1.333333333;0;0;0;0;12;0;0;0;11.66666667;0;0;0;6.666666667;0;0;0;3.666666667;0;0;0;0;0;0;0;2.333333333;0;0;0;0;1.333333333;57.33333333;0;5.333333333;28.33333333;1;0;38.66666667;0;0;0;2.666666667;0;0;0;0;0;0;0;0;0;0;0;0;0;0
OTU1604;6.666666667;2;25;0;18.66666667;242.3333333;0;0;0;138.6666667;0;3.333333333;1;120.6666667;10;2.333333333;41.33333333;38.33333333;40;37.33333333;4.666666667;55;6;15.66666667;4.666666667;32;4;4.333333333;3;0;13.66666667;41.66666667;0;212;28.66666666;22.33333333;39.33333333;165.6666666;3;10.33333333;1.666666667;75;41;14.33333333;32.66666667;12.33333333;42;35;4.666666667;42;84;66.66666667;16.66666666;13;22.66666667;73.33333333
OTU1605;56;2.666666666;4.666666667;0;59.66666667;164.3333333;4;7;4.333333333;111.3333333;17.66666667;30.66666667;12;190;151.6666666;24;36;148.6666667;90.66666667;63.66666667;25.66666667;83.66666666;44.66666667;46;26.33333333;153.6666667;55.33333333;47.66666667;22.66666667;0;20.66666667;69.33333333;0.666666667;271;163.6666667;125;32.66666666;32.66666667;12.33333333;125;16.66666667;219.3333334;442.6666666;179.3333333;117.6666667;193.6666667;479.6666666;234.6666667;15.66666667;122.3333333;90.66666667;68.33333333;62;181;66;86.33333334
OTU1606;1.333333333;0;0;0;1.666666667;2.666666667;0;0;0;1.333333333;0;0.666666667;0;0;0;1.666666667;0;0;5;0;0.333333333;2.666666667;0;1;0;2;2.333333333;3.666666667;0;0;0;0;0;28.33333333;0;0.666666667;1.333333333;0;0;1.333333333;1.333333333;0;2.333333333;2.666666667;8.666666667;5.333333333;6.333333333;8.666666667;0;0;4.666666667;0;0.666666667;3;5.333333333;2.666666667
OTU1607;0;0;0;0;0;0;0;0;0;0;0;0;0;0;0;0;0;0;0;0.333333333;0;0;0;0;0;40.66666667;0;0;0;0;0;0;0;0;0;0;0;0;0;0;0;0;0;0;0;2.333333333;0;3.666666667;0;0;0;9.333333333;0;9.333333333;0;0
OTU1608;0;0;0;0;0;0;0;0;0;0;0;0;0;1.666666667;0;0;0;0;0;0;0;0;0;0;0;0;0;0;0;0;0;0;0;0;0;0;0;0;0;0;0;0;0;0;0;0;0;0;0;0;0;0;0;0;0;0
OTU1609;0;0;0;0;0;0.333333333;0;0;0;0;0;0;0;0;0;0;0;0.333333333;0;0;0;0.666666667;0;0;0;0;0;0;0;0;0;0;0;4.333333333;0;0;0;0;0;0;0;0;0;0;0;0;0;0;0;0;0;0;0;0;0;0
OTU1610;0;0;0;0;0;19.33333333;0;0;0;67;0;0;0;0;0;0;0;0;0;0;0;0;0;0;1;0;0;0;0;0;0.333333333;0.666666667;0;15.33333333;0;1.666666667;0;21;0.666666667;0;0;22.33333333;5;0;0;0;4.666666667;3.666666666;0;5.666666666;0;0;0;0;0;0
OTU1611;0;0;0;0;0;0;0;0;0;0;0;0;0;9.666666667;0;0;0;0;0;0;0;0;0;0;0;0;0;0;0;0;0;0;0;0;0;0;0;0;0;0;0;0;8;0;0;0;0;0;0;0;0;0;0;0;0;0
OTU1612;4.666666667;108.6666667;16.33333333;18;21.33333334;28;28.33333333;19.33333333;21;42.66666667;14.66666667;4.666666667;10;88.33333333;24.33333333;36.33333333;37.33333333;48.66666667;37.66666667;35;14.33333333;56;26.66666667;21;26.33333333;14.33333333;12.33333333;63.66666667;20.33333333;18.5;10.33333333;3;10;18.33333333;20.66666667;36.66666666;19.66666666;3.333333333;23.33333334;30.66666667;35.66666667;87;52;6.333333333;32;1.666666667;42.33333333;24.66666667;8;78;34;14.66666667;21.66666667;15.66666667;60.33333334;9
OTU1613;0;0;2;0.666666667;0;12;0;0;0;13.33333333;0;1;0;0;5;0;0;0;0;0;0;0;0;0;5;0;0;0;0;0;0;0;0;0;0;0;2.666666667;27.66666667;1;7.333333333;0;0;0;0;0.666666667;0;2;0;1.666666667;0;0;14.33333333;0;1.333333333;0;0
OTU1614;0;0;0;0;0;8;0;0;0;4.333333333;0;0;0;2.333333333;0;0;0;0;0;0.666666667;0;1.666666667;0;0;0;2.666666667;1.333333333;0;0;0;0;0;0;13.33333333;0;0;0;0;0;0;0;0;0;0;0;0.666666667;0;0;0;0;0;0;0;4.333333333;0;1
OTU1615;11.33333333;61;54.66666667;25.66666667;13;7;29.33333333;23;37.33333333;9;32.66666667;30.66666667;32.33333333;2.666666667;5.666666667;35.33333333;17.66666667;16.66666667;19;8.666666667;37.66666667;4;14.66666667;9;45;3.333333333;14.33333333;34.33333333;30.66666667;17.5;25.66666667;3;24;2;11.33333333;17.66666667;10;3.333333333;44.66666667;16;35.66666667;20.33333333;14.33333333;15.66666667;17;0;11;4.333333333;43.66666667;0;15;16.33333333;10.66666667;1.666666667;48.33333333;3
OTU1616;7.333333333;30.66666666;15.33333333;6.333333333;16;21.33333333;54.33333333;0;38.33333334;5.666666666;7.000000001;16;16.66666666;34.66666667;1.333333334;9.666666666;20.33333333;27;22;7.666666667;9;12.66666667;12.33333333;11.33333333;23.66666666;16;12.33333333;15.66666667;8;22.5;37;35;27;18;7.333333334;15.33333333;1.333333333;45.66666667;17;2;23.33333333;5.666666667;13.66666667;5.333333333;45.33333334;15.33333333;67.33333334;10.66666667;25.33333334;4;4.333333333;21.33333334;13.66666667;17.66666667;13;12.66666667
OTU1617;173;438.6666667;465;129.6666667;322.3333334;181.3333333;294.3333333;251.3333333;290.3333333;247.3333333;338.3333333;329.6666667;184.3333333;338;257.6666666;297.3333334;388;390;196.3333333;242.6666666;209;233.3333333;274.6666667;187;478.3333333;416.3333333;331;249.3333333;243.3333333;283;660.6666666;418.6666667;488;137.6666667;226.6666667;284;128.3333333;246;362.6666667;151;566;337;247;261.3333333;601.6666667;200.6666667;241.6666667;261.3333334;397.6666667;373.3333333;190.3333333;218.6666667;279.3333333;212.6666667;485;260
OTU1618;0;0;0;0;0;23;0;0;0;1;0.666666667;0;0;0;0;0;0;0;0;0;0;0;0;0;0;0;0;0;0;0;0;0;0;2.333333333;0;0;0;0;0;0;0;1.666666666;0;0;0;0;0;0;0;0;0;0;0;0;0;0
OTU1619;0;0;0;0;0;1.666666667;0;0;0;0;0;0;0;0;0;0;0;0;0;0;0;0;0;0;0;0;0;0;0;0;0;0;0;0;0;0;0;0;0;0;0;0;0;0;0;0;0;0;0;2;0;0;0;0;0;0
OTU1620;0;0;0;0;0;11.33333333;0;0;0;0;0;0;0;1;0;0;0;0;0;0;0;0;0;0;0;0;0;0;0;0;0;0;0;0;0;0;0;0;0;0;0;0;0;0;0;0;0;0;0;0;0;0;0;0;0;0
OTU1621;0;0;0;0;0;0;0;0;0;0;0;0;0;1.666666667;0;0;0;3.666666667;0;0;2.666666667;0;0;0;0;0;0;0;0;0;0;0;0;1.666666667;0;0.333333333;0;0;0;1;0;2;2;0;2.333333333;0;0;0;0;0;0;0;0;0;0;0
OTU1622;0;20.33333333;3;2;0;3;1.666666667;5;0;0;0;1.333333333;3.333333333;2.333333333;0;3.333333334;0;6.333333334;0;0;1.333333333;0;0.333333333;0;2.666666666;2;0;0;3.333333333;0;0;0;8.333333333;0;9;0;0;19.33333333;0.333333333;0.666666667;8.333333333;3;1;0;1;0;1;0.666666667;0;3.333333333;0;0.333333333;0;0.666666667;3.666666667;0
OTU1623;0;4;3.333333333;6.333333333;2.666666667;7.333333333;2.333333333;4.333333333;0;9.333333333;6.333333333;2.666666667;1.666666667;0;2;10;2.666666667;8;5.666666667;2.666666667;1;4.333333333;5.666666667;1.666666667;7;5;0;0;7.666666667;0;3;0;6.666666667;7.333333333;2.333333334;16.66666667;0.333333333;7.333333333;1.333333333;1;2;9.333333333;1.333333333;15.33333333;5.666666667;3.333333333;9;5;2.666666667;6.666666666;2;8.333333333;3.666666666;28.33333333;14.33333333;6.333333333
OTU1624;0;0.666666667;11.33333333;0;13.33333333;14.33333334;3;8;0;7.333333333;0;20.66666667;0;8.333333333;9;1;3.666666667;1.666666667;0.333333333;0;0.333333333;3.666666667;7;0.333333333;2.333333333;3.666666666;0;3.333333333;17.33333333;5;9.333333334;5.333333333;6.333333333;33;13.66666667;3.666666667;1;3.666666667;5;3;12;37.33333334;2.666666667;47.33333334;21.33333333;1;22;4;4.333333333;23;0;0;3.333333333;3.666666667;7.333333333;4.666666667
OTU1625;51.33333334;264.6666667;139.6666667;71.66666667;74.99999999;227;87.33333333;133.6666667;107.6666667;236.6666666;81.33333332;77.66666667;63.66666667;128;131;103;75;195.3333333;50.66666667;36.66666667;27.66666667;28;57.66666666;42;99.66666666;37.33333333;44.33333333;31;20.66666667;73.5;257;230.6666667;93.66666667;164;136.6666667;83;16.66666667;328;107.3333333;128.6666667;222.3333333;202;120.6666667;70.00000001;56.33333333;34.66666666;99.33333333;54.33333333;107.6666667;91;27.33333334;74;23;57.66666666;276;41
OTU1626;44;3;7;70.33333333;38.66666667;128.6666667;0;2.333333333;3.666666667;61.33333333;22.66666667;20.33333333;25.66666667;116.3333333;45.66666667;34.33333334;32.66666667;72.33333333;72.33333333;52.33333333;8.999999999;58.66666667;37;36;39;60;30;30.66666667;8.666666667;0;6.333333333;3;6;76.99999999;64.33333333;77.33333333;53.66666667;12.33333333;8.666666667;75.33333333;38.66666666;89.33333334;97.66666666;111.6666667;37.33333334;61.33333334;69.33333334;107.6666667;13.66666667;132.6666667;35.66666667;59.66666667;15.66666667;22.66666667;130.6666666;71.66666667
OTU1627;0;0;0.333333333;0;2;0;0;2;0;0;0;0;0;5.666666666;10.66666667;0;3;10.33333333;1;0;1;3.666666667;2.666666667;0;0.666666667;4.333333333;5.333333333;2.666666667;0;0;3.333333334;9;0;3.333333333;24;1.666666667;0;9.666666667;4;0;4;0;1;3.333333333;10.33333333;2;10;3.666666667;0;0;0;0;1;7.333333333;0;2.333333333
OTU1628;0;0;0;0;1.333333333;4;0;0;0;0;0;0;0;6.333333334;1.333333333;0;0;0.333333333;0;0;5;0;2.333333333;0;0;5.666666666;2.666666667;0;0;0;3.333333333;0;0;4.333333334;0;0;0;6.333333333;0;0;0;1.666666666;0.666666667;0;0;1.666666667;7.666666666;0.333333333;0;1;0;0;0;6.333333333;0;0
OTU1629;3;20.66666667;18;5.333333333;13.66666667;7.333333334;7.333333333;10.33333333;4.333333333;10;5.666666667;13.33333334;11.33333333;7;24;7;9.333333333;12.33333333;11;8;5;9;10.33333333;3.666666667;10.33333333;5;1;10.66666667;8.333333333;11;11.33333333;15;4;16;9;20;5.666666667;8.666666667;6.666666666;14;14.33333333;8.333333333;9;6.333333333;23;21;26.66666667;15.33333333;9.666666666;3.666666667;4;4;13.66666667;9.666666667;6.666666667;7.333333333
OTU1630;0;0;0;0;0;0;0;0;0;0;0;0;0;0;0;0;0;0.666666667;0;0.666666667;0;0;0;0;1.333333333;0;0;0;0;0;0;0;0;0;0;0;0;0;0;0;0;0;0;0;0;0;0;0;0;0;0;0.333333333;0;0;0;0.666666667
OTU1631;0;0;0;0;0;5;0;0.666666667;0;1.333333333;0;0;0;0;0;0;0;0;0;0;0;0;0;0;0;0;0;0;0;0;0;0;0;1.666666667;0;0;0;0;0;0;2;2;0;0;0;0;0;0;0;0;0.333333333;1;0;0;0.333333333;0
OTU1632;0;5.333333333;0;0;0.666666667;3;0;0;0;8;0;0;0;1;0.333333333;0;0;13.33333333;0;0;0;0.666666667;0;0;0;0;0;0;0;0;0;0;0;2.333333333;0;1;0;0;0;0;0;1.333333333;1;0;0;0;0;0.333333333;0;0.666666667;0;2.333333333;0;0;3;0.333333333
OTU1633;6.666666667;4.666666666;3.666666667;0;3.666666666;10.66666667;3;0;4.333333333;0;1.333333333;1.666666667;2.666666667;0;2.333333333;1.666666667;10.33333333;3.333333333;8;2;12.66666667;14.66666667;5.333333334;3.333333333;9;1.666666667;8;10;1.333333333;9.5;0;0;0;0.666666667;1.666666667;3;1.666666666;0.333333333;5;6.666666667;3;0;1;3.333333334;5.333333333;5;2.666666667;1.666666667;1.666666666;0;5.666666666;3.333333333;2.333333333;0;7.333333333;1.333333333
OTU1634;0;0;0;0;0.666666667;6.333333333;0;0;0;0;2;0;0;3.333333333;0;0;0.666666667;4;0.666666667;0;0;1.333333333;0;0;0;0;1;5.333333333;3;0;0;0;1.333333333;3.000000001;1.333333333;0.333333333;0;0;0;2;0.333333333;2.333333333;9;0.666666667;1.666666667;7.333333333;3.333333333;1.666666667;0;0;0.666666667;3;0;0.666666667;0.666666667;1.666666667
OTU1635;0;0;0;0;0;7.333333333;0;0;0;1.666666667;0;0;0;0;0;0;1;1.666666667;0;0;0;0.333333333;0;0;0;0;0;0;0;0;0;0;0;0;0;0;1;0;0;0;0;0;0;0;0;0;0;0;0;0;0;0;0;0;0;0
OTU1636;0;1.666666667;0;3.333333333;2.666666667;0;0;1;1;0;0;1.666666667;0;0;0;1;2.333333333;1;0;1.666666667;0;0;1.333333333;0;0.666666667;0;0;0;0.333333333;0;0;0;0;0.666666667;0;0;0;0;1;2.666666667;2;0;1.333333333;0;0;0;0;0.333333333;0;0;0;6.666666667;0;0.333333333;1;1
OTU1637;0;0;0;0;0;4.666666667;0;0;0;3.666666667;0;1.333333333;0;1.666666667;0;0;0;1.666666667;0;0;0;1.333333333;0;0;0;0;0;0;0;0;0;0;0;1.333333333;0;0;0;0;0;0;0;2;0;0;0;0;0;0;0;1.333333333;0.333333333;0;0;0;0;0
OTU1638;0.666666667;6;2.666666667;0;0.333333333;1.333333333;5.666666667;0;0.333333333;0.666666667;2.333333333;2;5.333333333;0;0;1;1.666666667;0;0;0;1.333333333;0.333333333;0;0;1.666666667;0;0;0;0;0;1.333333333;0;0.333333333;0;0.333333333;2.666666667;0.666666667;0;2;0;0;0.666666667;0;0;0;0;0;0;2.333333333;0;0;0.666666667;0;0;5.666666667;1.666666667
OTU1639;0.333333333;13.66666667;3.333333333;0.666666667;0;0;3.666666667;2;0.666666667;7.333333333;1;0;0;1.333333333;0;3;0.333333333;17.33333333;0;1;0.666666667;2.666666667;0.333333333;0;0.333333333;0;0;0;0;0;0;0;0;3;1.333333333;1.333333333;0;0.666666667;0.333333333;0.333333333;1;3.666666667;5.333333333;1.333333333;0.333333333;2.666666667;1;6.666666666;2;7.333333333;3.666666667;14;2.333333333;5;19.33333334;11.66666667
OTU1640;0;0;0;0;0;0;0;0;0;0;0;0;0;0.666666667;0;0.333333333;0;1.666666667;0;0;0;0;0;0;4.666666667;0;0;0;0;0;0;0;0;0;0;0.666666667;0.666666667;0;0;0;0;0;0;1;0.333333333;0.333333333;0;0.666666667;3.333333334;0;0;2;4;0;13.66666667;0
OTU1641;0;0;0;0;0;4.666666667;0;1;0;0.333333333;0;0;0;0;0;0;0;1.666666667;0;0;0;0;0;0;0;0;0;0;0;0;0;0;0;0;0.666666667;0;0;0;0;0;0;0.666666666;0;0;0;0;0;0;0;0;0;0;0;0;0;0
OTU1642;0;0;1;0;0;0;2.666666667;0;0;0;0;1.333333333;0;0;0;0;0;0;0;0;0;0;0;0;1;0;0;0;0;0;0;0;0;1;0;0;0;0;0.333333333;0;0;0;0;0;0;0;0;0;0;0;0;0;0;0;0;3.333333333
OTU1643;0;34.33333333;2.333333333;0;0.666666667;5;0.333333333;0;0;0.666666667;0.333333333;2.666666667;0;4.333333333;0;0.666666667;0;2;1;0.333333333;3;0.666666667;2;4.333333333;1;2.333333333;11;3.666666667;0;0;1.333333333;0.666666667;3.666666667;2.333333333;0;0;0;2;0.333333333;0;0;0;0;5.333333333;1.333333333;2;0.333333333;3;2.333333333;0;3;6.333333333;1.333333333;2.666666667;9.333333333;14.33333333
OTU1644;19;27.66666667;22.66666667;17.33333333;31.33333334;69.66666666;12.33333333;15.33333333;24.66666666;97;20.33333333;29;24;41.66666667;34.33333333;25.66666667;26.33333333;35;47.33333334;60;23;43.33333333;18.66666667;27.33333334;29.66666667;32.66666667;40;25;8.666666667;39.5;33.33333333;30;17;52.33333333;11;53.66666667;15.33333333;17.66666667;12.33333333;25.66666666;22.66666666;50.33333333;15;12.66666667;20;16.33333333;5.666666667;20.66666667;19.66666667;19.33333334;29;20.33333333;15;32.66666666;18.66666667;17
OTU1645;43.66666667;6.666666667;103.3333333;32;25.33333333;0;107.6666667;185;48.33333334;1.333333333;83.33333334;31.66666667;26;0;23.33333333;34.66666666;70;10.66666667;8;3.333333333;28;4.333333333;40.66666666;5.333333333;28;0.333333333;40.66666666;29.33333333;37.66666667;0.5;25.33333333;30.33333333;100;0;21;28.33333333;25.33333334;5;91.33333333;19;92.33333333;0;5.333333334;15;24.66666667;0;23;8.666666667;184.6666667;0;7.666666667;4;28.33333334;9.333333334;51.66666667;9.333333333
OTU1646;336.6666667;167.3333333;138;214;206.6666667;28;158;183.6666667;340.6666667;136.3333333;318;144.3333333;156.3333333;53.33333333;52.33333334;120.3333333;302.3333333;101.6666667;279;323.6666667;320.6666667;202;436.3333334;394.3333334;262.6666667;559;496.3333333;294;281.3333333;129.5;83.33333334;51;238.3333333;98;115;182;261.6666666;180;162;158;193;58.33333333;105;385.6666666;109.3333333;783.6666667;118.6666667;267.3333333;291.6666667;100.6666667;886.3333333;789;315;406.3333333;175.3333333;185.3333333
OTU1647;51.33333333;4;5.666666667;24;7.333333333;0;10.66666667;20.33333334;26.66666667;23.66666667;10.66666667;23.33333333;19.33333333;0.666666667;16.33333333;5;203.6666666;8.666666667;20.33333333;13.66666667;68.66666667;17;74;54.66666667;30.33333334;26.66666667;87.66666666;70;44;74.5;21.66666667;31.66666667;80.66666667;0;39;14.33333333;2.666666667;2.333333333;4.333333333;9.666666667;48.66666667;0;8.333333334;32;26.33333333;29.33333333;24.33333333;27;45;3.333333333;33.33333333;24.66666667;21.66666666;78;8.333333333;33.66666667
OTU1648;50.66666667;26.66666667;25;53.66666666;79;64.66666667;39.66666667;65.33333333;103.6666667;270.3333334;50;107.3333333;65.66666666;72;211;15;136;200.3333333;296;279;85.66666666;56;106.3333333;307;89.66666666;308.6666667;238;205.6666667;117.3333333;313.5;33.33333333;195.3333333;89.66666667;352.6666667;143.6666667;147.3333333;191;154;35;86.66666667;50;533.6666666;63.66666667;203.6666667;46.33333334;320.3333334;16;133.3333334;62.66666666;360.3333333;70;140.6666667;50.33333333;142.6666666;19.66666667;167.6666667
OTU1649;0;0;0;0;0;1;0;0;0;0;0;0;0;0;0;0;0;0;0;0;0;0;0;0;0;0;0;0;0;0;0;0;0;0;0;0;0;0.333333333;0;0;0;0;0;0;0;0;0;0;0;0;0;0;0;0;0;0.666666667
OTU1650;0;0;0;0;0;0;0;0;0;0.666666667;0;0;0;0.333333333;0;0;0;1.333333333;0;0;0;0;0;0;0;0;0;0;0;0;0;0;0;0;0;0;0;0;0;0;0;0;0;0;0;0;0.666666667;0;0;0;0;0;0;0;0;0
OTU1651;43;36;20.66666667;32.66666666;86;54.66666666;43.00000001;43.33333333;56.66666666;20;26;107.3333333;60.33333333;87.33333333;94.66666666;36.66666667;61;64.33333333;143;75.33333333;51.33333333;95;79.66666666;36.66666667;81.66666666;54;90.99999999;57;43.33333333;45;41.66666667;41.33333333;50.66666666;82.33333333;54.33333333;91.66666666;57;4.333333333;61.66666667;44;247;51.66666666;58.33333334;16.33333333;84;188.3333334;61.66666667;61.33333333;43.66666667;103.3333333;273;53.66666667;50.33333333;58.33333334;25.66666666;52
